Copyright 1986-2022 Xilinx, Inc. All Rights Reserved. Copyright 2022-2025 Advanced Micro Devices, Inc. All Rights Reserved.
---------------------------------------------------------------------------------------------------------------------------------------------------------------------------------------------------------------------------------------------------
| Tool Version : Vivado v.2025.2 (win64) Build 6299465 Fri Nov 14 19:35:11 GMT 2025
| Date         : Thu Jul 16 15:12:23 2026
| Host         : Denanath running 64-bit major release  (build 9200)
| Command      : report_timing_summary -max_paths 10 -routable_nets -report_unconstrained -file Digital_clock_timing_summary_routed.rpt -pb Digital_clock_timing_summary_routed.pb -rpx Digital_clock_timing_summary_routed.rpx -warn_on_violation
| Design       : Digital_clock
| Device       : 7s50-csga324
| Speed File   : -1  PRODUCTION 1.23 2018-06-13
| Design State : Routed
---------------------------------------------------------------------------------------------------------------------------------------------------------------------------------------------------------------------------------------------------

Timing Summary Report

------------------------------------------------------------------------------------------------
| Timer Settings
| --------------
------------------------------------------------------------------------------------------------

  Enable Multi Corner Analysis               :  Yes
  Enable Pessimism Removal                   :  Yes
  Pessimism Removal Resolution               :  Nearest Common Node
  Enable Input Delay Default Clock           :  No
  Enable Preset / Clear Arcs                 :  No
  Disable Flight Delays                      :  No
  Ignore I/O Paths                           :  No
  Timing Early Launch at Borrowing Latches   :  No
  Borrow Time for Max Delay Exceptions       :  Yes
  Merge Timing Exceptions                    :  Yes
  Inter-SLR Compensation                     :  Conservative

  Corner  Analyze    Analyze    
  Name    Max Paths  Min Paths  
  ------  ---------  ---------  
  Slow    Yes        Yes        
  Fast    Yes        Yes        


------------------------------------------------------------------------------------------------
| Report Methodology
| ------------------
------------------------------------------------------------------------------------------------

Rule       Severity  Description                     Violations  
---------  --------  ------------------------------  ----------  
TIMING-18  Warning   Missing input or output delay   12          
TIMING-20  Warning   Non-clocked latch               5           
LATCH-1    Advisory  Existing latches in the design  1           

Note: This report is based on the most recent report_methodology run and may not be up-to-date. Run report_methodology on the current design for the latest report.



check_timing report

Table of Contents
-----------------
1. checking no_clock (15)
2. checking constant_clock (0)
3. checking pulse_width_clock (0)
4. checking unconstrained_internal_endpoints (5)
5. checking no_input_delay (4)
6. checking no_output_delay (23)
7. checking multiple_clock (0)
8. checking generated_clocks (0)
9. checking loops (0)
10. checking partial_input_delay (0)
11. checking partial_output_delay (0)
12. checking latch_loops (0)

1. checking no_clock (15)
-------------------------
 There are 5 register/latch pins with no clock driven by root clock pin: display_unit/clk_div_reg[13]/Q (HIGH)

 There are 5 register/latch pins with no clock driven by root clock pin: display_unit/clk_div_reg[14]/Q (HIGH)

 There are 5 register/latch pins with no clock driven by root clock pin: display_unit/clk_div_reg[15]/Q (HIGH)


2. checking constant_clock (0)
------------------------------
 There are 0 register/latch pins with constant_clock.


3. checking pulse_width_clock (0)
---------------------------------
 There are 0 register/latch pins which need pulse_width check


4. checking unconstrained_internal_endpoints (5)
------------------------------------------------
 There are 5 pins that are not constrained for maximum delay. (HIGH)

 There are 0 pins that are not constrained for maximum delay due to constant clock.


5. checking no_input_delay (4)
------------------------------
 There are 4 input ports with no input delay specified. (HIGH)

 There are 0 input ports with no input delay but user has a false path constraint.


6. checking no_output_delay (23)
--------------------------------
 There are 23 ports with no output delay specified. (HIGH)

 There are 0 ports with no output delay but user has a false path constraint

 There are 0 ports with no output delay but with a timing clock defined on it or propagating through it


7. checking multiple_clock (0)
------------------------------
 There are 0 register/latch pins with multiple clocks.


8. checking generated_clocks (0)
--------------------------------
 There are 0 generated clocks that are not connected to a clock source.


9. checking loops (0)
---------------------
 There are 0 combinational loops in the design.


10. checking partial_input_delay (0)
------------------------------------
 There are 0 input ports with partial input delay specified.


11. checking partial_output_delay (0)
-------------------------------------
 There are 0 ports with partial output delay specified.


12. checking latch_loops (0)
----------------------------
 There are 0 combinational latch loops in the design through latch input



------------------------------------------------------------------------------------------------
| Design Timing Summary
| ---------------------
------------------------------------------------------------------------------------------------

    WNS(ns)      TNS(ns)  TNS Failing Endpoints  TNS Total Endpoints      WHS(ns)      THS(ns)  THS Failing Endpoints  THS Total Endpoints     WPWS(ns)     TPWS(ns)  TPWS Failing Endpoints  TPWS Total Endpoints  
    -------      -------  ---------------------  -------------------      -------      -------  ---------------------  -------------------     --------     --------  ----------------------  --------------------  
      5.440        0.000                      0                  105        0.213        0.000                      0                  105        4.500        0.000                       0                    78  


All user specified timing constraints are met.


------------------------------------------------------------------------------------------------
| Clock Summary
| -------------
------------------------------------------------------------------------------------------------

Clock    Waveform(ns)       Period(ns)      Frequency(MHz)
-----    ------------       ----------      --------------
sys_clk  {0.000 5.000}      10.000          100.000         


------------------------------------------------------------------------------------------------
| Intra Clock Table
| -----------------
------------------------------------------------------------------------------------------------

Clock             WNS(ns)      TNS(ns)  TNS Failing Endpoints  TNS Total Endpoints      WHS(ns)      THS(ns)  THS Failing Endpoints  THS Total Endpoints     WPWS(ns)     TPWS(ns)  TPWS Failing Endpoints  TPWS Total Endpoints  
-----             -------      -------  ---------------------  -------------------      -------      -------  ---------------------  -------------------     --------     --------  ----------------------  --------------------  
sys_clk             5.440        0.000                      0                  105        0.213        0.000                      0                  105        4.500        0.000                       0                    78  


------------------------------------------------------------------------------------------------
| Inter Clock Table
| -----------------
------------------------------------------------------------------------------------------------

From Clock    To Clock          WNS(ns)      TNS(ns)  TNS Failing Endpoints  TNS Total Endpoints      WHS(ns)      THS(ns)  THS Failing Endpoints  THS Total Endpoints  
----------    --------          -------      -------  ---------------------  -------------------      -------      -------  ---------------------  -------------------  


------------------------------------------------------------------------------------------------
| Other Path Groups Table
| -----------------------
------------------------------------------------------------------------------------------------

Path Group    From Clock    To Clock          WNS(ns)      TNS(ns)  TNS Failing Endpoints  TNS Total Endpoints      WHS(ns)      THS(ns)  THS Failing Endpoints  THS Total Endpoints  
----------    ----------    --------          -------      -------  ---------------------  -------------------      -------      -------  ---------------------  -------------------  


------------------------------------------------------------------------------------------------
| User Ignored Path Table
| -----------------------
------------------------------------------------------------------------------------------------

Path Group    From Clock    To Clock    
----------    ----------    --------    


------------------------------------------------------------------------------------------------
| Unconstrained Path Table
| ------------------------
------------------------------------------------------------------------------------------------

Path Group    From Clock    To Clock    
----------    ----------    --------    
(none)                                    
(none)        sys_clk                     
(none)                      sys_clk       


------------------------------------------------------------------------------------------------
| Timing Details
| --------------
------------------------------------------------------------------------------------------------


---------------------------------------------------------------------------------------------------
From Clock:  sys_clk
  To Clock:  sys_clk

Setup :            0  Failing Endpoints,  Worst Slack        5.440ns,  Total Violation        0.000ns
Hold  :            0  Failing Endpoints,  Worst Slack        0.213ns,  Total Violation        0.000ns
PW    :            0  Failing Endpoints,  Worst Slack        4.500ns,  Total Violation        0.000ns
---------------------------------------------------------------------------------------------------


Max Delay Paths
--------------------------------------------------------------------------------------
Slack (MET) :             5.440ns  (required time - arrival time)
  Source:                 hr_ones_reg[1]/C
                            (rising edge-triggered cell FDCE clocked by sys_clk  {rise@0.000ns fall@5.000ns period=10.000ns})
  Destination:            hr_ones_reg[1]/D
                            (rising edge-triggered cell FDCE clocked by sys_clk  {rise@0.000ns fall@5.000ns period=10.000ns})
  Path Group:             sys_clk
  Path Type:              Setup (Max at Slow Process Corner)
  Requirement:            10.000ns  (sys_clk rise@10.000ns - sys_clk rise@0.000ns)
  Data Path Delay:        4.284ns  (logic 1.049ns (24.484%)  route 3.235ns (75.516%))
  Logic Levels:           3  (LUT4=1 LUT5=1 LUT6=1)
  Clock Path Skew:        0.000ns (DCD - SCD + CPR)
    Destination Clock Delay (DCD):    4.838ns = ( 14.838 - 10.000 ) 
    Source Clock Delay      (SCD):    5.132ns
    Clock Pessimism Removal (CPR):    0.294ns
  Clock Uncertainty:      0.035ns  ((TSJ^2 + TIJ^2)^1/2 + DJ) / 2 + PE
    Total System Jitter     (TSJ):    0.071ns
    Total Input Jitter      (TIJ):    0.000ns
    Discrete Jitter          (DJ):    0.000ns
    Phase Error              (PE):    0.000ns

    Location             Delay type                Incr(ns)  Path(ns)    Netlist Resource(s)
  -------------------------------------------------------------------    -------------------
                         (clock sys_clk rise edge)    0.000     0.000 r  
    F14                                               0.000     0.000 r  clk (IN)
                         net (fo=0)                   0.000     0.000    clk
    F14                  IBUF (Prop_ibuf_I_O)         1.458     1.458 r  clk_IBUF_inst/O
                         net (fo=1, routed)           1.972     3.430    clk_IBUF
    BUFGCTRL_X0Y16       BUFG (Prop_bufg_I_O)         0.096     3.526 r  clk_IBUF_BUFG_inst/O
                         net (fo=77, routed)          1.606     5.132    clk_IBUF_BUFG
    SLICE_X60Y72         FDCE                                         r  hr_ones_reg[1]/C
  -------------------------------------------------------------------    -------------------
    SLICE_X60Y72         FDCE (Prop_fdce_C_Q)         0.478     5.610 r  hr_ones_reg[1]/Q
                         net (fo=6, routed)           1.260     6.870    hr_ones_reg_n_0_[1]
    SLICE_X61Y72         LUT4 (Prop_lut4_I0_O)        0.295     7.165 f  hr_ones[3]_i_9/O
                         net (fo=1, routed)           0.600     7.766    hr_ones[3]_i_9_n_0
    SLICE_X62Y73         LUT6 (Prop_lut6_I5_O)        0.124     7.890 r  hr_ones[3]_i_4/O
                         net (fo=4, routed)           1.039     8.928    hr_ones[3]_i_4_n_0
    SLICE_X60Y72         LUT5 (Prop_lut5_I2_O)        0.152     9.080 r  hr_ones[1]_i_1/O
                         net (fo=1, routed)           0.336     9.416    hr_ones[1]_i_1_n_0
    SLICE_X60Y72         FDCE                                         r  hr_ones_reg[1]/D
  -------------------------------------------------------------------    -------------------

                         (clock sys_clk rise edge)   10.000    10.000 r  
    F14                                               0.000    10.000 r  clk (IN)
                         net (fo=0)                   0.000    10.000    clk
    F14                  IBUF (Prop_ibuf_I_O)         1.388    11.388 r  clk_IBUF_inst/O
                         net (fo=1, routed)           1.868    13.256    clk_IBUF
    BUFGCTRL_X0Y16       BUFG (Prop_bufg_I_O)         0.091    13.347 r  clk_IBUF_BUFG_inst/O
                         net (fo=77, routed)          1.491    14.838    clk_IBUF_BUFG
    SLICE_X60Y72         FDCE                                         r  hr_ones_reg[1]/C
                         clock pessimism              0.294    15.132    
                         clock uncertainty           -0.035    15.097    
    SLICE_X60Y72         FDCE (Setup_fdce_C_D)       -0.240    14.857    hr_ones_reg[1]
  -------------------------------------------------------------------
                         required time                         14.857    
                         arrival time                          -9.416    
  -------------------------------------------------------------------
                         slack                                  5.440    

Slack (MET) :             5.489ns  (required time - arrival time)
  Source:                 sec_ones_reg[3]/C
                            (rising edge-triggered cell FDCE clocked by sys_clk  {rise@0.000ns fall@5.000ns period=10.000ns})
  Destination:            hr_ones_reg[0]/CE
                            (rising edge-triggered cell FDCE clocked by sys_clk  {rise@0.000ns fall@5.000ns period=10.000ns})
  Path Group:             sys_clk
  Path Type:              Setup (Max at Slow Process Corner)
  Requirement:            10.000ns  (sys_clk rise@10.000ns - sys_clk rise@0.000ns)
  Data Path Delay:        4.043ns  (logic 1.451ns (35.893%)  route 2.592ns (64.107%))
  Logic Levels:           3  (LUT4=1 LUT5=2)
  Clock Path Skew:        -0.033ns (DCD - SCD + CPR)
    Destination Clock Delay (DCD):    4.838ns = ( 14.838 - 10.000 ) 
    Source Clock Delay      (SCD):    5.129ns
    Clock Pessimism Removal (CPR):    0.258ns
  Clock Uncertainty:      0.035ns  ((TSJ^2 + TIJ^2)^1/2 + DJ) / 2 + PE
    Total System Jitter     (TSJ):    0.071ns
    Total Input Jitter      (TIJ):    0.000ns
    Discrete Jitter          (DJ):    0.000ns
    Phase Error              (PE):    0.000ns

    Location             Delay type                Incr(ns)  Path(ns)    Netlist Resource(s)
  -------------------------------------------------------------------    -------------------
                         (clock sys_clk rise edge)    0.000     0.000 r  
    F14                                               0.000     0.000 r  clk (IN)
                         net (fo=0)                   0.000     0.000    clk
    F14                  IBUF (Prop_ibuf_I_O)         1.458     1.458 r  clk_IBUF_inst/O
                         net (fo=1, routed)           1.972     3.430    clk_IBUF
    BUFGCTRL_X0Y16       BUFG (Prop_bufg_I_O)         0.096     3.526 r  clk_IBUF_BUFG_inst/O
                         net (fo=77, routed)          1.603     5.129    clk_IBUF_BUFG
    SLICE_X58Y75         FDCE                                         r  sec_ones_reg[3]/C
  -------------------------------------------------------------------    -------------------
    SLICE_X58Y75         FDCE (Prop_fdce_C_Q)         0.419     5.548 r  sec_ones_reg[3]/Q
                         net (fo=5, routed)           0.727     6.275    sec_ones_reg_n_0_[3]
    SLICE_X58Y75         LUT4 (Prop_lut4_I0_O)        0.324     6.599 f  sec_tens[2]_i_2/O
                         net (fo=6, routed)           0.634     7.233    sec_tens[2]_i_2_n_0
    SLICE_X59Y74         LUT5 (Prop_lut5_I0_O)        0.355     7.588 f  min_ones[3]_i_3/O
                         net (fo=10, routed)          0.698     8.286    min_ones[3]_i_3_n_0
    SLICE_X60Y73         LUT5 (Prop_lut5_I4_O)        0.353     8.639 r  hr_ones[3]_i_1/O
                         net (fo=4, routed)           0.533     9.172    hr_ones[3]_i_1_n_0
    SLICE_X60Y72         FDCE                                         r  hr_ones_reg[0]/CE
  -------------------------------------------------------------------    -------------------

                         (clock sys_clk rise edge)   10.000    10.000 r  
    F14                                               0.000    10.000 r  clk (IN)
                         net (fo=0)                   0.000    10.000    clk
    F14                  IBUF (Prop_ibuf_I_O)         1.388    11.388 r  clk_IBUF_inst/O
                         net (fo=1, routed)           1.868    13.256    clk_IBUF
    BUFGCTRL_X0Y16       BUFG (Prop_bufg_I_O)         0.091    13.347 r  clk_IBUF_BUFG_inst/O
                         net (fo=77, routed)          1.491    14.838    clk_IBUF_BUFG
    SLICE_X60Y72         FDCE                                         r  hr_ones_reg[0]/C
                         clock pessimism              0.258    15.096    
                         clock uncertainty           -0.035    15.061    
    SLICE_X60Y72         FDCE (Setup_fdce_C_CE)      -0.400    14.661    hr_ones_reg[0]
  -------------------------------------------------------------------
                         required time                         14.661    
                         arrival time                          -9.172    
  -------------------------------------------------------------------
                         slack                                  5.489    

Slack (MET) :             5.489ns  (required time - arrival time)
  Source:                 sec_ones_reg[3]/C
                            (rising edge-triggered cell FDCE clocked by sys_clk  {rise@0.000ns fall@5.000ns period=10.000ns})
  Destination:            hr_ones_reg[1]/CE
                            (rising edge-triggered cell FDCE clocked by sys_clk  {rise@0.000ns fall@5.000ns period=10.000ns})
  Path Group:             sys_clk
  Path Type:              Setup (Max at Slow Process Corner)
  Requirement:            10.000ns  (sys_clk rise@10.000ns - sys_clk rise@0.000ns)
  Data Path Delay:        4.043ns  (logic 1.451ns (35.893%)  route 2.592ns (64.107%))
  Logic Levels:           3  (LUT4=1 LUT5=2)
  Clock Path Skew:        -0.033ns (DCD - SCD + CPR)
    Destination Clock Delay (DCD):    4.838ns = ( 14.838 - 10.000 ) 
    Source Clock Delay      (SCD):    5.129ns
    Clock Pessimism Removal (CPR):    0.258ns
  Clock Uncertainty:      0.035ns  ((TSJ^2 + TIJ^2)^1/2 + DJ) / 2 + PE
    Total System Jitter     (TSJ):    0.071ns
    Total Input Jitter      (TIJ):    0.000ns
    Discrete Jitter          (DJ):    0.000ns
    Phase Error              (PE):    0.000ns

    Location             Delay type                Incr(ns)  Path(ns)    Netlist Resource(s)
  -------------------------------------------------------------------    -------------------
                         (clock sys_clk rise edge)    0.000     0.000 r  
    F14                                               0.000     0.000 r  clk (IN)
                         net (fo=0)                   0.000     0.000    clk
    F14                  IBUF (Prop_ibuf_I_O)         1.458     1.458 r  clk_IBUF_inst/O
                         net (fo=1, routed)           1.972     3.430    clk_IBUF
    BUFGCTRL_X0Y16       BUFG (Prop_bufg_I_O)         0.096     3.526 r  clk_IBUF_BUFG_inst/O
                         net (fo=77, routed)          1.603     5.129    clk_IBUF_BUFG
    SLICE_X58Y75         FDCE                                         r  sec_ones_reg[3]/C
  -------------------------------------------------------------------    -------------------
    SLICE_X58Y75         FDCE (Prop_fdce_C_Q)         0.419     5.548 r  sec_ones_reg[3]/Q
                         net (fo=5, routed)           0.727     6.275    sec_ones_reg_n_0_[3]
    SLICE_X58Y75         LUT4 (Prop_lut4_I0_O)        0.324     6.599 f  sec_tens[2]_i_2/O
                         net (fo=6, routed)           0.634     7.233    sec_tens[2]_i_2_n_0
    SLICE_X59Y74         LUT5 (Prop_lut5_I0_O)        0.355     7.588 f  min_ones[3]_i_3/O
                         net (fo=10, routed)          0.698     8.286    min_ones[3]_i_3_n_0
    SLICE_X60Y73         LUT5 (Prop_lut5_I4_O)        0.353     8.639 r  hr_ones[3]_i_1/O
                         net (fo=4, routed)           0.533     9.172    hr_ones[3]_i_1_n_0
    SLICE_X60Y72         FDCE                                         r  hr_ones_reg[1]/CE
  -------------------------------------------------------------------    -------------------

                         (clock sys_clk rise edge)   10.000    10.000 r  
    F14                                               0.000    10.000 r  clk (IN)
                         net (fo=0)                   0.000    10.000    clk
    F14                  IBUF (Prop_ibuf_I_O)         1.388    11.388 r  clk_IBUF_inst/O
                         net (fo=1, routed)           1.868    13.256    clk_IBUF
    BUFGCTRL_X0Y16       BUFG (Prop_bufg_I_O)         0.091    13.347 r  clk_IBUF_BUFG_inst/O
                         net (fo=77, routed)          1.491    14.838    clk_IBUF_BUFG
    SLICE_X60Y72         FDCE                                         r  hr_ones_reg[1]/C
                         clock pessimism              0.258    15.096    
                         clock uncertainty           -0.035    15.061    
    SLICE_X60Y72         FDCE (Setup_fdce_C_CE)      -0.400    14.661    hr_ones_reg[1]
  -------------------------------------------------------------------
                         required time                         14.661    
                         arrival time                          -9.172    
  -------------------------------------------------------------------
                         slack                                  5.489    

Slack (MET) :             5.489ns  (required time - arrival time)
  Source:                 sec_ones_reg[3]/C
                            (rising edge-triggered cell FDCE clocked by sys_clk  {rise@0.000ns fall@5.000ns period=10.000ns})
  Destination:            hr_ones_reg[2]/CE
                            (rising edge-triggered cell FDCE clocked by sys_clk  {rise@0.000ns fall@5.000ns period=10.000ns})
  Path Group:             sys_clk
  Path Type:              Setup (Max at Slow Process Corner)
  Requirement:            10.000ns  (sys_clk rise@10.000ns - sys_clk rise@0.000ns)
  Data Path Delay:        4.043ns  (logic 1.451ns (35.893%)  route 2.592ns (64.107%))
  Logic Levels:           3  (LUT4=1 LUT5=2)
  Clock Path Skew:        -0.033ns (DCD - SCD + CPR)
    Destination Clock Delay (DCD):    4.838ns = ( 14.838 - 10.000 ) 
    Source Clock Delay      (SCD):    5.129ns
    Clock Pessimism Removal (CPR):    0.258ns
  Clock Uncertainty:      0.035ns  ((TSJ^2 + TIJ^2)^1/2 + DJ) / 2 + PE
    Total System Jitter     (TSJ):    0.071ns
    Total Input Jitter      (TIJ):    0.000ns
    Discrete Jitter          (DJ):    0.000ns
    Phase Error              (PE):    0.000ns

    Location             Delay type                Incr(ns)  Path(ns)    Netlist Resource(s)
  -------------------------------------------------------------------    -------------------
                         (clock sys_clk rise edge)    0.000     0.000 r  
    F14                                               0.000     0.000 r  clk (IN)
                         net (fo=0)                   0.000     0.000    clk
    F14                  IBUF (Prop_ibuf_I_O)         1.458     1.458 r  clk_IBUF_inst/O
                         net (fo=1, routed)           1.972     3.430    clk_IBUF
    BUFGCTRL_X0Y16       BUFG (Prop_bufg_I_O)         0.096     3.526 r  clk_IBUF_BUFG_inst/O
                         net (fo=77, routed)          1.603     5.129    clk_IBUF_BUFG
    SLICE_X58Y75         FDCE                                         r  sec_ones_reg[3]/C
  -------------------------------------------------------------------    -------------------
    SLICE_X58Y75         FDCE (Prop_fdce_C_Q)         0.419     5.548 r  sec_ones_reg[3]/Q
                         net (fo=5, routed)           0.727     6.275    sec_ones_reg_n_0_[3]
    SLICE_X58Y75         LUT4 (Prop_lut4_I0_O)        0.324     6.599 f  sec_tens[2]_i_2/O
                         net (fo=6, routed)           0.634     7.233    sec_tens[2]_i_2_n_0
    SLICE_X59Y74         LUT5 (Prop_lut5_I0_O)        0.355     7.588 f  min_ones[3]_i_3/O
                         net (fo=10, routed)          0.698     8.286    min_ones[3]_i_3_n_0
    SLICE_X60Y73         LUT5 (Prop_lut5_I4_O)        0.353     8.639 r  hr_ones[3]_i_1/O
                         net (fo=4, routed)           0.533     9.172    hr_ones[3]_i_1_n_0
    SLICE_X60Y72         FDCE                                         r  hr_ones_reg[2]/CE
  -------------------------------------------------------------------    -------------------

                         (clock sys_clk rise edge)   10.000    10.000 r  
    F14                                               0.000    10.000 r  clk (IN)
                         net (fo=0)                   0.000    10.000    clk
    F14                  IBUF (Prop_ibuf_I_O)         1.388    11.388 r  clk_IBUF_inst/O
                         net (fo=1, routed)           1.868    13.256    clk_IBUF
    BUFGCTRL_X0Y16       BUFG (Prop_bufg_I_O)         0.091    13.347 r  clk_IBUF_BUFG_inst/O
                         net (fo=77, routed)          1.491    14.838    clk_IBUF_BUFG
    SLICE_X60Y72         FDCE                                         r  hr_ones_reg[2]/C
                         clock pessimism              0.258    15.096    
                         clock uncertainty           -0.035    15.061    
    SLICE_X60Y72         FDCE (Setup_fdce_C_CE)      -0.400    14.661    hr_ones_reg[2]
  -------------------------------------------------------------------
                         required time                         14.661    
                         arrival time                          -9.172    
  -------------------------------------------------------------------
                         slack                                  5.489    

Slack (MET) :             5.489ns  (required time - arrival time)
  Source:                 sec_ones_reg[3]/C
                            (rising edge-triggered cell FDCE clocked by sys_clk  {rise@0.000ns fall@5.000ns period=10.000ns})
  Destination:            hr_ones_reg[3]/CE
                            (rising edge-triggered cell FDCE clocked by sys_clk  {rise@0.000ns fall@5.000ns period=10.000ns})
  Path Group:             sys_clk
  Path Type:              Setup (Max at Slow Process Corner)
  Requirement:            10.000ns  (sys_clk rise@10.000ns - sys_clk rise@0.000ns)
  Data Path Delay:        4.043ns  (logic 1.451ns (35.893%)  route 2.592ns (64.107%))
  Logic Levels:           3  (LUT4=1 LUT5=2)
  Clock Path Skew:        -0.033ns (DCD - SCD + CPR)
    Destination Clock Delay (DCD):    4.838ns = ( 14.838 - 10.000 ) 
    Source Clock Delay      (SCD):    5.129ns
    Clock Pessimism Removal (CPR):    0.258ns
  Clock Uncertainty:      0.035ns  ((TSJ^2 + TIJ^2)^1/2 + DJ) / 2 + PE
    Total System Jitter     (TSJ):    0.071ns
    Total Input Jitter      (TIJ):    0.000ns
    Discrete Jitter          (DJ):    0.000ns
    Phase Error              (PE):    0.000ns

    Location             Delay type                Incr(ns)  Path(ns)    Netlist Resource(s)
  -------------------------------------------------------------------    -------------------
                         (clock sys_clk rise edge)    0.000     0.000 r  
    F14                                               0.000     0.000 r  clk (IN)
                         net (fo=0)                   0.000     0.000    clk
    F14                  IBUF (Prop_ibuf_I_O)         1.458     1.458 r  clk_IBUF_inst/O
                         net (fo=1, routed)           1.972     3.430    clk_IBUF
    BUFGCTRL_X0Y16       BUFG (Prop_bufg_I_O)         0.096     3.526 r  clk_IBUF_BUFG_inst/O
                         net (fo=77, routed)          1.603     5.129    clk_IBUF_BUFG
    SLICE_X58Y75         FDCE                                         r  sec_ones_reg[3]/C
  -------------------------------------------------------------------    -------------------
    SLICE_X58Y75         FDCE (Prop_fdce_C_Q)         0.419     5.548 r  sec_ones_reg[3]/Q
                         net (fo=5, routed)           0.727     6.275    sec_ones_reg_n_0_[3]
    SLICE_X58Y75         LUT4 (Prop_lut4_I0_O)        0.324     6.599 f  sec_tens[2]_i_2/O
                         net (fo=6, routed)           0.634     7.233    sec_tens[2]_i_2_n_0
    SLICE_X59Y74         LUT5 (Prop_lut5_I0_O)        0.355     7.588 f  min_ones[3]_i_3/O
                         net (fo=10, routed)          0.698     8.286    min_ones[3]_i_3_n_0
    SLICE_X60Y73         LUT5 (Prop_lut5_I4_O)        0.353     8.639 r  hr_ones[3]_i_1/O
                         net (fo=4, routed)           0.533     9.172    hr_ones[3]_i_1_n_0
    SLICE_X60Y72         FDCE                                         r  hr_ones_reg[3]/CE
  -------------------------------------------------------------------    -------------------

                         (clock sys_clk rise edge)   10.000    10.000 r  
    F14                                               0.000    10.000 r  clk (IN)
                         net (fo=0)                   0.000    10.000    clk
    F14                  IBUF (Prop_ibuf_I_O)         1.388    11.388 r  clk_IBUF_inst/O
                         net (fo=1, routed)           1.868    13.256    clk_IBUF
    BUFGCTRL_X0Y16       BUFG (Prop_bufg_I_O)         0.091    13.347 r  clk_IBUF_BUFG_inst/O
                         net (fo=77, routed)          1.491    14.838    clk_IBUF_BUFG
    SLICE_X60Y72         FDCE                                         r  hr_ones_reg[3]/C
                         clock pessimism              0.258    15.096    
                         clock uncertainty           -0.035    15.061    
    SLICE_X60Y72         FDCE (Setup_fdce_C_CE)      -0.400    14.661    hr_ones_reg[3]
  -------------------------------------------------------------------
                         required time                         14.661    
                         arrival time                          -9.172    
  -------------------------------------------------------------------
                         slack                                  5.489    

Slack (MET) :             5.535ns  (required time - arrival time)
  Source:                 hr_ones_reg[1]/C
                            (rising edge-triggered cell FDCE clocked by sys_clk  {rise@0.000ns fall@5.000ns period=10.000ns})
  Destination:            hr_tens_reg[1]/CE
                            (rising edge-triggered cell FDCE clocked by sys_clk  {rise@0.000ns fall@5.000ns period=10.000ns})
  Path Group:             sys_clk
  Path Type:              Setup (Max at Slow Process Corner)
  Requirement:            10.000ns  (sys_clk rise@10.000ns - sys_clk rise@0.000ns)
  Data Path Delay:        4.188ns  (logic 1.021ns (24.377%)  route 3.167ns (75.623%))
  Logic Levels:           3  (LUT4=1 LUT5=1 LUT6=1)
  Clock Path Skew:        -0.036ns (DCD - SCD + CPR)
    Destination Clock Delay (DCD):    4.838ns = ( 14.838 - 10.000 ) 
    Source Clock Delay      (SCD):    5.132ns
    Clock Pessimism Removal (CPR):    0.258ns
  Clock Uncertainty:      0.035ns  ((TSJ^2 + TIJ^2)^1/2 + DJ) / 2 + PE
    Total System Jitter     (TSJ):    0.071ns
    Total Input Jitter      (TIJ):    0.000ns
    Discrete Jitter          (DJ):    0.000ns
    Phase Error              (PE):    0.000ns

    Location             Delay type                Incr(ns)  Path(ns)    Netlist Resource(s)
  -------------------------------------------------------------------    -------------------
                         (clock sys_clk rise edge)    0.000     0.000 r  
    F14                                               0.000     0.000 r  clk (IN)
                         net (fo=0)                   0.000     0.000    clk
    F14                  IBUF (Prop_ibuf_I_O)         1.458     1.458 r  clk_IBUF_inst/O
                         net (fo=1, routed)           1.972     3.430    clk_IBUF
    BUFGCTRL_X0Y16       BUFG (Prop_bufg_I_O)         0.096     3.526 r  clk_IBUF_BUFG_inst/O
                         net (fo=77, routed)          1.606     5.132    clk_IBUF_BUFG
    SLICE_X60Y72         FDCE                                         r  hr_ones_reg[1]/C
  -------------------------------------------------------------------    -------------------
    SLICE_X60Y72         FDCE (Prop_fdce_C_Q)         0.478     5.610 f  hr_ones_reg[1]/Q
                         net (fo=6, routed)           1.260     6.870    hr_ones_reg_n_0_[1]
    SLICE_X61Y72         LUT4 (Prop_lut4_I0_O)        0.295     7.165 r  hr_ones[3]_i_9/O
                         net (fo=1, routed)           0.600     7.766    hr_ones[3]_i_9_n_0
    SLICE_X62Y73         LUT6 (Prop_lut6_I5_O)        0.124     7.890 f  hr_ones[3]_i_4/O
                         net (fo=4, routed)           0.669     8.558    hr_ones[3]_i_4_n_0
    SLICE_X63Y73         LUT5 (Prop_lut5_I0_O)        0.124     8.682 r  hr_tens[3]_i_1/O
                         net (fo=4, routed)           0.638     9.320    hr_tens[0]
    SLICE_X63Y73         FDCE                                         r  hr_tens_reg[1]/CE
  -------------------------------------------------------------------    -------------------

                         (clock sys_clk rise edge)   10.000    10.000 r  
    F14                                               0.000    10.000 r  clk (IN)
                         net (fo=0)                   0.000    10.000    clk
    F14                  IBUF (Prop_ibuf_I_O)         1.388    11.388 r  clk_IBUF_inst/O
                         net (fo=1, routed)           1.868    13.256    clk_IBUF
    BUFGCTRL_X0Y16       BUFG (Prop_bufg_I_O)         0.091    13.347 r  clk_IBUF_BUFG_inst/O
                         net (fo=77, routed)          1.491    14.838    clk_IBUF_BUFG
    SLICE_X63Y73         FDCE                                         r  hr_tens_reg[1]/C
                         clock pessimism              0.258    15.096    
                         clock uncertainty           -0.035    15.061    
    SLICE_X63Y73         FDCE (Setup_fdce_C_CE)      -0.205    14.856    hr_tens_reg[1]
  -------------------------------------------------------------------
                         required time                         14.856    
                         arrival time                          -9.320    
  -------------------------------------------------------------------
                         slack                                  5.535    

Slack (MET) :             5.636ns  (required time - arrival time)
  Source:                 sec_ones_reg[3]/C
                            (rising edge-triggered cell FDCE clocked by sys_clk  {rise@0.000ns fall@5.000ns period=10.000ns})
  Destination:            min_ones_reg[0]/CE
                            (rising edge-triggered cell FDCE clocked by sys_clk  {rise@0.000ns fall@5.000ns period=10.000ns})
  Path Group:             sys_clk
  Path Type:              Setup (Max at Slow Process Corner)
  Requirement:            10.000ns  (sys_clk rise@10.000ns - sys_clk rise@0.000ns)
  Data Path Delay:        4.089ns  (logic 1.425ns (34.847%)  route 2.664ns (65.153%))
  Logic Levels:           3  (LUT3=1 LUT4=1 LUT5=1)
  Clock Path Skew:        -0.034ns (DCD - SCD + CPR)
    Destination Clock Delay (DCD):    4.837ns = ( 14.837 - 10.000 ) 
    Source Clock Delay      (SCD):    5.129ns
    Clock Pessimism Removal (CPR):    0.258ns
  Clock Uncertainty:      0.035ns  ((TSJ^2 + TIJ^2)^1/2 + DJ) / 2 + PE
    Total System Jitter     (TSJ):    0.071ns
    Total Input Jitter      (TIJ):    0.000ns
    Discrete Jitter          (DJ):    0.000ns
    Phase Error              (PE):    0.000ns

    Location             Delay type                Incr(ns)  Path(ns)    Netlist Resource(s)
  -------------------------------------------------------------------    -------------------
                         (clock sys_clk rise edge)    0.000     0.000 r  
    F14                                               0.000     0.000 r  clk (IN)
                         net (fo=0)                   0.000     0.000    clk
    F14                  IBUF (Prop_ibuf_I_O)         1.458     1.458 r  clk_IBUF_inst/O
                         net (fo=1, routed)           1.972     3.430    clk_IBUF
    BUFGCTRL_X0Y16       BUFG (Prop_bufg_I_O)         0.096     3.526 r  clk_IBUF_BUFG_inst/O
                         net (fo=77, routed)          1.603     5.129    clk_IBUF_BUFG
    SLICE_X58Y75         FDCE                                         r  sec_ones_reg[3]/C
  -------------------------------------------------------------------    -------------------
    SLICE_X58Y75         FDCE (Prop_fdce_C_Q)         0.419     5.548 r  sec_ones_reg[3]/Q
                         net (fo=5, routed)           0.727     6.275    sec_ones_reg_n_0_[3]
    SLICE_X58Y75         LUT4 (Prop_lut4_I0_O)        0.324     6.599 f  sec_tens[2]_i_2/O
                         net (fo=6, routed)           0.634     7.233    sec_tens[2]_i_2_n_0
    SLICE_X59Y74         LUT5 (Prop_lut5_I0_O)        0.355     7.588 f  min_ones[3]_i_3/O
                         net (fo=10, routed)          0.698     8.286    min_ones[3]_i_3_n_0
    SLICE_X60Y73         LUT3 (Prop_lut3_I2_O)        0.327     8.613 r  min_ones[3]_i_1/O
                         net (fo=4, routed)           0.606     9.218    min_ones[3]_i_1_n_0
    SLICE_X58Y73         FDCE                                         r  min_ones_reg[0]/CE
  -------------------------------------------------------------------    -------------------

                         (clock sys_clk rise edge)   10.000    10.000 r  
    F14                                               0.000    10.000 r  clk (IN)
                         net (fo=0)                   0.000    10.000    clk
    F14                  IBUF (Prop_ibuf_I_O)         1.388    11.388 r  clk_IBUF_inst/O
                         net (fo=1, routed)           1.868    13.256    clk_IBUF
    BUFGCTRL_X0Y16       BUFG (Prop_bufg_I_O)         0.091    13.347 r  clk_IBUF_BUFG_inst/O
                         net (fo=77, routed)          1.490    14.837    clk_IBUF_BUFG
    SLICE_X58Y73         FDCE                                         r  min_ones_reg[0]/C
                         clock pessimism              0.258    15.095    
                         clock uncertainty           -0.035    15.060    
    SLICE_X58Y73         FDCE (Setup_fdce_C_CE)      -0.205    14.855    min_ones_reg[0]
  -------------------------------------------------------------------
                         required time                         14.855    
                         arrival time                          -9.218    
  -------------------------------------------------------------------
                         slack                                  5.636    

Slack (MET) :             5.636ns  (required time - arrival time)
  Source:                 sec_ones_reg[3]/C
                            (rising edge-triggered cell FDCE clocked by sys_clk  {rise@0.000ns fall@5.000ns period=10.000ns})
  Destination:            min_ones_reg[1]/CE
                            (rising edge-triggered cell FDCE clocked by sys_clk  {rise@0.000ns fall@5.000ns period=10.000ns})
  Path Group:             sys_clk
  Path Type:              Setup (Max at Slow Process Corner)
  Requirement:            10.000ns  (sys_clk rise@10.000ns - sys_clk rise@0.000ns)
  Data Path Delay:        4.089ns  (logic 1.425ns (34.847%)  route 2.664ns (65.153%))
  Logic Levels:           3  (LUT3=1 LUT4=1 LUT5=1)
  Clock Path Skew:        -0.034ns (DCD - SCD + CPR)
    Destination Clock Delay (DCD):    4.837ns = ( 14.837 - 10.000 ) 
    Source Clock Delay      (SCD):    5.129ns
    Clock Pessimism Removal (CPR):    0.258ns
  Clock Uncertainty:      0.035ns  ((TSJ^2 + TIJ^2)^1/2 + DJ) / 2 + PE
    Total System Jitter     (TSJ):    0.071ns
    Total Input Jitter      (TIJ):    0.000ns
    Discrete Jitter          (DJ):    0.000ns
    Phase Error              (PE):    0.000ns

    Location             Delay type                Incr(ns)  Path(ns)    Netlist Resource(s)
  -------------------------------------------------------------------    -------------------
                         (clock sys_clk rise edge)    0.000     0.000 r  
    F14                                               0.000     0.000 r  clk (IN)
                         net (fo=0)                   0.000     0.000    clk
    F14                  IBUF (Prop_ibuf_I_O)         1.458     1.458 r  clk_IBUF_inst/O
                         net (fo=1, routed)           1.972     3.430    clk_IBUF
    BUFGCTRL_X0Y16       BUFG (Prop_bufg_I_O)         0.096     3.526 r  clk_IBUF_BUFG_inst/O
                         net (fo=77, routed)          1.603     5.129    clk_IBUF_BUFG
    SLICE_X58Y75         FDCE                                         r  sec_ones_reg[3]/C
  -------------------------------------------------------------------    -------------------
    SLICE_X58Y75         FDCE (Prop_fdce_C_Q)         0.419     5.548 r  sec_ones_reg[3]/Q
                         net (fo=5, routed)           0.727     6.275    sec_ones_reg_n_0_[3]
    SLICE_X58Y75         LUT4 (Prop_lut4_I0_O)        0.324     6.599 f  sec_tens[2]_i_2/O
                         net (fo=6, routed)           0.634     7.233    sec_tens[2]_i_2_n_0
    SLICE_X59Y74         LUT5 (Prop_lut5_I0_O)        0.355     7.588 f  min_ones[3]_i_3/O
                         net (fo=10, routed)          0.698     8.286    min_ones[3]_i_3_n_0
    SLICE_X60Y73         LUT3 (Prop_lut3_I2_O)        0.327     8.613 r  min_ones[3]_i_1/O
                         net (fo=4, routed)           0.606     9.218    min_ones[3]_i_1_n_0
    SLICE_X58Y73         FDCE                                         r  min_ones_reg[1]/CE
  -------------------------------------------------------------------    -------------------

                         (clock sys_clk rise edge)   10.000    10.000 r  
    F14                                               0.000    10.000 r  clk (IN)
                         net (fo=0)                   0.000    10.000    clk
    F14                  IBUF (Prop_ibuf_I_O)         1.388    11.388 r  clk_IBUF_inst/O
                         net (fo=1, routed)           1.868    13.256    clk_IBUF
    BUFGCTRL_X0Y16       BUFG (Prop_bufg_I_O)         0.091    13.347 r  clk_IBUF_BUFG_inst/O
                         net (fo=77, routed)          1.490    14.837    clk_IBUF_BUFG
    SLICE_X58Y73         FDCE                                         r  min_ones_reg[1]/C
                         clock pessimism              0.258    15.095    
                         clock uncertainty           -0.035    15.060    
    SLICE_X58Y73         FDCE (Setup_fdce_C_CE)      -0.205    14.855    min_ones_reg[1]
  -------------------------------------------------------------------
                         required time                         14.855    
                         arrival time                          -9.218    
  -------------------------------------------------------------------
                         slack                                  5.636    

Slack (MET) :             5.636ns  (required time - arrival time)
  Source:                 sec_ones_reg[3]/C
                            (rising edge-triggered cell FDCE clocked by sys_clk  {rise@0.000ns fall@5.000ns period=10.000ns})
  Destination:            min_ones_reg[2]/CE
                            (rising edge-triggered cell FDCE clocked by sys_clk  {rise@0.000ns fall@5.000ns period=10.000ns})
  Path Group:             sys_clk
  Path Type:              Setup (Max at Slow Process Corner)
  Requirement:            10.000ns  (sys_clk rise@10.000ns - sys_clk rise@0.000ns)
  Data Path Delay:        4.089ns  (logic 1.425ns (34.847%)  route 2.664ns (65.153%))
  Logic Levels:           3  (LUT3=1 LUT4=1 LUT5=1)
  Clock Path Skew:        -0.034ns (DCD - SCD + CPR)
    Destination Clock Delay (DCD):    4.837ns = ( 14.837 - 10.000 ) 
    Source Clock Delay      (SCD):    5.129ns
    Clock Pessimism Removal (CPR):    0.258ns
  Clock Uncertainty:      0.035ns  ((TSJ^2 + TIJ^2)^1/2 + DJ) / 2 + PE
    Total System Jitter     (TSJ):    0.071ns
    Total Input Jitter      (TIJ):    0.000ns
    Discrete Jitter          (DJ):    0.000ns
    Phase Error              (PE):    0.000ns

    Location             Delay type                Incr(ns)  Path(ns)    Netlist Resource(s)
  -------------------------------------------------------------------    -------------------
                         (clock sys_clk rise edge)    0.000     0.000 r  
    F14                                               0.000     0.000 r  clk (IN)
                         net (fo=0)                   0.000     0.000    clk
    F14                  IBUF (Prop_ibuf_I_O)         1.458     1.458 r  clk_IBUF_inst/O
                         net (fo=1, routed)           1.972     3.430    clk_IBUF
    BUFGCTRL_X0Y16       BUFG (Prop_bufg_I_O)         0.096     3.526 r  clk_IBUF_BUFG_inst/O
                         net (fo=77, routed)          1.603     5.129    clk_IBUF_BUFG
    SLICE_X58Y75         FDCE                                         r  sec_ones_reg[3]/C
  -------------------------------------------------------------------    -------------------
    SLICE_X58Y75         FDCE (Prop_fdce_C_Q)         0.419     5.548 r  sec_ones_reg[3]/Q
                         net (fo=5, routed)           0.727     6.275    sec_ones_reg_n_0_[3]
    SLICE_X58Y75         LUT4 (Prop_lut4_I0_O)        0.324     6.599 f  sec_tens[2]_i_2/O
                         net (fo=6, routed)           0.634     7.233    sec_tens[2]_i_2_n_0
    SLICE_X59Y74         LUT5 (Prop_lut5_I0_O)        0.355     7.588 f  min_ones[3]_i_3/O
                         net (fo=10, routed)          0.698     8.286    min_ones[3]_i_3_n_0
    SLICE_X60Y73         LUT3 (Prop_lut3_I2_O)        0.327     8.613 r  min_ones[3]_i_1/O
                         net (fo=4, routed)           0.606     9.218    min_ones[3]_i_1_n_0
    SLICE_X58Y73         FDCE                                         r  min_ones_reg[2]/CE
  -------------------------------------------------------------------    -------------------

                         (clock sys_clk rise edge)   10.000    10.000 r  
    F14                                               0.000    10.000 r  clk (IN)
                         net (fo=0)                   0.000    10.000    clk
    F14                  IBUF (Prop_ibuf_I_O)         1.388    11.388 r  clk_IBUF_inst/O
                         net (fo=1, routed)           1.868    13.256    clk_IBUF
    BUFGCTRL_X0Y16       BUFG (Prop_bufg_I_O)         0.091    13.347 r  clk_IBUF_BUFG_inst/O
                         net (fo=77, routed)          1.490    14.837    clk_IBUF_BUFG
    SLICE_X58Y73         FDCE                                         r  min_ones_reg[2]/C
                         clock pessimism              0.258    15.095    
                         clock uncertainty           -0.035    15.060    
    SLICE_X58Y73         FDCE (Setup_fdce_C_CE)      -0.205    14.855    min_ones_reg[2]
  -------------------------------------------------------------------
                         required time                         14.855    
                         arrival time                          -9.218    
  -------------------------------------------------------------------
                         slack                                  5.636    

Slack (MET) :             5.636ns  (required time - arrival time)
  Source:                 sec_ones_reg[3]/C
                            (rising edge-triggered cell FDCE clocked by sys_clk  {rise@0.000ns fall@5.000ns period=10.000ns})
  Destination:            min_ones_reg[3]/CE
                            (rising edge-triggered cell FDCE clocked by sys_clk  {rise@0.000ns fall@5.000ns period=10.000ns})
  Path Group:             sys_clk
  Path Type:              Setup (Max at Slow Process Corner)
  Requirement:            10.000ns  (sys_clk rise@10.000ns - sys_clk rise@0.000ns)
  Data Path Delay:        4.089ns  (logic 1.425ns (34.847%)  route 2.664ns (65.153%))
  Logic Levels:           3  (LUT3=1 LUT4=1 LUT5=1)
  Clock Path Skew:        -0.034ns (DCD - SCD + CPR)
    Destination Clock Delay (DCD):    4.837ns = ( 14.837 - 10.000 ) 
    Source Clock Delay      (SCD):    5.129ns
    Clock Pessimism Removal (CPR):    0.258ns
  Clock Uncertainty:      0.035ns  ((TSJ^2 + TIJ^2)^1/2 + DJ) / 2 + PE
    Total System Jitter     (TSJ):    0.071ns
    Total Input Jitter      (TIJ):    0.000ns
    Discrete Jitter          (DJ):    0.000ns
    Phase Error              (PE):    0.000ns

    Location             Delay type                Incr(ns)  Path(ns)    Netlist Resource(s)
  -------------------------------------------------------------------    -------------------
                         (clock sys_clk rise edge)    0.000     0.000 r  
    F14                                               0.000     0.000 r  clk (IN)
                         net (fo=0)                   0.000     0.000    clk
    F14                  IBUF (Prop_ibuf_I_O)         1.458     1.458 r  clk_IBUF_inst/O
                         net (fo=1, routed)           1.972     3.430    clk_IBUF
    BUFGCTRL_X0Y16       BUFG (Prop_bufg_I_O)         0.096     3.526 r  clk_IBUF_BUFG_inst/O
                         net (fo=77, routed)          1.603     5.129    clk_IBUF_BUFG
    SLICE_X58Y75         FDCE                                         r  sec_ones_reg[3]/C
  -------------------------------------------------------------------    -------------------
    SLICE_X58Y75         FDCE (Prop_fdce_C_Q)         0.419     5.548 r  sec_ones_reg[3]/Q
                         net (fo=5, routed)           0.727     6.275    sec_ones_reg_n_0_[3]
    SLICE_X58Y75         LUT4 (Prop_lut4_I0_O)        0.324     6.599 f  sec_tens[2]_i_2/O
                         net (fo=6, routed)           0.634     7.233    sec_tens[2]_i_2_n_0
    SLICE_X59Y74         LUT5 (Prop_lut5_I0_O)        0.355     7.588 f  min_ones[3]_i_3/O
                         net (fo=10, routed)          0.698     8.286    min_ones[3]_i_3_n_0
    SLICE_X60Y73         LUT3 (Prop_lut3_I2_O)        0.327     8.613 r  min_ones[3]_i_1/O
                         net (fo=4, routed)           0.606     9.218    min_ones[3]_i_1_n_0
    SLICE_X58Y73         FDCE                                         r  min_ones_reg[3]/CE
  -------------------------------------------------------------------    -------------------

                         (clock sys_clk rise edge)   10.000    10.000 r  
    F14                                               0.000    10.000 r  clk (IN)
                         net (fo=0)                   0.000    10.000    clk
    F14                  IBUF (Prop_ibuf_I_O)         1.388    11.388 r  clk_IBUF_inst/O
                         net (fo=1, routed)           1.868    13.256    clk_IBUF
    BUFGCTRL_X0Y16       BUFG (Prop_bufg_I_O)         0.091    13.347 r  clk_IBUF_BUFG_inst/O
                         net (fo=77, routed)          1.490    14.837    clk_IBUF_BUFG
    SLICE_X58Y73         FDCE                                         r  min_ones_reg[3]/C
                         clock pessimism              0.258    15.095    
                         clock uncertainty           -0.035    15.060    
    SLICE_X58Y73         FDCE (Setup_fdce_C_CE)      -0.205    14.855    min_ones_reg[3]
  -------------------------------------------------------------------
                         required time                         14.855    
                         arrival time                          -9.218    
  -------------------------------------------------------------------
                         slack                                  5.636    





Min Delay Paths
--------------------------------------------------------------------------------------
Slack (MET) :             0.213ns  (arrival time - required time)
  Source:                 sec_ones_reg[0]/C
                            (rising edge-triggered cell FDCE clocked by sys_clk  {rise@0.000ns fall@5.000ns period=10.000ns})
  Destination:            sec_ones_reg[3]/D
                            (rising edge-triggered cell FDCE clocked by sys_clk  {rise@0.000ns fall@5.000ns period=10.000ns})
  Path Group:             sys_clk
  Path Type:              Hold (Min at Fast Process Corner)
  Requirement:            0.000ns  (sys_clk rise@0.000ns - sys_clk rise@0.000ns)
  Data Path Delay:        0.333ns  (logic 0.190ns (57.003%)  route 0.143ns (42.997%))
  Logic Levels:           1  (LUT4=1)
  Clock Path Skew:        0.013ns (DCD - SCD - CPR)
    Destination Clock Delay (DCD):    1.975ns
    Source Clock Delay      (SCD):    1.463ns
    Clock Pessimism Removal (CPR):    0.499ns

    Location             Delay type                Incr(ns)  Path(ns)    Netlist Resource(s)
  -------------------------------------------------------------------    -------------------
                         (clock sys_clk rise edge)    0.000     0.000 r  
    F14                                               0.000     0.000 r  clk (IN)
                         net (fo=0)                   0.000     0.000    clk
    F14                  IBUF (Prop_ibuf_I_O)         0.226     0.226 r  clk_IBUF_inst/O
                         net (fo=1, routed)           0.634     0.861    clk_IBUF
    BUFGCTRL_X0Y16       BUFG (Prop_bufg_I_O)         0.026     0.887 r  clk_IBUF_BUFG_inst/O
                         net (fo=77, routed)          0.577     1.463    clk_IBUF_BUFG
    SLICE_X59Y75         FDCE                                         r  sec_ones_reg[0]/C
  -------------------------------------------------------------------    -------------------
    SLICE_X59Y75         FDCE (Prop_fdce_C_Q)         0.141     1.604 r  sec_ones_reg[0]/Q
                         net (fo=7, routed)           0.143     1.748    sec_ones_reg_n_0_[0]
    SLICE_X58Y75         LUT4 (Prop_lut4_I1_O)        0.049     1.797 r  sec_ones[3]_i_1/O
                         net (fo=1, routed)           0.000     1.797    sec_ones[3]_i_1_n_0
    SLICE_X58Y75         FDCE                                         r  sec_ones_reg[3]/D
  -------------------------------------------------------------------    -------------------

                         (clock sys_clk rise edge)    0.000     0.000 r  
    F14                                               0.000     0.000 r  clk (IN)
                         net (fo=0)                   0.000     0.000    clk
    F14                  IBUF (Prop_ibuf_I_O)         0.414     0.414 r  clk_IBUF_inst/O
                         net (fo=1, routed)           0.689     1.103    clk_IBUF
    BUFGCTRL_X0Y16       BUFG (Prop_bufg_I_O)         0.029     1.132 r  clk_IBUF_BUFG_inst/O
                         net (fo=77, routed)          0.844     1.975    clk_IBUF_BUFG
    SLICE_X58Y75         FDCE                                         r  sec_ones_reg[3]/C
                         clock pessimism             -0.499     1.476    
    SLICE_X58Y75         FDCE (Hold_fdce_C_D)         0.107     1.583    sec_ones_reg[3]
  -------------------------------------------------------------------
                         required time                         -1.583    
                         arrival time                           1.797    
  -------------------------------------------------------------------
                         slack                                  0.213    

Slack (MET) :             0.214ns  (arrival time - required time)
  Source:                 hr_tens_reg[1]/C
                            (rising edge-triggered cell FDCE clocked by sys_clk  {rise@0.000ns fall@5.000ns period=10.000ns})
  Destination:            hr_tens_reg[3]/D
                            (rising edge-triggered cell FDCE clocked by sys_clk  {rise@0.000ns fall@5.000ns period=10.000ns})
  Path Group:             sys_clk
  Path Type:              Hold (Min at Fast Process Corner)
  Requirement:            0.000ns  (sys_clk rise@0.000ns - sys_clk rise@0.000ns)
  Data Path Delay:        0.353ns  (logic 0.189ns (53.471%)  route 0.164ns (46.529%))
  Logic Levels:           1  (LUT4=1)
  Clock Path Skew:        0.034ns (DCD - SCD - CPR)
    Destination Clock Delay (DCD):    1.978ns
    Source Clock Delay      (SCD):    1.465ns
    Clock Pessimism Removal (CPR):    0.479ns

    Location             Delay type                Incr(ns)  Path(ns)    Netlist Resource(s)
  -------------------------------------------------------------------    -------------------
                         (clock sys_clk rise edge)    0.000     0.000 r  
    F14                                               0.000     0.000 r  clk (IN)
                         net (fo=0)                   0.000     0.000    clk
    F14                  IBUF (Prop_ibuf_I_O)         0.226     0.226 r  clk_IBUF_inst/O
                         net (fo=1, routed)           0.634     0.861    clk_IBUF
    BUFGCTRL_X0Y16       BUFG (Prop_bufg_I_O)         0.026     0.887 r  clk_IBUF_BUFG_inst/O
                         net (fo=77, routed)          0.579     1.465    clk_IBUF_BUFG
    SLICE_X63Y73         FDCE                                         r  hr_tens_reg[1]/C
  -------------------------------------------------------------------    -------------------
    SLICE_X63Y73         FDCE (Prop_fdce_C_Q)         0.141     1.606 r  hr_tens_reg[1]/Q
                         net (fo=6, routed)           0.164     1.771    hr_tens_reg_n_0_[1]
    SLICE_X61Y72         LUT4 (Prop_lut4_I1_O)        0.048     1.819 r  hr_tens[3]_i_2/O
                         net (fo=1, routed)           0.000     1.819    hr_tens[3]_i_2_n_0
    SLICE_X61Y72         FDCE                                         r  hr_tens_reg[3]/D
  -------------------------------------------------------------------    -------------------

                         (clock sys_clk rise edge)    0.000     0.000 r  
    F14                                               0.000     0.000 r  clk (IN)
                         net (fo=0)                   0.000     0.000    clk
    F14                  IBUF (Prop_ibuf_I_O)         0.414     0.414 r  clk_IBUF_inst/O
                         net (fo=1, routed)           0.689     1.103    clk_IBUF
    BUFGCTRL_X0Y16       BUFG (Prop_bufg_I_O)         0.029     1.132 r  clk_IBUF_BUFG_inst/O
                         net (fo=77, routed)          0.847     1.978    clk_IBUF_BUFG
    SLICE_X61Y72         FDCE                                         r  hr_tens_reg[3]/C
                         clock pessimism             -0.479     1.499    
    SLICE_X61Y72         FDCE (Hold_fdce_C_D)         0.105     1.604    hr_tens_reg[3]
  -------------------------------------------------------------------
                         required time                         -1.604    
                         arrival time                           1.819    
  -------------------------------------------------------------------
                         slack                                  0.214    

Slack (MET) :             0.218ns  (arrival time - required time)
  Source:                 min_tens_reg[1]/C
                            (rising edge-triggered cell FDCE clocked by sys_clk  {rise@0.000ns fall@5.000ns period=10.000ns})
  Destination:            min_tens_reg[2]/D
                            (rising edge-triggered cell FDCE clocked by sys_clk  {rise@0.000ns fall@5.000ns period=10.000ns})
  Path Group:             sys_clk
  Path Type:              Hold (Min at Fast Process Corner)
  Requirement:            0.000ns  (sys_clk rise@0.000ns - sys_clk rise@0.000ns)
  Data Path Delay:        0.310ns  (logic 0.227ns (73.136%)  route 0.083ns (26.864%))
  Logic Levels:           1  (LUT6=1)
  Clock Path Skew:        0.000ns (DCD - SCD - CPR)
    Destination Clock Delay (DCD):    1.978ns
    Source Clock Delay      (SCD):    1.466ns
    Clock Pessimism Removal (CPR):    0.512ns

    Location             Delay type                Incr(ns)  Path(ns)    Netlist Resource(s)
  -------------------------------------------------------------------    -------------------
                         (clock sys_clk rise edge)    0.000     0.000 r  
    F14                                               0.000     0.000 r  clk (IN)
                         net (fo=0)                   0.000     0.000    clk
    F14                  IBUF (Prop_ibuf_I_O)         0.226     0.226 r  clk_IBUF_inst/O
                         net (fo=1, routed)           0.634     0.861    clk_IBUF
    BUFGCTRL_X0Y16       BUFG (Prop_bufg_I_O)         0.026     0.887 r  clk_IBUF_BUFG_inst/O
                         net (fo=77, routed)          0.580     1.466    clk_IBUF_BUFG
    SLICE_X59Y72         FDCE                                         r  min_tens_reg[1]/C
  -------------------------------------------------------------------    -------------------
    SLICE_X59Y72         FDCE (Prop_fdce_C_Q)         0.128     1.594 r  min_tens_reg[1]/Q
                         net (fo=6, routed)           0.083     1.678    min_tens_reg_n_0_[1]
    SLICE_X59Y72         LUT6 (Prop_lut6_I0_O)        0.099     1.777 r  min_tens[2]_i_1/O
                         net (fo=1, routed)           0.000     1.777    min_tens[2]_i_1_n_0
    SLICE_X59Y72         FDCE                                         r  min_tens_reg[2]/D
  -------------------------------------------------------------------    -------------------

                         (clock sys_clk rise edge)    0.000     0.000 r  
    F14                                               0.000     0.000 r  clk (IN)
                         net (fo=0)                   0.000     0.000    clk
    F14                  IBUF (Prop_ibuf_I_O)         0.414     0.414 r  clk_IBUF_inst/O
                         net (fo=1, routed)           0.689     1.103    clk_IBUF
    BUFGCTRL_X0Y16       BUFG (Prop_bufg_I_O)         0.029     1.132 r  clk_IBUF_BUFG_inst/O
                         net (fo=77, routed)          0.847     1.978    clk_IBUF_BUFG
    SLICE_X59Y72         FDCE                                         r  min_tens_reg[2]/C
                         clock pessimism             -0.512     1.466    
    SLICE_X59Y72         FDCE (Hold_fdce_C_D)         0.092     1.558    min_tens_reg[2]
  -------------------------------------------------------------------
                         required time                         -1.558    
                         arrival time                           1.777    
  -------------------------------------------------------------------
                         slack                                  0.218    

Slack (MET) :             0.224ns  (arrival time - required time)
  Source:                 sec_ones_reg[0]/C
                            (rising edge-triggered cell FDCE clocked by sys_clk  {rise@0.000ns fall@5.000ns period=10.000ns})
  Destination:            sec_ones_reg[1]/D
                            (rising edge-triggered cell FDCE clocked by sys_clk  {rise@0.000ns fall@5.000ns period=10.000ns})
  Path Group:             sys_clk
  Path Type:              Hold (Min at Fast Process Corner)
  Requirement:            0.000ns  (sys_clk rise@0.000ns - sys_clk rise@0.000ns)
  Data Path Delay:        0.328ns  (logic 0.186ns (56.653%)  route 0.142ns (43.347%))
  Logic Levels:           1  (LUT4=1)
  Clock Path Skew:        0.013ns (DCD - SCD - CPR)
    Destination Clock Delay (DCD):    1.975ns
    Source Clock Delay      (SCD):    1.463ns
    Clock Pessimism Removal (CPR):    0.499ns

    Location             Delay type                Incr(ns)  Path(ns)    Netlist Resource(s)
  -------------------------------------------------------------------    -------------------
                         (clock sys_clk rise edge)    0.000     0.000 r  
    F14                                               0.000     0.000 r  clk (IN)
                         net (fo=0)                   0.000     0.000    clk
    F14                  IBUF (Prop_ibuf_I_O)         0.226     0.226 r  clk_IBUF_inst/O
                         net (fo=1, routed)           0.634     0.861    clk_IBUF
    BUFGCTRL_X0Y16       BUFG (Prop_bufg_I_O)         0.026     0.887 r  clk_IBUF_BUFG_inst/O
                         net (fo=77, routed)          0.577     1.463    clk_IBUF_BUFG
    SLICE_X59Y75         FDCE                                         r  sec_ones_reg[0]/C
  -------------------------------------------------------------------    -------------------
    SLICE_X59Y75         FDCE (Prop_fdce_C_Q)         0.141     1.604 r  sec_ones_reg[0]/Q
                         net (fo=7, routed)           0.142     1.747    sec_ones_reg_n_0_[0]
    SLICE_X58Y75         LUT4 (Prop_lut4_I3_O)        0.045     1.792 r  sec_ones[1]_i_1/O
                         net (fo=1, routed)           0.000     1.792    sec_ones[1]_i_1_n_0
    SLICE_X58Y75         FDCE                                         r  sec_ones_reg[1]/D
  -------------------------------------------------------------------    -------------------

                         (clock sys_clk rise edge)    0.000     0.000 r  
    F14                                               0.000     0.000 r  clk (IN)
                         net (fo=0)                   0.000     0.000    clk
    F14                  IBUF (Prop_ibuf_I_O)         0.414     0.414 r  clk_IBUF_inst/O
                         net (fo=1, routed)           0.689     1.103    clk_IBUF
    BUFGCTRL_X0Y16       BUFG (Prop_bufg_I_O)         0.029     1.132 r  clk_IBUF_BUFG_inst/O
                         net (fo=77, routed)          0.844     1.975    clk_IBUF_BUFG
    SLICE_X58Y75         FDCE                                         r  sec_ones_reg[1]/C
                         clock pessimism             -0.499     1.476    
    SLICE_X58Y75         FDCE (Hold_fdce_C_D)         0.091     1.567    sec_ones_reg[1]
  -------------------------------------------------------------------
                         required time                         -1.567    
                         arrival time                           1.792    
  -------------------------------------------------------------------
                         slack                                  0.224    

Slack (MET) :             0.224ns  (arrival time - required time)
  Source:                 sec_ones_reg[0]/C
                            (rising edge-triggered cell FDCE clocked by sys_clk  {rise@0.000ns fall@5.000ns period=10.000ns})
  Destination:            sec_ones_reg[2]/D
                            (rising edge-triggered cell FDCE clocked by sys_clk  {rise@0.000ns fall@5.000ns period=10.000ns})
  Path Group:             sys_clk
  Path Type:              Hold (Min at Fast Process Corner)
  Requirement:            0.000ns  (sys_clk rise@0.000ns - sys_clk rise@0.000ns)
  Data Path Delay:        0.329ns  (logic 0.186ns (56.481%)  route 0.143ns (43.519%))
  Logic Levels:           1  (LUT3=1)
  Clock Path Skew:        0.013ns (DCD - SCD - CPR)
    Destination Clock Delay (DCD):    1.975ns
    Source Clock Delay      (SCD):    1.463ns
    Clock Pessimism Removal (CPR):    0.499ns

    Location             Delay type                Incr(ns)  Path(ns)    Netlist Resource(s)
  -------------------------------------------------------------------    -------------------
                         (clock sys_clk rise edge)    0.000     0.000 r  
    F14                                               0.000     0.000 r  clk (IN)
                         net (fo=0)                   0.000     0.000    clk
    F14                  IBUF (Prop_ibuf_I_O)         0.226     0.226 r  clk_IBUF_inst/O
                         net (fo=1, routed)           0.634     0.861    clk_IBUF
    BUFGCTRL_X0Y16       BUFG (Prop_bufg_I_O)         0.026     0.887 r  clk_IBUF_BUFG_inst/O
                         net (fo=77, routed)          0.577     1.463    clk_IBUF_BUFG
    SLICE_X59Y75         FDCE                                         r  sec_ones_reg[0]/C
  -------------------------------------------------------------------    -------------------
    SLICE_X59Y75         FDCE (Prop_fdce_C_Q)         0.141     1.604 r  sec_ones_reg[0]/Q
                         net (fo=7, routed)           0.143     1.748    sec_ones_reg_n_0_[0]
    SLICE_X58Y75         LUT3 (Prop_lut3_I1_O)        0.045     1.793 r  sec_ones[2]_i_1/O
                         net (fo=1, routed)           0.000     1.793    sec_ones[2]_i_1_n_0
    SLICE_X58Y75         FDCE                                         r  sec_ones_reg[2]/D
  -------------------------------------------------------------------    -------------------

                         (clock sys_clk rise edge)    0.000     0.000 r  
    F14                                               0.000     0.000 r  clk (IN)
                         net (fo=0)                   0.000     0.000    clk
    F14                  IBUF (Prop_ibuf_I_O)         0.414     0.414 r  clk_IBUF_inst/O
                         net (fo=1, routed)           0.689     1.103    clk_IBUF
    BUFGCTRL_X0Y16       BUFG (Prop_bufg_I_O)         0.029     1.132 r  clk_IBUF_BUFG_inst/O
                         net (fo=77, routed)          0.844     1.975    clk_IBUF_BUFG
    SLICE_X58Y75         FDCE                                         r  sec_ones_reg[2]/C
                         clock pessimism             -0.499     1.476    
    SLICE_X58Y75         FDCE (Hold_fdce_C_D)         0.092     1.568    sec_ones_reg[2]
  -------------------------------------------------------------------
                         required time                         -1.568    
                         arrival time                           1.793    
  -------------------------------------------------------------------
                         slack                                  0.224    

Slack (MET) :             0.252ns  (arrival time - required time)
  Source:                 display_unit/clk_div_reg[11]/C
                            (rising edge-triggered cell FDCE clocked by sys_clk  {rise@0.000ns fall@5.000ns period=10.000ns})
  Destination:            display_unit/clk_div_reg[11]/D
                            (rising edge-triggered cell FDCE clocked by sys_clk  {rise@0.000ns fall@5.000ns period=10.000ns})
  Path Group:             sys_clk
  Path Type:              Hold (Min at Fast Process Corner)
  Requirement:            0.000ns  (sys_clk rise@0.000ns - sys_clk rise@0.000ns)
  Data Path Delay:        0.357ns  (logic 0.249ns (69.714%)  route 0.108ns (30.286%))
  Logic Levels:           1  (CARRY4=1)
  Clock Path Skew:        0.000ns (DCD - SCD - CPR)
    Destination Clock Delay (DCD):    1.978ns
    Source Clock Delay      (SCD):    1.465ns
    Clock Pessimism Removal (CPR):    0.513ns

    Location             Delay type                Incr(ns)  Path(ns)    Netlist Resource(s)
  -------------------------------------------------------------------    -------------------
                         (clock sys_clk rise edge)    0.000     0.000 r  
    F14                                               0.000     0.000 r  clk (IN)
                         net (fo=0)                   0.000     0.000    clk
    F14                  IBUF (Prop_ibuf_I_O)         0.226     0.226 r  clk_IBUF_inst/O
                         net (fo=1, routed)           0.634     0.861    clk_IBUF
    BUFGCTRL_X0Y16       BUFG (Prop_bufg_I_O)         0.026     0.887 r  clk_IBUF_BUFG_inst/O
                         net (fo=77, routed)          0.579     1.465    display_unit/CLK
    SLICE_X63Y76         FDCE                                         r  display_unit/clk_div_reg[11]/C
  -------------------------------------------------------------------    -------------------
    SLICE_X63Y76         FDCE (Prop_fdce_C_Q)         0.141     1.606 r  display_unit/clk_div_reg[11]/Q
                         net (fo=1, routed)           0.108     1.714    display_unit/clk_div_reg_n_0_[11]
    SLICE_X63Y76         CARRY4 (Prop_carry4_S[3]_O[3])
                                                      0.108     1.822 r  display_unit/clk_div_reg[8]_i_1/O[3]
                         net (fo=1, routed)           0.000     1.822    display_unit/clk_div_reg[8]_i_1_n_4
    SLICE_X63Y76         FDCE                                         r  display_unit/clk_div_reg[11]/D
  -------------------------------------------------------------------    -------------------

                         (clock sys_clk rise edge)    0.000     0.000 r  
    F14                                               0.000     0.000 r  clk (IN)
                         net (fo=0)                   0.000     0.000    clk
    F14                  IBUF (Prop_ibuf_I_O)         0.414     0.414 r  clk_IBUF_inst/O
                         net (fo=1, routed)           0.689     1.103    clk_IBUF
    BUFGCTRL_X0Y16       BUFG (Prop_bufg_I_O)         0.029     1.132 r  clk_IBUF_BUFG_inst/O
                         net (fo=77, routed)          0.846     1.978    display_unit/CLK
    SLICE_X63Y76         FDCE                                         r  display_unit/clk_div_reg[11]/C
                         clock pessimism             -0.513     1.465    
    SLICE_X63Y76         FDCE (Hold_fdce_C_D)         0.105     1.570    display_unit/clk_div_reg[11]
  -------------------------------------------------------------------
                         required time                         -1.570    
                         arrival time                           1.822    
  -------------------------------------------------------------------
                         slack                                  0.252    

Slack (MET) :             0.252ns  (arrival time - required time)
  Source:                 display_unit/clk_div_reg[3]/C
                            (rising edge-triggered cell FDCE clocked by sys_clk  {rise@0.000ns fall@5.000ns period=10.000ns})
  Destination:            display_unit/clk_div_reg[3]/D
                            (rising edge-triggered cell FDCE clocked by sys_clk  {rise@0.000ns fall@5.000ns period=10.000ns})
  Path Group:             sys_clk
  Path Type:              Hold (Min at Fast Process Corner)
  Requirement:            0.000ns  (sys_clk rise@0.000ns - sys_clk rise@0.000ns)
  Data Path Delay:        0.357ns  (logic 0.249ns (69.714%)  route 0.108ns (30.286%))
  Logic Levels:           1  (CARRY4=1)
  Clock Path Skew:        0.000ns (DCD - SCD - CPR)
    Destination Clock Delay (DCD):    1.977ns
    Source Clock Delay      (SCD):    1.464ns
    Clock Pessimism Removal (CPR):    0.513ns

    Location             Delay type                Incr(ns)  Path(ns)    Netlist Resource(s)
  -------------------------------------------------------------------    -------------------
                         (clock sys_clk rise edge)    0.000     0.000 r  
    F14                                               0.000     0.000 r  clk (IN)
                         net (fo=0)                   0.000     0.000    clk
    F14                  IBUF (Prop_ibuf_I_O)         0.226     0.226 r  clk_IBUF_inst/O
                         net (fo=1, routed)           0.634     0.861    clk_IBUF
    BUFGCTRL_X0Y16       BUFG (Prop_bufg_I_O)         0.026     0.887 r  clk_IBUF_BUFG_inst/O
                         net (fo=77, routed)          0.578     1.464    display_unit/CLK
    SLICE_X63Y74         FDCE                                         r  display_unit/clk_div_reg[3]/C
  -------------------------------------------------------------------    -------------------
    SLICE_X63Y74         FDCE (Prop_fdce_C_Q)         0.141     1.605 r  display_unit/clk_div_reg[3]/Q
                         net (fo=1, routed)           0.108     1.713    display_unit/clk_div_reg_n_0_[3]
    SLICE_X63Y74         CARRY4 (Prop_carry4_S[3]_O[3])
                                                      0.108     1.821 r  display_unit/clk_div_reg[0]_i_1/O[3]
                         net (fo=1, routed)           0.000     1.821    display_unit/clk_div_reg[0]_i_1_n_4
    SLICE_X63Y74         FDCE                                         r  display_unit/clk_div_reg[3]/D
  -------------------------------------------------------------------    -------------------

                         (clock sys_clk rise edge)    0.000     0.000 r  
    F14                                               0.000     0.000 r  clk (IN)
                         net (fo=0)                   0.000     0.000    clk
    F14                  IBUF (Prop_ibuf_I_O)         0.414     0.414 r  clk_IBUF_inst/O
                         net (fo=1, routed)           0.689     1.103    clk_IBUF
    BUFGCTRL_X0Y16       BUFG (Prop_bufg_I_O)         0.029     1.132 r  clk_IBUF_BUFG_inst/O
                         net (fo=77, routed)          0.845     1.977    display_unit/CLK
    SLICE_X63Y74         FDCE                                         r  display_unit/clk_div_reg[3]/C
                         clock pessimism             -0.513     1.464    
    SLICE_X63Y74         FDCE (Hold_fdce_C_D)         0.105     1.569    display_unit/clk_div_reg[3]
  -------------------------------------------------------------------
                         required time                         -1.569    
                         arrival time                           1.821    
  -------------------------------------------------------------------
                         slack                                  0.252    

Slack (MET) :             0.252ns  (arrival time - required time)
  Source:                 display_unit/clk_div_reg[7]/C
                            (rising edge-triggered cell FDCE clocked by sys_clk  {rise@0.000ns fall@5.000ns period=10.000ns})
  Destination:            display_unit/clk_div_reg[7]/D
                            (rising edge-triggered cell FDCE clocked by sys_clk  {rise@0.000ns fall@5.000ns period=10.000ns})
  Path Group:             sys_clk
  Path Type:              Hold (Min at Fast Process Corner)
  Requirement:            0.000ns  (sys_clk rise@0.000ns - sys_clk rise@0.000ns)
  Data Path Delay:        0.357ns  (logic 0.249ns (69.714%)  route 0.108ns (30.286%))
  Logic Levels:           1  (CARRY4=1)
  Clock Path Skew:        0.000ns (DCD - SCD - CPR)
    Destination Clock Delay (DCD):    1.977ns
    Source Clock Delay      (SCD):    1.464ns
    Clock Pessimism Removal (CPR):    0.513ns

    Location             Delay type                Incr(ns)  Path(ns)    Netlist Resource(s)
  -------------------------------------------------------------------    -------------------
                         (clock sys_clk rise edge)    0.000     0.000 r  
    F14                                               0.000     0.000 r  clk (IN)
                         net (fo=0)                   0.000     0.000    clk
    F14                  IBUF (Prop_ibuf_I_O)         0.226     0.226 r  clk_IBUF_inst/O
                         net (fo=1, routed)           0.634     0.861    clk_IBUF
    BUFGCTRL_X0Y16       BUFG (Prop_bufg_I_O)         0.026     0.887 r  clk_IBUF_BUFG_inst/O
                         net (fo=77, routed)          0.578     1.464    display_unit/CLK
    SLICE_X63Y75         FDCE                                         r  display_unit/clk_div_reg[7]/C
  -------------------------------------------------------------------    -------------------
    SLICE_X63Y75         FDCE (Prop_fdce_C_Q)         0.141     1.605 r  display_unit/clk_div_reg[7]/Q
                         net (fo=1, routed)           0.108     1.713    display_unit/clk_div_reg_n_0_[7]
    SLICE_X63Y75         CARRY4 (Prop_carry4_S[3]_O[3])
                                                      0.108     1.821 r  display_unit/clk_div_reg[4]_i_1/O[3]
                         net (fo=1, routed)           0.000     1.821    display_unit/clk_div_reg[4]_i_1_n_4
    SLICE_X63Y75         FDCE                                         r  display_unit/clk_div_reg[7]/D
  -------------------------------------------------------------------    -------------------

                         (clock sys_clk rise edge)    0.000     0.000 r  
    F14                                               0.000     0.000 r  clk (IN)
                         net (fo=0)                   0.000     0.000    clk
    F14                  IBUF (Prop_ibuf_I_O)         0.414     0.414 r  clk_IBUF_inst/O
                         net (fo=1, routed)           0.689     1.103    clk_IBUF
    BUFGCTRL_X0Y16       BUFG (Prop_bufg_I_O)         0.029     1.132 r  clk_IBUF_BUFG_inst/O
                         net (fo=77, routed)          0.845     1.977    display_unit/CLK
    SLICE_X63Y75         FDCE                                         r  display_unit/clk_div_reg[7]/C
                         clock pessimism             -0.513     1.464    
    SLICE_X63Y75         FDCE (Hold_fdce_C_D)         0.105     1.569    display_unit/clk_div_reg[7]
  -------------------------------------------------------------------
                         required time                         -1.569    
                         arrival time                           1.821    
  -------------------------------------------------------------------
                         slack                                  0.252    

Slack (MET) :             0.256ns  (arrival time - required time)
  Source:                 display_unit/clk_div_reg[8]/C
                            (rising edge-triggered cell FDCE clocked by sys_clk  {rise@0.000ns fall@5.000ns period=10.000ns})
  Destination:            display_unit/clk_div_reg[8]/D
                            (rising edge-triggered cell FDCE clocked by sys_clk  {rise@0.000ns fall@5.000ns period=10.000ns})
  Path Group:             sys_clk
  Path Type:              Hold (Min at Fast Process Corner)
  Requirement:            0.000ns  (sys_clk rise@0.000ns - sys_clk rise@0.000ns)
  Data Path Delay:        0.361ns  (logic 0.256ns (70.880%)  route 0.105ns (29.120%))
  Logic Levels:           1  (CARRY4=1)
  Clock Path Skew:        0.000ns (DCD - SCD - CPR)
    Destination Clock Delay (DCD):    1.978ns
    Source Clock Delay      (SCD):    1.465ns
    Clock Pessimism Removal (CPR):    0.513ns

    Location             Delay type                Incr(ns)  Path(ns)    Netlist Resource(s)
  -------------------------------------------------------------------    -------------------
                         (clock sys_clk rise edge)    0.000     0.000 r  
    F14                                               0.000     0.000 r  clk (IN)
                         net (fo=0)                   0.000     0.000    clk
    F14                  IBUF (Prop_ibuf_I_O)         0.226     0.226 r  clk_IBUF_inst/O
                         net (fo=1, routed)           0.634     0.861    clk_IBUF
    BUFGCTRL_X0Y16       BUFG (Prop_bufg_I_O)         0.026     0.887 r  clk_IBUF_BUFG_inst/O
                         net (fo=77, routed)          0.579     1.465    display_unit/CLK
    SLICE_X63Y76         FDCE                                         r  display_unit/clk_div_reg[8]/C
  -------------------------------------------------------------------    -------------------
    SLICE_X63Y76         FDCE (Prop_fdce_C_Q)         0.141     1.606 r  display_unit/clk_div_reg[8]/Q
                         net (fo=1, routed)           0.105     1.711    display_unit/clk_div_reg_n_0_[8]
    SLICE_X63Y76         CARRY4 (Prop_carry4_S[0]_O[0])
                                                      0.115     1.826 r  display_unit/clk_div_reg[8]_i_1/O[0]
                         net (fo=1, routed)           0.000     1.826    display_unit/clk_div_reg[8]_i_1_n_7
    SLICE_X63Y76         FDCE                                         r  display_unit/clk_div_reg[8]/D
  -------------------------------------------------------------------    -------------------

                         (clock sys_clk rise edge)    0.000     0.000 r  
    F14                                               0.000     0.000 r  clk (IN)
                         net (fo=0)                   0.000     0.000    clk
    F14                  IBUF (Prop_ibuf_I_O)         0.414     0.414 r  clk_IBUF_inst/O
                         net (fo=1, routed)           0.689     1.103    clk_IBUF
    BUFGCTRL_X0Y16       BUFG (Prop_bufg_I_O)         0.029     1.132 r  clk_IBUF_BUFG_inst/O
                         net (fo=77, routed)          0.846     1.978    display_unit/CLK
    SLICE_X63Y76         FDCE                                         r  display_unit/clk_div_reg[8]/C
                         clock pessimism             -0.513     1.465    
    SLICE_X63Y76         FDCE (Hold_fdce_C_D)         0.105     1.570    display_unit/clk_div_reg[8]
  -------------------------------------------------------------------
                         required time                         -1.570    
                         arrival time                           1.826    
  -------------------------------------------------------------------
                         slack                                  0.256    

Slack (MET) :             0.256ns  (arrival time - required time)
  Source:                 display_unit/clk_div_reg[12]/C
                            (rising edge-triggered cell FDCE clocked by sys_clk  {rise@0.000ns fall@5.000ns period=10.000ns})
  Destination:            display_unit/clk_div_reg[12]/D
                            (rising edge-triggered cell FDCE clocked by sys_clk  {rise@0.000ns fall@5.000ns period=10.000ns})
  Path Group:             sys_clk
  Path Type:              Hold (Min at Fast Process Corner)
  Requirement:            0.000ns  (sys_clk rise@0.000ns - sys_clk rise@0.000ns)
  Data Path Delay:        0.361ns  (logic 0.256ns (70.880%)  route 0.105ns (29.120%))
  Logic Levels:           1  (CARRY4=1)
  Clock Path Skew:        0.000ns (DCD - SCD - CPR)
    Destination Clock Delay (DCD):    1.980ns
    Source Clock Delay      (SCD):    1.467ns
    Clock Pessimism Removal (CPR):    0.513ns

    Location             Delay type                Incr(ns)  Path(ns)    Netlist Resource(s)
  -------------------------------------------------------------------    -------------------
                         (clock sys_clk rise edge)    0.000     0.000 r  
    F14                                               0.000     0.000 r  clk (IN)
                         net (fo=0)                   0.000     0.000    clk
    F14                  IBUF (Prop_ibuf_I_O)         0.226     0.226 r  clk_IBUF_inst/O
                         net (fo=1, routed)           0.634     0.861    clk_IBUF
    BUFGCTRL_X0Y16       BUFG (Prop_bufg_I_O)         0.026     0.887 r  clk_IBUF_BUFG_inst/O
                         net (fo=77, routed)          0.581     1.467    display_unit/CLK
    SLICE_X63Y77         FDCE                                         r  display_unit/clk_div_reg[12]/C
  -------------------------------------------------------------------    -------------------
    SLICE_X63Y77         FDCE (Prop_fdce_C_Q)         0.141     1.608 r  display_unit/clk_div_reg[12]/Q
                         net (fo=1, routed)           0.105     1.713    display_unit/clk_div_reg_n_0_[12]
    SLICE_X63Y77         CARRY4 (Prop_carry4_S[0]_O[0])
                                                      0.115     1.828 r  display_unit/clk_div_reg[12]_i_1/O[0]
                         net (fo=1, routed)           0.000     1.828    display_unit/clk_div_reg[12]_i_1_n_7
    SLICE_X63Y77         FDCE                                         r  display_unit/clk_div_reg[12]/D
  -------------------------------------------------------------------    -------------------

                         (clock sys_clk rise edge)    0.000     0.000 r  
    F14                                               0.000     0.000 r  clk (IN)
                         net (fo=0)                   0.000     0.000    clk
    F14                  IBUF (Prop_ibuf_I_O)         0.414     0.414 r  clk_IBUF_inst/O
                         net (fo=1, routed)           0.689     1.103    clk_IBUF
    BUFGCTRL_X0Y16       BUFG (Prop_bufg_I_O)         0.029     1.132 r  clk_IBUF_BUFG_inst/O
                         net (fo=77, routed)          0.849     1.980    display_unit/CLK
    SLICE_X63Y77         FDCE                                         r  display_unit/clk_div_reg[12]/C
                         clock pessimism             -0.513     1.467    
    SLICE_X63Y77         FDCE (Hold_fdce_C_D)         0.105     1.572    display_unit/clk_div_reg[12]
  -------------------------------------------------------------------
                         required time                         -1.572    
                         arrival time                           1.828    
  -------------------------------------------------------------------
                         slack                                  0.256    





Pulse Width Checks
--------------------------------------------------------------------------------------
Clock Name:         sys_clk
Waveform(ns):       { 0.000 5.000 }
Period(ns):         10.000
Sources:            { clk }

Check Type        Corner  Lib Pin  Reference Pin  Required(ns)  Actual(ns)  Slack(ns)  Location        Pin
Min Period        n/a     BUFG/I   n/a            2.155         10.000      7.845      BUFGCTRL_X0Y16  clk_IBUF_BUFG_inst/I
Min Period        n/a     FDCE/C   n/a            1.000         10.000      9.000      SLICE_X63Y63    clock_count_reg[0]/C
Min Period        n/a     FDCE/C   n/a            1.000         10.000      9.000      SLICE_X63Y66    clock_count_reg[10]/C
Min Period        n/a     FDCE/C   n/a            1.000         10.000      9.000      SLICE_X63Y66    clock_count_reg[11]/C
Min Period        n/a     FDCE/C   n/a            1.000         10.000      9.000      SLICE_X64Y66    clock_count_reg[12]/C
Min Period        n/a     FDCE/C   n/a            1.000         10.000      9.000      SLICE_X64Y67    clock_count_reg[13]/C
Min Period        n/a     FDCE/C   n/a            1.000         10.000      9.000      SLICE_X63Y67    clock_count_reg[14]/C
Min Period        n/a     FDCE/C   n/a            1.000         10.000      9.000      SLICE_X63Y67    clock_count_reg[15]/C
Min Period        n/a     FDCE/C   n/a            1.000         10.000      9.000      SLICE_X63Y67    clock_count_reg[16]/C
Min Period        n/a     FDCE/C   n/a            1.000         10.000      9.000      SLICE_X63Y68    clock_count_reg[17]/C
Low Pulse Width   Slow    FDCE/C   n/a            0.500         5.000       4.500      SLICE_X63Y63    clock_count_reg[0]/C
Low Pulse Width   Fast    FDCE/C   n/a            0.500         5.000       4.500      SLICE_X63Y63    clock_count_reg[0]/C
Low Pulse Width   Slow    FDCE/C   n/a            0.500         5.000       4.500      SLICE_X63Y66    clock_count_reg[10]/C
Low Pulse Width   Fast    FDCE/C   n/a            0.500         5.000       4.500      SLICE_X63Y66    clock_count_reg[10]/C
Low Pulse Width   Slow    FDCE/C   n/a            0.500         5.000       4.500      SLICE_X63Y66    clock_count_reg[11]/C
Low Pulse Width   Fast    FDCE/C   n/a            0.500         5.000       4.500      SLICE_X63Y66    clock_count_reg[11]/C
Low Pulse Width   Slow    FDCE/C   n/a            0.500         5.000       4.500      SLICE_X64Y66    clock_count_reg[12]/C
Low Pulse Width   Fast    FDCE/C   n/a            0.500         5.000       4.500      SLICE_X64Y66    clock_count_reg[12]/C
Low Pulse Width   Slow    FDCE/C   n/a            0.500         5.000       4.500      SLICE_X64Y67    clock_count_reg[13]/C
Low Pulse Width   Fast    FDCE/C   n/a            0.500         5.000       4.500      SLICE_X64Y67    clock_count_reg[13]/C
High Pulse Width  Slow    FDCE/C   n/a            0.500         5.000       4.500      SLICE_X63Y63    clock_count_reg[0]/C
High Pulse Width  Fast    FDCE/C   n/a            0.500         5.000       4.500      SLICE_X63Y63    clock_count_reg[0]/C
High Pulse Width  Slow    FDCE/C   n/a            0.500         5.000       4.500      SLICE_X63Y66    clock_count_reg[10]/C
High Pulse Width  Fast    FDCE/C   n/a            0.500         5.000       4.500      SLICE_X63Y66    clock_count_reg[10]/C
High Pulse Width  Slow    FDCE/C   n/a            0.500         5.000       4.500      SLICE_X63Y66    clock_count_reg[11]/C
High Pulse Width  Fast    FDCE/C   n/a            0.500         5.000       4.500      SLICE_X63Y66    clock_count_reg[11]/C
High Pulse Width  Slow    FDCE/C   n/a            0.500         5.000       4.500      SLICE_X64Y66    clock_count_reg[12]/C
High Pulse Width  Fast    FDCE/C   n/a            0.500         5.000       4.500      SLICE_X64Y66    clock_count_reg[12]/C
High Pulse Width  Slow    FDCE/C   n/a            0.500         5.000       4.500      SLICE_X64Y67    clock_count_reg[13]/C
High Pulse Width  Fast    FDCE/C   n/a            0.500         5.000       4.500      SLICE_X64Y67    clock_count_reg[13]/C



--------------------------------------------------------------------------------------
Path Group:  (none)
From Clock:  
  To Clock:  

Max Delay            16 Endpoints
Min Delay            16 Endpoints
--------------------------------------------------------------------------------------


Max Delay Paths
--------------------------------------------------------------------------------------
Slack:                    inf
  Source:                 display_unit/display_bcd_reg[0]/G
                            (positive level-sensitive latch)
  Destination:            seg1[4]
                            (output port)
  Path Group:             (none)
  Path Type:              Max at Slow Process Corner
  Data Path Delay:        7.962ns  (logic 4.218ns (52.975%)  route 3.744ns (47.025%))
  Logic Levels:           3  (LDCE=1 LUT4=1 OBUF=1)

    Location             Delay type                Incr(ns)  Path(ns)    Netlist Resource(s)
  -------------------------------------------------------------------    -------------------
    SLICE_X62Y73         LDCE                         0.000     0.000 r  display_unit/display_bcd_reg[0]/G
    SLICE_X62Y73         LDCE (EnToQ_ldce_G_Q)        0.559     0.559 r  display_unit/display_bcd_reg[0]/Q
                         net (fo=7, routed)           1.012     1.571    display_unit/decoder/Q[0]
    SLICE_X64Y73         LUT4 (Prop_lut4_I3_O)        0.124     1.695 r  display_unit/decoder/seg_OBUF[4]_inst_i_1/O
                         net (fo=2, routed)           2.732     4.427    seg1_OBUF[4]
    A7                   OBUF (Prop_obuf_I_O)         3.535     7.962 r  seg1_OBUF[4]_inst/O
                         net (fo=0)                   0.000     7.962    seg1[4]
    A7                                                                r  seg1[4] (OUT)
  -------------------------------------------------------------------    -------------------

Slack:                    inf
  Source:                 display_unit/display_bcd_reg[3]/G
                            (positive level-sensitive latch)
  Destination:            seg1[3]
                            (output port)
  Path Group:             (none)
  Path Type:              Max at Slow Process Corner
  Data Path Delay:        7.944ns  (logic 4.475ns (56.332%)  route 3.469ns (43.668%))
  Logic Levels:           3  (LDCE=1 LUT4=1 OBUF=1)

    Location             Delay type                Incr(ns)  Path(ns)    Netlist Resource(s)
  -------------------------------------------------------------------    -------------------
    SLICE_X62Y73         LDCE                         0.000     0.000 r  display_unit/display_bcd_reg[3]/G
    SLICE_X62Y73         LDCE (EnToQ_ldce_G_Q)        0.559     0.559 r  display_unit/display_bcd_reg[3]/Q
                         net (fo=7, routed)           1.008     1.567    display_unit/decoder/Q[3]
    SLICE_X64Y73         LUT4 (Prop_lut4_I0_O)        0.152     1.719 r  display_unit/decoder/seg_OBUF[3]_inst_i_1/O
                         net (fo=2, routed)           2.461     4.180    seg1_OBUF[3]
    B7                   OBUF (Prop_obuf_I_O)         3.764     7.944 r  seg1_OBUF[3]_inst/O
                         net (fo=0)                   0.000     7.944    seg1[3]
    B7                                                                r  seg1[3] (OUT)
  -------------------------------------------------------------------    -------------------

Slack:                    inf
  Source:                 display_unit/display_bcd_reg[0]/G
                            (positive level-sensitive latch)
  Destination:            seg1[6]
                            (output port)
  Path Group:             (none)
  Path Type:              Max at Slow Process Corner
  Data Path Delay:        7.867ns  (logic 4.203ns (53.419%)  route 3.665ns (46.581%))
  Logic Levels:           3  (LDCE=1 LUT4=1 OBUF=1)

    Location             Delay type                Incr(ns)  Path(ns)    Netlist Resource(s)
  -------------------------------------------------------------------    -------------------
    SLICE_X62Y73         LDCE                         0.000     0.000 r  display_unit/display_bcd_reg[0]/G
    SLICE_X62Y73         LDCE (EnToQ_ldce_G_Q)        0.559     0.559 r  display_unit/display_bcd_reg[0]/Q
                         net (fo=7, routed)           1.026     1.585    display_unit/decoder/Q[0]
    SLICE_X64Y73         LUT4 (Prop_lut4_I1_O)        0.124     1.709 r  display_unit/decoder/seg_OBUF[6]_inst_i_1/O
                         net (fo=2, routed)           2.639     4.348    seg1_OBUF[6]
    B5                   OBUF (Prop_obuf_I_O)         3.520     7.867 r  seg1_OBUF[6]_inst/O
                         net (fo=0)                   0.000     7.867    seg1[6]
    B5                                                                r  seg1[6] (OUT)
  -------------------------------------------------------------------    -------------------

Slack:                    inf
  Source:                 display_unit/display_bcd_reg[3]/G
                            (positive level-sensitive latch)
  Destination:            seg1[1]
                            (output port)
  Path Group:             (none)
  Path Type:              Max at Slow Process Corner
  Data Path Delay:        7.809ns  (logic 4.427ns (56.685%)  route 3.383ns (43.315%))
  Logic Levels:           3  (LDCE=1 LUT4=1 OBUF=1)

    Location             Delay type                Incr(ns)  Path(ns)    Netlist Resource(s)
  -------------------------------------------------------------------    -------------------
    SLICE_X62Y73         LDCE                         0.000     0.000 r  display_unit/display_bcd_reg[3]/G
    SLICE_X62Y73         LDCE (EnToQ_ldce_G_Q)        0.559     0.559 r  display_unit/display_bcd_reg[3]/Q
                         net (fo=7, routed)           1.016     1.575    display_unit/decoder/Q[3]
    SLICE_X64Y73         LUT4 (Prop_lut4_I0_O)        0.146     1.721 r  display_unit/decoder/seg_OBUF[1]_inst_i_1/O
                         net (fo=2, routed)           2.367     4.088    seg1_OBUF[1]
    C5                   OBUF (Prop_obuf_I_O)         3.722     7.809 r  seg1_OBUF[1]_inst/O
                         net (fo=0)                   0.000     7.809    seg1[1]
    C5                                                                r  seg1[1] (OUT)
  -------------------------------------------------------------------    -------------------

Slack:                    inf
  Source:                 display_unit/display_bcd_reg[0]/G
                            (positive level-sensitive latch)
  Destination:            seg1[5]
                            (output port)
  Path Group:             (none)
  Path Type:              Max at Slow Process Corner
  Data Path Delay:        7.758ns  (logic 4.434ns (57.151%)  route 3.324ns (42.849%))
  Logic Levels:           3  (LDCE=1 LUT4=1 OBUF=1)

    Location             Delay type                Incr(ns)  Path(ns)    Netlist Resource(s)
  -------------------------------------------------------------------    -------------------
    SLICE_X62Y73         LDCE                         0.000     0.000 r  display_unit/display_bcd_reg[0]/G
    SLICE_X62Y73         LDCE (EnToQ_ldce_G_Q)        0.559     0.559 r  display_unit/display_bcd_reg[0]/Q
                         net (fo=7, routed)           1.012     1.571    display_unit/decoder/Q[0]
    SLICE_X64Y73         LUT4 (Prop_lut4_I3_O)        0.153     1.724 r  display_unit/decoder/seg_OBUF[5]_inst_i_1/O
                         net (fo=2, routed)           2.312     4.036    seg1_OBUF[5]
    D6                   OBUF (Prop_obuf_I_O)         3.722     7.758 r  seg1_OBUF[5]_inst/O
                         net (fo=0)                   0.000     7.758    seg1[5]
    D6                                                                r  seg1[5] (OUT)
  -------------------------------------------------------------------    -------------------

Slack:                    inf
  Source:                 display_unit/display_bcd_reg[0]/G
                            (positive level-sensitive latch)
  Destination:            seg[5]
                            (output port)
  Path Group:             (none)
  Path Type:              Max at Slow Process Corner
  Data Path Delay:        7.741ns  (logic 4.427ns (57.186%)  route 3.314ns (42.814%))
  Logic Levels:           3  (LDCE=1 LUT4=1 OBUF=1)

    Location             Delay type                Incr(ns)  Path(ns)    Netlist Resource(s)
  -------------------------------------------------------------------    -------------------
    SLICE_X62Y73         LDCE                         0.000     0.000 r  display_unit/display_bcd_reg[0]/G
    SLICE_X62Y73         LDCE (EnToQ_ldce_G_Q)        0.559     0.559 r  display_unit/display_bcd_reg[0]/Q
                         net (fo=7, routed)           1.012     1.571    display_unit/decoder/Q[0]
    SLICE_X64Y73         LUT4 (Prop_lut4_I3_O)        0.153     1.724 r  display_unit/decoder/seg_OBUF[5]_inst_i_1/O
                         net (fo=2, routed)           2.302     4.026    seg1_OBUF[5]
    H4                   OBUF (Prop_obuf_I_O)         3.715     7.741 r  seg_OBUF[5]_inst/O
                         net (fo=0)                   0.000     7.741    seg[5]
    H4                                                                r  seg[5] (OUT)
  -------------------------------------------------------------------    -------------------

Slack:                    inf
  Source:                 display_unit/display_bcd_reg[3]/G
                            (positive level-sensitive latch)
  Destination:            seg1[0]
                            (output port)
  Path Group:             (none)
  Path Type:              Max at Slow Process Corner
  Data Path Delay:        7.665ns  (logic 4.209ns (54.906%)  route 3.457ns (45.094%))
  Logic Levels:           3  (LDCE=1 LUT4=1 OBUF=1)

    Location             Delay type                Incr(ns)  Path(ns)    Netlist Resource(s)
  -------------------------------------------------------------------    -------------------
    SLICE_X62Y73         LDCE                         0.000     0.000 r  display_unit/display_bcd_reg[3]/G
    SLICE_X62Y73         LDCE (EnToQ_ldce_G_Q)        0.559     0.559 r  display_unit/display_bcd_reg[3]/Q
                         net (fo=7, routed)           1.016     1.575    display_unit/decoder/Q[3]
    SLICE_X64Y73         LUT4 (Prop_lut4_I0_O)        0.124     1.699 r  display_unit/decoder/seg_OBUF[0]_inst_i_1/O
                         net (fo=2, routed)           2.441     4.140    seg1_OBUF[0]
    D7                   OBUF (Prop_obuf_I_O)         3.526     7.665 r  seg1_OBUF[0]_inst/O
                         net (fo=0)                   0.000     7.665    seg1[0]
    D7                                                                r  seg1[0] (OUT)
  -------------------------------------------------------------------    -------------------

Slack:                    inf
  Source:                 display_unit/display_bcd_reg[3]/G
                            (positive level-sensitive latch)
  Destination:            seg[1]
                            (output port)
  Path Group:             (none)
  Path Type:              Max at Slow Process Corner
  Data Path Delay:        7.506ns  (logic 4.397ns (58.587%)  route 3.108ns (41.413%))
  Logic Levels:           3  (LDCE=1 LUT4=1 OBUF=1)

    Location             Delay type                Incr(ns)  Path(ns)    Netlist Resource(s)
  -------------------------------------------------------------------    -------------------
    SLICE_X62Y73         LDCE                         0.000     0.000 r  display_unit/display_bcd_reg[3]/G
    SLICE_X62Y73         LDCE (EnToQ_ldce_G_Q)        0.559     0.559 r  display_unit/display_bcd_reg[3]/Q
                         net (fo=7, routed)           1.016     1.575    display_unit/decoder/Q[3]
    SLICE_X64Y73         LUT4 (Prop_lut4_I0_O)        0.146     1.721 r  display_unit/decoder/seg_OBUF[1]_inst_i_1/O
                         net (fo=2, routed)           2.092     3.813    seg1_OBUF[1]
    J3                   OBUF (Prop_obuf_I_O)         3.692     7.506 r  seg_OBUF[1]_inst/O
                         net (fo=0)                   0.000     7.506    seg[1]
    J3                                                                r  seg[1] (OUT)
  -------------------------------------------------------------------    -------------------

Slack:                    inf
  Source:                 display_unit/display_bcd_reg[3]/G
                            (positive level-sensitive latch)
  Destination:            seg[3]
                            (output port)
  Path Group:             (none)
  Path Type:              Max at Slow Process Corner
  Data Path Delay:        7.378ns  (logic 4.466ns (60.528%)  route 2.912ns (39.472%))
  Logic Levels:           3  (LDCE=1 LUT4=1 OBUF=1)

    Location             Delay type                Incr(ns)  Path(ns)    Netlist Resource(s)
  -------------------------------------------------------------------    -------------------
    SLICE_X62Y73         LDCE                         0.000     0.000 r  display_unit/display_bcd_reg[3]/G
    SLICE_X62Y73         LDCE (EnToQ_ldce_G_Q)        0.559     0.559 r  display_unit/display_bcd_reg[3]/Q
                         net (fo=7, routed)           1.008     1.567    display_unit/decoder/Q[3]
    SLICE_X64Y73         LUT4 (Prop_lut4_I0_O)        0.152     1.719 r  display_unit/decoder/seg_OBUF[3]_inst_i_1/O
                         net (fo=2, routed)           1.904     3.623    seg1_OBUF[3]
    C2                   OBUF (Prop_obuf_I_O)         3.755     7.378 r  seg_OBUF[3]_inst/O
                         net (fo=0)                   0.000     7.378    seg[3]
    C2                                                                r  seg[3] (OUT)
  -------------------------------------------------------------------    -------------------

Slack:                    inf
  Source:                 display_unit/dp_reg/G
                            (positive level-sensitive latch)
  Destination:            seg1[7]
                            (output port)
  Path Group:             (none)
  Path Type:              Max at Slow Process Corner
  Data Path Delay:        7.336ns  (logic 4.287ns (58.444%)  route 3.048ns (41.556%))
  Logic Levels:           3  (LDCE=1 LUT1=1 OBUF=1)

    Location             Delay type                Incr(ns)  Path(ns)    Netlist Resource(s)
  -------------------------------------------------------------------    -------------------
    SLICE_X64Y74         LDCE                         0.000     0.000 r  display_unit/dp_reg/G
    SLICE_X64Y74         LDCE (EnToQ_ldce_G_Q)        0.625     0.625 f  display_unit/dp_reg/Q
                         net (fo=1, routed)           0.691     1.316    display_unit/dp
    SLICE_X64Y75         LUT1 (Prop_lut1_I0_O)        0.124     1.440 r  display_unit/seg_OBUF[7]_inst_i_1/O
                         net (fo=2, routed)           2.358     3.797    seg1_OBUF[7]
    A6                   OBUF (Prop_obuf_I_O)         3.538     7.336 r  seg1_OBUF[7]_inst/O
                         net (fo=0)                   0.000     7.336    seg1[7]
    A6                                                                r  seg1[7] (OUT)
  -------------------------------------------------------------------    -------------------





Min Delay Paths
--------------------------------------------------------------------------------------
Slack:                    inf
  Source:                 display_unit/display_bcd_reg[1]/G
                            (positive level-sensitive latch)
  Destination:            seg[0]
                            (output port)
  Path Group:             (none)
  Path Type:              Min at Fast Process Corner
  Data Path Delay:        1.930ns  (logic 1.429ns (74.022%)  route 0.501ns (25.978%))
  Logic Levels:           3  (LDCE=1 LUT4=1 OBUF=1)

    Location             Delay type                Incr(ns)  Path(ns)    Netlist Resource(s)
  -------------------------------------------------------------------    -------------------
    SLICE_X62Y73         LDCE                         0.000     0.000 r  display_unit/display_bcd_reg[1]/G
    SLICE_X62Y73         LDCE (EnToQ_ldce_G_Q)        0.158     0.158 r  display_unit/display_bcd_reg[1]/Q
                         net (fo=7, routed)           0.161     0.319    display_unit/decoder/Q[1]
    SLICE_X64Y73         LUT4 (Prop_lut4_I3_O)        0.045     0.364 r  display_unit/decoder/seg_OBUF[0]_inst_i_1/O
                         net (fo=2, routed)           0.340     0.704    seg1_OBUF[0]
    F4                   OBUF (Prop_obuf_I_O)         1.226     1.930 r  seg_OBUF[0]_inst/O
                         net (fo=0)                   0.000     1.930    seg[0]
    F4                                                                r  seg[0] (OUT)
  -------------------------------------------------------------------    -------------------

Slack:                    inf
  Source:                 display_unit/display_bcd_reg[2]/G
                            (positive level-sensitive latch)
  Destination:            seg[6]
                            (output port)
  Path Group:             (none)
  Path Type:              Min at Fast Process Corner
  Data Path Delay:        1.993ns  (logic 1.424ns (71.479%)  route 0.568ns (28.521%))
  Logic Levels:           3  (LDCE=1 LUT4=1 OBUF=1)

    Location             Delay type                Incr(ns)  Path(ns)    Netlist Resource(s)
  -------------------------------------------------------------------    -------------------
    SLICE_X62Y73         LDCE                         0.000     0.000 r  display_unit/display_bcd_reg[2]/G
    SLICE_X62Y73         LDCE (EnToQ_ldce_G_Q)        0.158     0.158 r  display_unit/display_bcd_reg[2]/Q
                         net (fo=7, routed)           0.156     0.314    display_unit/decoder/Q[2]
    SLICE_X64Y73         LUT4 (Prop_lut4_I2_O)        0.045     0.359 r  display_unit/decoder/seg_OBUF[6]_inst_i_1/O
                         net (fo=2, routed)           0.412     0.771    seg1_OBUF[6]
    D1                   OBUF (Prop_obuf_I_O)         1.221     1.993 r  seg_OBUF[6]_inst/O
                         net (fo=0)                   0.000     1.993    seg[6]
    D1                                                                r  seg[6] (OUT)
  -------------------------------------------------------------------    -------------------

Slack:                    inf
  Source:                 display_unit/display_bcd_reg[2]/G
                            (positive level-sensitive latch)
  Destination:            seg[4]
                            (output port)
  Path Group:             (none)
  Path Type:              Min at Fast Process Corner
  Data Path Delay:        2.032ns  (logic 1.434ns (70.605%)  route 0.597ns (29.395%))
  Logic Levels:           3  (LDCE=1 LUT4=1 OBUF=1)

    Location             Delay type                Incr(ns)  Path(ns)    Netlist Resource(s)
  -------------------------------------------------------------------    -------------------
    SLICE_X62Y73         LDCE                         0.000     0.000 r  display_unit/display_bcd_reg[2]/G
    SLICE_X62Y73         LDCE (EnToQ_ldce_G_Q)        0.158     0.158 r  display_unit/display_bcd_reg[2]/Q
                         net (fo=7, routed)           0.165     0.323    display_unit/decoder/Q[2]
    SLICE_X64Y73         LUT4 (Prop_lut4_I2_O)        0.045     0.368 r  display_unit/decoder/seg_OBUF[4]_inst_i_1/O
                         net (fo=2, routed)           0.432     0.800    seg1_OBUF[4]
    B1                   OBUF (Prop_obuf_I_O)         1.231     2.032 r  seg_OBUF[4]_inst/O
                         net (fo=0)                   0.000     2.032    seg[4]
    B1                                                                r  seg[4] (OUT)
  -------------------------------------------------------------------    -------------------

Slack:                    inf
  Source:                 display_unit/display_bcd_reg[0]/G
                            (positive level-sensitive latch)
  Destination:            seg[2]
                            (output port)
  Path Group:             (none)
  Path Type:              Min at Fast Process Corner
  Data Path Delay:        2.035ns  (logic 1.448ns (71.159%)  route 0.587ns (28.841%))
  Logic Levels:           3  (LDCE=1 LUT4=1 OBUF=1)

    Location             Delay type                Incr(ns)  Path(ns)    Netlist Resource(s)
  -------------------------------------------------------------------    -------------------
    SLICE_X62Y73         LDCE                         0.000     0.000 r  display_unit/display_bcd_reg[0]/G
    SLICE_X62Y73         LDCE (EnToQ_ldce_G_Q)        0.158     0.158 f  display_unit/display_bcd_reg[0]/Q
                         net (fo=7, routed)           0.207     0.365    display_unit/decoder/Q[0]
    SLICE_X64Y73         LUT4 (Prop_lut4_I1_O)        0.045     0.410 r  display_unit/decoder/seg_OBUF[2]_inst_i_1/O
                         net (fo=2, routed)           0.380     0.790    seg1_OBUF[2]
    D2                   OBUF (Prop_obuf_I_O)         1.245     2.035 r  seg_OBUF[2]_inst/O
                         net (fo=0)                   0.000     2.035    seg[2]
    D2                                                                r  seg[2] (OUT)
  -------------------------------------------------------------------    -------------------

Slack:                    inf
  Source:                 display_unit/dp_reg/G
                            (positive level-sensitive latch)
  Destination:            seg[7]
                            (output port)
  Path Group:             (none)
  Path Type:              Min at Fast Process Corner
  Data Path Delay:        2.037ns  (logic 1.452ns (71.278%)  route 0.585ns (28.722%))
  Logic Levels:           3  (LDCE=1 LUT1=1 OBUF=1)

    Location             Delay type                Incr(ns)  Path(ns)    Netlist Resource(s)
  -------------------------------------------------------------------    -------------------
    SLICE_X64Y74         LDCE                         0.000     0.000 r  display_unit/dp_reg/G
    SLICE_X64Y74         LDCE (EnToQ_ldce_G_Q)        0.178     0.178 f  display_unit/dp_reg/Q
                         net (fo=1, routed)           0.247     0.425    display_unit/dp
    SLICE_X64Y75         LUT1 (Prop_lut1_I0_O)        0.045     0.470 r  display_unit/seg_OBUF[7]_inst_i_1/O
                         net (fo=2, routed)           0.338     0.808    seg1_OBUF[7]
    C1                   OBUF (Prop_obuf_I_O)         1.229     2.037 r  seg_OBUF[7]_inst/O
                         net (fo=0)                   0.000     2.037    seg[7]
    C1                                                                r  seg[7] (OUT)
  -------------------------------------------------------------------    -------------------

Slack:                    inf
  Source:                 display_unit/display_bcd_reg[0]/G
                            (positive level-sensitive latch)
  Destination:            seg1[2]
                            (output port)
  Path Group:             (none)
  Path Type:              Min at Fast Process Corner
  Data Path Delay:        2.135ns  (logic 1.447ns (67.759%)  route 0.688ns (32.241%))
  Logic Levels:           3  (LDCE=1 LUT4=1 OBUF=1)

    Location             Delay type                Incr(ns)  Path(ns)    Netlist Resource(s)
  -------------------------------------------------------------------    -------------------
    SLICE_X62Y73         LDCE                         0.000     0.000 r  display_unit/display_bcd_reg[0]/G
    SLICE_X62Y73         LDCE (EnToQ_ldce_G_Q)        0.158     0.158 f  display_unit/display_bcd_reg[0]/Q
                         net (fo=7, routed)           0.207     0.365    display_unit/decoder/Q[0]
    SLICE_X64Y73         LUT4 (Prop_lut4_I1_O)        0.045     0.410 r  display_unit/decoder/seg_OBUF[2]_inst_i_1/O
                         net (fo=2, routed)           0.482     0.891    seg1_OBUF[2]
    A5                   OBUF (Prop_obuf_I_O)         1.244     2.135 r  seg1_OBUF[2]_inst/O
                         net (fo=0)                   0.000     2.135    seg1[2]
    A5                                                                r  seg1[2] (OUT)
  -------------------------------------------------------------------    -------------------

Slack:                    inf
  Source:                 display_unit/display_bcd_reg[1]/G
                            (positive level-sensitive latch)
  Destination:            seg[1]
                            (output port)
  Path Group:             (none)
  Path Type:              Min at Fast Process Corner
  Data Path Delay:        2.150ns  (logic 1.462ns (67.978%)  route 0.689ns (32.022%))
  Logic Levels:           3  (LDCE=1 LUT4=1 OBUF=1)

    Location             Delay type                Incr(ns)  Path(ns)    Netlist Resource(s)
  -------------------------------------------------------------------    -------------------
    SLICE_X62Y73         LDCE                         0.000     0.000 r  display_unit/display_bcd_reg[1]/G
    SLICE_X62Y73         LDCE (EnToQ_ldce_G_Q)        0.158     0.158 r  display_unit/display_bcd_reg[1]/Q
                         net (fo=7, routed)           0.161     0.319    display_unit/decoder/Q[1]
    SLICE_X64Y73         LUT4 (Prop_lut4_I2_O)        0.048     0.367 r  display_unit/decoder/seg_OBUF[1]_inst_i_1/O
                         net (fo=2, routed)           0.527     0.895    seg1_OBUF[1]
    J3                   OBUF (Prop_obuf_I_O)         1.256     2.150 r  seg_OBUF[1]_inst/O
                         net (fo=0)                   0.000     2.150    seg[1]
    J3                                                                r  seg[1] (OUT)
  -------------------------------------------------------------------    -------------------

Slack:                    inf
  Source:                 display_unit/display_bcd_reg[0]/G
                            (positive level-sensitive latch)
  Destination:            seg[3]
                            (output port)
  Path Group:             (none)
  Path Type:              Min at Fast Process Corner
  Data Path Delay:        2.176ns  (logic 1.510ns (69.387%)  route 0.666ns (30.613%))
  Logic Levels:           3  (LDCE=1 LUT4=1 OBUF=1)

    Location             Delay type                Incr(ns)  Path(ns)    Netlist Resource(s)
  -------------------------------------------------------------------    -------------------
    SLICE_X62Y73         LDCE                         0.000     0.000 r  display_unit/display_bcd_reg[0]/G
    SLICE_X62Y73         LDCE (EnToQ_ldce_G_Q)        0.158     0.158 r  display_unit/display_bcd_reg[0]/Q
                         net (fo=7, routed)           0.207     0.365    display_unit/decoder/Q[0]
    SLICE_X64Y73         LUT4 (Prop_lut4_I2_O)        0.047     0.412 r  display_unit/decoder/seg_OBUF[3]_inst_i_1/O
                         net (fo=2, routed)           0.459     0.871    seg1_OBUF[3]
    C2                   OBUF (Prop_obuf_I_O)         1.305     2.176 r  seg_OBUF[3]_inst/O
                         net (fo=0)                   0.000     2.176    seg[3]
    C2                                                                r  seg[3] (OUT)
  -------------------------------------------------------------------    -------------------

Slack:                    inf
  Source:                 display_unit/display_bcd_reg[2]/G
                            (positive level-sensitive latch)
  Destination:            seg[5]
                            (output port)
  Path Group:             (none)
  Path Type:              Min at Fast Process Corner
  Data Path Delay:        2.261ns  (logic 1.484ns (65.613%)  route 0.778ns (34.387%))
  Logic Levels:           3  (LDCE=1 LUT4=1 OBUF=1)

    Location             Delay type                Incr(ns)  Path(ns)    Netlist Resource(s)
  -------------------------------------------------------------------    -------------------
    SLICE_X62Y73         LDCE                         0.000     0.000 r  display_unit/display_bcd_reg[2]/G
    SLICE_X62Y73         LDCE (EnToQ_ldce_G_Q)        0.158     0.158 r  display_unit/display_bcd_reg[2]/Q
                         net (fo=7, routed)           0.165     0.323    display_unit/decoder/Q[2]
    SLICE_X64Y73         LUT4 (Prop_lut4_I1_O)        0.049     0.372 r  display_unit/decoder/seg_OBUF[5]_inst_i_1/O
                         net (fo=2, routed)           0.612     0.985    seg1_OBUF[5]
    H4                   OBUF (Prop_obuf_I_O)         1.277     2.261 r  seg_OBUF[5]_inst/O
                         net (fo=0)                   0.000     2.261    seg[5]
    H4                                                                r  seg[5] (OUT)
  -------------------------------------------------------------------    -------------------

Slack:                    inf
  Source:                 display_unit/display_bcd_reg[1]/G
                            (positive level-sensitive latch)
  Destination:            seg1[0]
                            (output port)
  Path Group:             (none)
  Path Type:              Min at Fast Process Corner
  Data Path Delay:        2.265ns  (logic 1.430ns (63.105%)  route 0.836ns (36.895%))
  Logic Levels:           3  (LDCE=1 LUT4=1 OBUF=1)

    Location             Delay type                Incr(ns)  Path(ns)    Netlist Resource(s)
  -------------------------------------------------------------------    -------------------
    SLICE_X62Y73         LDCE                         0.000     0.000 r  display_unit/display_bcd_reg[1]/G
    SLICE_X62Y73         LDCE (EnToQ_ldce_G_Q)        0.158     0.158 r  display_unit/display_bcd_reg[1]/Q
                         net (fo=7, routed)           0.161     0.319    display_unit/decoder/Q[1]
    SLICE_X64Y73         LUT4 (Prop_lut4_I3_O)        0.045     0.364 r  display_unit/decoder/seg_OBUF[0]_inst_i_1/O
                         net (fo=2, routed)           0.675     1.039    seg1_OBUF[0]
    D7                   OBUF (Prop_obuf_I_O)         1.227     2.265 r  seg1_OBUF[0]_inst/O
                         net (fo=0)                   0.000     2.265    seg1[0]
    D7                                                                r  seg1[0] (OUT)
  -------------------------------------------------------------------    -------------------





--------------------------------------------------------------------------------------
Path Group:  (none)
From Clock:  sys_clk
  To Clock:  

Max Delay            12 Endpoints
Min Delay            12 Endpoints
--------------------------------------------------------------------------------------


Max Delay Paths
--------------------------------------------------------------------------------------
Slack:                    inf
  Source:                 display_unit/clk_div_reg[13]/C
                            (rising edge-triggered cell FDCE clocked by sys_clk  {rise@0.000ns fall@5.000ns period=10.000ns})
  Destination:            AN[7]
                            (output port)
  Path Group:             (none)
  Path Type:              Max at Slow Process Corner
  Data Path Delay:        7.842ns  (logic 4.114ns (52.467%)  route 3.727ns (47.533%))
  Logic Levels:           2  (LUT3=1 OBUF=1)
  Clock Uncertainty:      0.025ns  ((TSJ^2 + TIJ^2)^1/2 + DJ) / 2 + PE
    Total System Jitter     (TSJ):    0.050ns
    Total Input Jitter      (TIJ):    0.000ns
    Discrete Jitter          (DJ):    0.000ns
    Phase Error              (PE):    0.000ns

    Location             Delay type                Incr(ns)  Path(ns)    Netlist Resource(s)
  -------------------------------------------------------------------    -------------------
                         (clock sys_clk rise edge)    0.000     0.000 r  
    F14                                               0.000     0.000 r  clk (IN)
                         net (fo=0)                   0.000     0.000    clk
    F14                  IBUF (Prop_ibuf_I_O)         1.458     1.458 r  clk_IBUF_inst/O
                         net (fo=1, routed)           1.972     3.430    clk_IBUF
    BUFGCTRL_X0Y16       BUFG (Prop_bufg_I_O)         0.096     3.526 r  clk_IBUF_BUFG_inst/O
                         net (fo=77, routed)          1.607     5.133    display_unit/CLK
    SLICE_X63Y77         FDCE                                         r  display_unit/clk_div_reg[13]/C
  -------------------------------------------------------------------    -------------------
    SLICE_X63Y77         FDCE (Prop_fdce_C_Q)         0.456     5.589 r  display_unit/clk_div_reg[13]/Q
                         net (fo=15, routed)          1.235     6.824    display_unit/display_selection[0]
    SLICE_X64Y74         LUT3 (Prop_lut3_I1_O)        0.124     6.948 r  display_unit/AN_OBUF[7]_inst_i_1/O
                         net (fo=1, routed)           2.492     9.440    AN_OBUF[7]
    A8                   OBUF (Prop_obuf_I_O)         3.534    12.975 r  AN_OBUF[7]_inst/O
                         net (fo=0)                   0.000    12.975    AN[7]
    A8                                                                r  AN[7] (OUT)
  -------------------------------------------------------------------    -------------------

Slack:                    inf
  Source:                 display_unit/clk_div_reg[13]/C
                            (rising edge-triggered cell FDCE clocked by sys_clk  {rise@0.000ns fall@5.000ns period=10.000ns})
  Destination:            AN[0]
                            (output port)
  Path Group:             (none)
  Path Type:              Max at Slow Process Corner
  Data Path Delay:        7.679ns  (logic 4.327ns (56.351%)  route 3.352ns (43.649%))
  Logic Levels:           2  (LUT3=1 OBUF=1)
  Clock Uncertainty:      0.025ns  ((TSJ^2 + TIJ^2)^1/2 + DJ) / 2 + PE
    Total System Jitter     (TSJ):    0.050ns
    Total Input Jitter      (TIJ):    0.000ns
    Discrete Jitter          (DJ):    0.000ns
    Phase Error              (PE):    0.000ns

    Location             Delay type                Incr(ns)  Path(ns)    Netlist Resource(s)
  -------------------------------------------------------------------    -------------------
                         (clock sys_clk rise edge)    0.000     0.000 r  
    F14                                               0.000     0.000 r  clk (IN)
                         net (fo=0)                   0.000     0.000    clk
    F14                  IBUF (Prop_ibuf_I_O)         1.458     1.458 r  clk_IBUF_inst/O
                         net (fo=1, routed)           1.972     3.430    clk_IBUF
    BUFGCTRL_X0Y16       BUFG (Prop_bufg_I_O)         0.096     3.526 r  clk_IBUF_BUFG_inst/O
                         net (fo=77, routed)          1.607     5.133    display_unit/CLK
    SLICE_X63Y77         FDCE                                         r  display_unit/clk_div_reg[13]/C
  -------------------------------------------------------------------    -------------------
    SLICE_X63Y77         FDCE (Prop_fdce_C_Q)         0.456     5.589 r  display_unit/clk_div_reg[13]/Q
                         net (fo=15, routed)          1.235     6.824    display_unit/display_selection[0]
    SLICE_X64Y74         LUT3 (Prop_lut3_I0_O)        0.153     6.977 r  display_unit/AN_OBUF[0]_inst_i_1/O
                         net (fo=1, routed)           2.117     9.094    AN_OBUF[0]
    H3                   OBUF (Prop_obuf_I_O)         3.718    12.812 r  AN_OBUF[0]_inst/O
                         net (fo=0)                   0.000    12.812    AN[0]
    H3                                                                r  AN[0] (OUT)
  -------------------------------------------------------------------    -------------------

Slack:                    inf
  Source:                 display_unit/clk_div_reg[15]/C
                            (rising edge-triggered cell FDCE clocked by sys_clk  {rise@0.000ns fall@5.000ns period=10.000ns})
  Destination:            AN[4]
                            (output port)
  Path Group:             (none)
  Path Type:              Max at Slow Process Corner
  Data Path Delay:        7.643ns  (logic 4.325ns (56.586%)  route 3.318ns (43.414%))
  Logic Levels:           2  (LUT3=1 OBUF=1)
  Clock Uncertainty:      0.025ns  ((TSJ^2 + TIJ^2)^1/2 + DJ) / 2 + PE
    Total System Jitter     (TSJ):    0.050ns
    Total Input Jitter      (TIJ):    0.000ns
    Discrete Jitter          (DJ):    0.000ns
    Phase Error              (PE):    0.000ns

    Location             Delay type                Incr(ns)  Path(ns)    Netlist Resource(s)
  -------------------------------------------------------------------    -------------------
                         (clock sys_clk rise edge)    0.000     0.000 r  
    F14                                               0.000     0.000 r  clk (IN)
                         net (fo=0)                   0.000     0.000    clk
    F14                  IBUF (Prop_ibuf_I_O)         1.458     1.458 r  clk_IBUF_inst/O
                         net (fo=1, routed)           1.972     3.430    clk_IBUF
    BUFGCTRL_X0Y16       BUFG (Prop_bufg_I_O)         0.096     3.526 r  clk_IBUF_BUFG_inst/O
                         net (fo=77, routed)          1.607     5.133    display_unit/CLK
    SLICE_X63Y77         FDCE                                         r  display_unit/clk_div_reg[15]/C
  -------------------------------------------------------------------    -------------------
    SLICE_X63Y77         FDCE (Prop_fdce_C_Q)         0.456     5.589 f  display_unit/clk_div_reg[15]/Q
                         net (fo=12, routed)          1.223     6.812    display_unit/display_selection[2]
    SLICE_X64Y74         LUT3 (Prop_lut3_I2_O)        0.146     6.958 r  display_unit/AN_OBUF[4]_inst_i_1/O
                         net (fo=1, routed)           2.095     9.053    AN_OBUF[4]
    D5                   OBUF (Prop_obuf_I_O)         3.723    12.776 r  AN_OBUF[4]_inst/O
                         net (fo=0)                   0.000    12.776    AN[4]
    D5                                                                r  AN[4] (OUT)
  -------------------------------------------------------------------    -------------------

Slack:                    inf
  Source:                 display_unit/clk_div_reg[15]/C
                            (rising edge-triggered cell FDCE clocked by sys_clk  {rise@0.000ns fall@5.000ns period=10.000ns})
  Destination:            AN[3]
                            (output port)
  Path Group:             (none)
  Path Type:              Max at Slow Process Corner
  Data Path Delay:        7.378ns  (logic 4.355ns (59.025%)  route 3.023ns (40.975%))
  Logic Levels:           2  (LUT3=1 OBUF=1)
  Clock Uncertainty:      0.025ns  ((TSJ^2 + TIJ^2)^1/2 + DJ) / 2 + PE
    Total System Jitter     (TSJ):    0.050ns
    Total Input Jitter      (TIJ):    0.000ns
    Discrete Jitter          (DJ):    0.000ns
    Phase Error              (PE):    0.000ns

    Location             Delay type                Incr(ns)  Path(ns)    Netlist Resource(s)
  -------------------------------------------------------------------    -------------------
                         (clock sys_clk rise edge)    0.000     0.000 r  
    F14                                               0.000     0.000 r  clk (IN)
                         net (fo=0)                   0.000     0.000    clk
    F14                  IBUF (Prop_ibuf_I_O)         1.458     1.458 r  clk_IBUF_inst/O
                         net (fo=1, routed)           1.972     3.430    clk_IBUF
    BUFGCTRL_X0Y16       BUFG (Prop_bufg_I_O)         0.096     3.526 r  clk_IBUF_BUFG_inst/O
                         net (fo=77, routed)          1.607     5.133    display_unit/CLK
    SLICE_X63Y77         FDCE                                         r  display_unit/clk_div_reg[15]/C
  -------------------------------------------------------------------    -------------------
    SLICE_X63Y77         FDCE (Prop_fdce_C_Q)         0.456     5.589 r  display_unit/clk_div_reg[15]/Q
                         net (fo=12, routed)          1.215     6.804    display_unit/display_selection[2]
    SLICE_X64Y74         LUT3 (Prop_lut3_I0_O)        0.152     6.956 r  display_unit/AN_OBUF[3]_inst_i_1/O
                         net (fo=1, routed)           1.808     8.764    AN_OBUF[3]
    E4                   OBUF (Prop_obuf_I_O)         3.747    12.511 r  AN_OBUF[3]_inst/O
                         net (fo=0)                   0.000    12.511    AN[3]
    E4                                                                r  AN[3] (OUT)
  -------------------------------------------------------------------    -------------------

Slack:                    inf
  Source:                 display_unit/clk_div_reg[15]/C
                            (rising edge-triggered cell FDCE clocked by sys_clk  {rise@0.000ns fall@5.000ns period=10.000ns})
  Destination:            AN[1]
                            (output port)
  Path Group:             (none)
  Path Type:              Max at Slow Process Corner
  Data Path Delay:        7.357ns  (logic 4.071ns (55.340%)  route 3.286ns (44.660%))
  Logic Levels:           2  (LUT3=1 OBUF=1)
  Clock Uncertainty:      0.025ns  ((TSJ^2 + TIJ^2)^1/2 + DJ) / 2 + PE
    Total System Jitter     (TSJ):    0.050ns
    Total Input Jitter      (TIJ):    0.000ns
    Discrete Jitter          (DJ):    0.000ns
    Phase Error              (PE):    0.000ns

    Location             Delay type                Incr(ns)  Path(ns)    Netlist Resource(s)
  -------------------------------------------------------------------    -------------------
                         (clock sys_clk rise edge)    0.000     0.000 r  
    F14                                               0.000     0.000 r  clk (IN)
                         net (fo=0)                   0.000     0.000    clk
    F14                  IBUF (Prop_ibuf_I_O)         1.458     1.458 r  clk_IBUF_inst/O
                         net (fo=1, routed)           1.972     3.430    clk_IBUF
    BUFGCTRL_X0Y16       BUFG (Prop_bufg_I_O)         0.096     3.526 r  clk_IBUF_BUFG_inst/O
                         net (fo=77, routed)          1.607     5.133    display_unit/CLK
    SLICE_X63Y77         FDCE                                         r  display_unit/clk_div_reg[15]/C
  -------------------------------------------------------------------    -------------------
    SLICE_X63Y77         FDCE (Prop_fdce_C_Q)         0.456     5.589 r  display_unit/clk_div_reg[15]/Q
                         net (fo=12, routed)          1.223     6.812    display_unit/display_selection[2]
    SLICE_X64Y74         LUT3 (Prop_lut3_I0_O)        0.124     6.936 r  display_unit/AN_OBUF[1]_inst_i_1/O
                         net (fo=1, routed)           2.062     8.999    AN_OBUF[1]
    J4                   OBUF (Prop_obuf_I_O)         3.491    12.490 r  AN_OBUF[1]_inst/O
                         net (fo=0)                   0.000    12.490    AN[1]
    J4                                                                r  AN[1] (OUT)
  -------------------------------------------------------------------    -------------------

Slack:                    inf
  Source:                 display_unit/clk_div_reg[14]/C
                            (rising edge-triggered cell FDCE clocked by sys_clk  {rise@0.000ns fall@5.000ns period=10.000ns})
  Destination:            AN[5]
                            (output port)
  Path Group:             (none)
  Path Type:              Max at Slow Process Corner
  Data Path Delay:        7.299ns  (logic 4.104ns (56.234%)  route 3.194ns (43.766%))
  Logic Levels:           2  (LUT3=1 OBUF=1)
  Clock Uncertainty:      0.025ns  ((TSJ^2 + TIJ^2)^1/2 + DJ) / 2 + PE
    Total System Jitter     (TSJ):    0.050ns
    Total Input Jitter      (TIJ):    0.000ns
    Discrete Jitter          (DJ):    0.000ns
    Phase Error              (PE):    0.000ns

    Location             Delay type                Incr(ns)  Path(ns)    Netlist Resource(s)
  -------------------------------------------------------------------    -------------------
                         (clock sys_clk rise edge)    0.000     0.000 r  
    F14                                               0.000     0.000 r  clk (IN)
                         net (fo=0)                   0.000     0.000    clk
    F14                  IBUF (Prop_ibuf_I_O)         1.458     1.458 r  clk_IBUF_inst/O
                         net (fo=1, routed)           1.972     3.430    clk_IBUF
    BUFGCTRL_X0Y16       BUFG (Prop_bufg_I_O)         0.096     3.526 r  clk_IBUF_BUFG_inst/O
                         net (fo=77, routed)          1.607     5.133    display_unit/CLK
    SLICE_X63Y77         FDCE                                         r  display_unit/clk_div_reg[14]/C
  -------------------------------------------------------------------    -------------------
    SLICE_X63Y77         FDCE (Prop_fdce_C_Q)         0.456     5.589 r  display_unit/clk_div_reg[14]/Q
                         net (fo=16, routed)          1.272     6.861    display_unit/display_selection[1]
    SLICE_X62Y76         LUT3 (Prop_lut3_I1_O)        0.124     6.985 r  display_unit/AN_OBUF[5]_inst_i_1/O
                         net (fo=1, routed)           1.922     8.907    AN_OBUF[5]
    C4                   OBUF (Prop_obuf_I_O)         3.524    12.432 r  AN_OBUF[5]_inst/O
                         net (fo=0)                   0.000    12.432    AN[5]
    C4                                                                r  AN[5] (OUT)
  -------------------------------------------------------------------    -------------------

Slack:                    inf
  Source:                 display_unit/clk_div_reg[15]/C
                            (rising edge-triggered cell FDCE clocked by sys_clk  {rise@0.000ns fall@5.000ns period=10.000ns})
  Destination:            AN[2]
                            (output port)
  Path Group:             (none)
  Path Type:              Max at Slow Process Corner
  Data Path Delay:        7.190ns  (logic 4.108ns (57.141%)  route 3.082ns (42.859%))
  Logic Levels:           2  (LUT3=1 OBUF=1)
  Clock Uncertainty:      0.025ns  ((TSJ^2 + TIJ^2)^1/2 + DJ) / 2 + PE
    Total System Jitter     (TSJ):    0.050ns
    Total Input Jitter      (TIJ):    0.000ns
    Discrete Jitter          (DJ):    0.000ns
    Phase Error              (PE):    0.000ns

    Location             Delay type                Incr(ns)  Path(ns)    Netlist Resource(s)
  -------------------------------------------------------------------    -------------------
                         (clock sys_clk rise edge)    0.000     0.000 r  
    F14                                               0.000     0.000 r  clk (IN)
                         net (fo=0)                   0.000     0.000    clk
    F14                  IBUF (Prop_ibuf_I_O)         1.458     1.458 r  clk_IBUF_inst/O
                         net (fo=1, routed)           1.972     3.430    clk_IBUF
    BUFGCTRL_X0Y16       BUFG (Prop_bufg_I_O)         0.096     3.526 r  clk_IBUF_BUFG_inst/O
                         net (fo=77, routed)          1.607     5.133    display_unit/CLK
    SLICE_X63Y77         FDCE                                         r  display_unit/clk_div_reg[15]/C
  -------------------------------------------------------------------    -------------------
    SLICE_X63Y77         FDCE (Prop_fdce_C_Q)         0.456     5.589 r  display_unit/clk_div_reg[15]/Q
                         net (fo=12, routed)          1.215     6.804    display_unit/display_selection[2]
    SLICE_X64Y74         LUT3 (Prop_lut3_I0_O)        0.124     6.928 r  display_unit/AN_OBUF[2]_inst_i_1/O
                         net (fo=1, routed)           1.866     8.795    AN_OBUF[2]
    F3                   OBUF (Prop_obuf_I_O)         3.528    12.323 r  AN_OBUF[2]_inst/O
                         net (fo=0)                   0.000    12.323    AN[2]
    F3                                                                r  AN[2] (OUT)
  -------------------------------------------------------------------    -------------------

Slack:                    inf
  Source:                 display_unit/clk_div_reg[14]/C
                            (rising edge-triggered cell FDCE clocked by sys_clk  {rise@0.000ns fall@5.000ns period=10.000ns})
  Destination:            display_unit/display_bcd_reg[0]/D
  Path Group:             (none)
  Path Type:              Max at Slow Process Corner
  Data Path Delay:        4.082ns  (logic 0.932ns (22.830%)  route 3.150ns (77.170%))
  Logic Levels:           2  (LUT3=1 LUT6=1)
  Clock Uncertainty:      0.025ns  ((TSJ^2 + TIJ^2)^1/2 + DJ) / 2 + PE
    Total System Jitter     (TSJ):    0.050ns
    Total Input Jitter      (TIJ):    0.000ns
    Discrete Jitter          (DJ):    0.000ns
    Phase Error              (PE):    0.000ns

    Location             Delay type                Incr(ns)  Path(ns)    Netlist Resource(s)
  -------------------------------------------------------------------    -------------------
                         (clock sys_clk rise edge)    0.000     0.000 r  
    F14                                               0.000     0.000 r  clk (IN)
                         net (fo=0)                   0.000     0.000    clk
    F14                  IBUF (Prop_ibuf_I_O)         1.458     1.458 r  clk_IBUF_inst/O
                         net (fo=1, routed)           1.972     3.430    clk_IBUF
    BUFGCTRL_X0Y16       BUFG (Prop_bufg_I_O)         0.096     3.526 r  clk_IBUF_BUFG_inst/O
                         net (fo=77, routed)          1.607     5.133    display_unit/CLK
    SLICE_X63Y77         FDCE                                         r  display_unit/clk_div_reg[14]/C
  -------------------------------------------------------------------    -------------------
    SLICE_X63Y77         FDCE (Prop_fdce_C_Q)         0.456     5.589 r  display_unit/clk_div_reg[14]/Q
                         net (fo=16, routed)          1.272     6.861    display_unit/display_selection[1]
    SLICE_X62Y76         LUT3 (Prop_lut3_I1_O)        0.150     7.011 r  display_unit/display_bcd_reg[3]_i_4/O
                         net (fo=4, routed)           1.347     8.358    display_unit/display_bcd_reg[3]_i_4_n_0
    SLICE_X61Y73         LUT6 (Prop_lut6_I4_O)        0.326     8.684 r  display_unit/display_bcd_reg[0]_i_1/O
                         net (fo=1, routed)           0.531     9.215    display_unit/display_bcd__0[0]
    SLICE_X62Y73         LDCE                                         r  display_unit/display_bcd_reg[0]/D
  -------------------------------------------------------------------    -------------------

Slack:                    inf
  Source:                 display_unit/clk_div_reg[14]/C
                            (rising edge-triggered cell FDCE clocked by sys_clk  {rise@0.000ns fall@5.000ns period=10.000ns})
  Destination:            display_unit/display_bcd_reg[1]/D
  Path Group:             (none)
  Path Type:              Max at Slow Process Corner
  Data Path Delay:        3.944ns  (logic 0.932ns (23.633%)  route 3.012ns (76.367%))
  Logic Levels:           2  (LUT3=1 LUT6=1)
  Clock Uncertainty:      0.025ns  ((TSJ^2 + TIJ^2)^1/2 + DJ) / 2 + PE
    Total System Jitter     (TSJ):    0.050ns
    Total Input Jitter      (TIJ):    0.000ns
    Discrete Jitter          (DJ):    0.000ns
    Phase Error              (PE):    0.000ns

    Location             Delay type                Incr(ns)  Path(ns)    Netlist Resource(s)
  -------------------------------------------------------------------    -------------------
                         (clock sys_clk rise edge)    0.000     0.000 r  
    F14                                               0.000     0.000 r  clk (IN)
                         net (fo=0)                   0.000     0.000    clk
    F14                  IBUF (Prop_ibuf_I_O)         1.458     1.458 r  clk_IBUF_inst/O
                         net (fo=1, routed)           1.972     3.430    clk_IBUF
    BUFGCTRL_X0Y16       BUFG (Prop_bufg_I_O)         0.096     3.526 r  clk_IBUF_BUFG_inst/O
                         net (fo=77, routed)          1.607     5.133    display_unit/CLK
    SLICE_X63Y77         FDCE                                         r  display_unit/clk_div_reg[14]/C
  -------------------------------------------------------------------    -------------------
    SLICE_X63Y77         FDCE (Prop_fdce_C_Q)         0.456     5.589 r  display_unit/clk_div_reg[14]/Q
                         net (fo=16, routed)          1.272     6.861    display_unit/display_selection[1]
    SLICE_X62Y76         LUT3 (Prop_lut3_I1_O)        0.150     7.011 r  display_unit/display_bcd_reg[3]_i_4/O
                         net (fo=4, routed)           1.192     8.203    display_unit/display_bcd_reg[3]_i_4_n_0
    SLICE_X61Y73         LUT6 (Prop_lut6_I4_O)        0.326     8.529 r  display_unit/display_bcd_reg[1]_i_1/O
                         net (fo=1, routed)           0.547     9.077    display_unit/display_bcd__0[1]
    SLICE_X62Y73         LDCE                                         r  display_unit/display_bcd_reg[1]/D
  -------------------------------------------------------------------    -------------------

Slack:                    inf
  Source:                 display_unit/clk_div_reg[14]/C
                            (rising edge-triggered cell FDCE clocked by sys_clk  {rise@0.000ns fall@5.000ns period=10.000ns})
  Destination:            display_unit/display_bcd_reg[2]/D
  Path Group:             (none)
  Path Type:              Max at Slow Process Corner
  Data Path Delay:        3.916ns  (logic 0.932ns (23.799%)  route 2.984ns (76.201%))
  Logic Levels:           2  (LUT3=1 LUT6=1)
  Clock Uncertainty:      0.025ns  ((TSJ^2 + TIJ^2)^1/2 + DJ) / 2 + PE
    Total System Jitter     (TSJ):    0.050ns
    Total Input Jitter      (TIJ):    0.000ns
    Discrete Jitter          (DJ):    0.000ns
    Phase Error              (PE):    0.000ns

    Location             Delay type                Incr(ns)  Path(ns)    Netlist Resource(s)
  -------------------------------------------------------------------    -------------------
                         (clock sys_clk rise edge)    0.000     0.000 r  
    F14                                               0.000     0.000 r  clk (IN)
                         net (fo=0)                   0.000     0.000    clk
    F14                  IBUF (Prop_ibuf_I_O)         1.458     1.458 r  clk_IBUF_inst/O
                         net (fo=1, routed)           1.972     3.430    clk_IBUF
    BUFGCTRL_X0Y16       BUFG (Prop_bufg_I_O)         0.096     3.526 r  clk_IBUF_BUFG_inst/O
                         net (fo=77, routed)          1.607     5.133    display_unit/CLK
    SLICE_X63Y77         FDCE                                         r  display_unit/clk_div_reg[14]/C
  -------------------------------------------------------------------    -------------------
    SLICE_X63Y77         FDCE (Prop_fdce_C_Q)         0.456     5.589 r  display_unit/clk_div_reg[14]/Q
                         net (fo=16, routed)          1.272     6.861    display_unit/display_selection[1]
    SLICE_X62Y76         LUT3 (Prop_lut3_I1_O)        0.150     7.011 r  display_unit/display_bcd_reg[3]_i_4/O
                         net (fo=4, routed)           1.161     8.172    display_unit/display_bcd_reg[3]_i_4_n_0
    SLICE_X61Y73         LUT6 (Prop_lut6_I4_O)        0.326     8.498 r  display_unit/display_bcd_reg[2]_i_1/O
                         net (fo=1, routed)           0.551     9.049    display_unit/display_bcd__0[2]
    SLICE_X62Y73         LDCE                                         r  display_unit/display_bcd_reg[2]/D
  -------------------------------------------------------------------    -------------------





Min Delay Paths
--------------------------------------------------------------------------------------
Slack:                    inf
  Source:                 hr_tens_reg[3]/C
                            (rising edge-triggered cell FDCE clocked by sys_clk  {rise@0.000ns fall@5.000ns period=10.000ns})
  Destination:            display_unit/display_bcd_reg[3]/D
  Path Group:             (none)
  Path Type:              Min at Fast Process Corner
  Data Path Delay:        0.476ns  (logic 0.186ns (39.106%)  route 0.290ns (60.894%))
  Logic Levels:           1  (LUT6=1)
  Clock Uncertainty:      0.025ns  ((TSJ^2 + TIJ^2)^1/2 + DJ) / 2 + PE
    Total System Jitter     (TSJ):    0.050ns
    Total Input Jitter      (TIJ):    0.000ns
    Discrete Jitter          (DJ):    0.000ns
    Phase Error              (PE):    0.000ns

    Location             Delay type                Incr(ns)  Path(ns)    Netlist Resource(s)
  -------------------------------------------------------------------    -------------------
                         (clock sys_clk rise edge)    0.000     0.000 r  
    F14                                               0.000     0.000 r  clk (IN)
                         net (fo=0)                   0.000     0.000    clk
    F14                  IBUF (Prop_ibuf_I_O)         0.226     0.226 r  clk_IBUF_inst/O
                         net (fo=1, routed)           0.634     0.861    clk_IBUF
    BUFGCTRL_X0Y16       BUFG (Prop_bufg_I_O)         0.026     0.887 r  clk_IBUF_BUFG_inst/O
                         net (fo=77, routed)          0.580     1.466    clk_IBUF_BUFG
    SLICE_X61Y72         FDCE                                         r  hr_tens_reg[3]/C
  -------------------------------------------------------------------    -------------------
    SLICE_X61Y72         FDCE (Prop_fdce_C_Q)         0.141     1.607 r  hr_tens_reg[3]/Q
                         net (fo=6, routed)           0.178     1.785    display_unit/display_bcd_reg[3]_0[3]
    SLICE_X62Y73         LUT6 (Prop_lut6_I1_O)        0.045     1.830 r  display_unit/display_bcd_reg[3]_i_1/O
                         net (fo=1, routed)           0.112     1.942    display_unit/display_bcd__0[3]
    SLICE_X62Y73         LDCE                                         r  display_unit/display_bcd_reg[3]/D
  -------------------------------------------------------------------    -------------------

Slack:                    inf
  Source:                 hr_tens_reg[1]/C
                            (rising edge-triggered cell FDCE clocked by sys_clk  {rise@0.000ns fall@5.000ns period=10.000ns})
  Destination:            display_unit/display_bcd_reg[1]/D
  Path Group:             (none)
  Path Type:              Min at Fast Process Corner
  Data Path Delay:        0.518ns  (logic 0.186ns (35.909%)  route 0.332ns (64.091%))
  Logic Levels:           1  (LUT6=1)
  Clock Uncertainty:      0.025ns  ((TSJ^2 + TIJ^2)^1/2 + DJ) / 2 + PE
    Total System Jitter     (TSJ):    0.050ns
    Total Input Jitter      (TIJ):    0.000ns
    Discrete Jitter          (DJ):    0.000ns
    Phase Error              (PE):    0.000ns

    Location             Delay type                Incr(ns)  Path(ns)    Netlist Resource(s)
  -------------------------------------------------------------------    -------------------
                         (clock sys_clk rise edge)    0.000     0.000 r  
    F14                                               0.000     0.000 r  clk (IN)
                         net (fo=0)                   0.000     0.000    clk
    F14                  IBUF (Prop_ibuf_I_O)         0.226     0.226 r  clk_IBUF_inst/O
                         net (fo=1, routed)           0.634     0.861    clk_IBUF
    BUFGCTRL_X0Y16       BUFG (Prop_bufg_I_O)         0.026     0.887 r  clk_IBUF_BUFG_inst/O
                         net (fo=77, routed)          0.579     1.465    clk_IBUF_BUFG
    SLICE_X63Y73         FDCE                                         r  hr_tens_reg[1]/C
  -------------------------------------------------------------------    -------------------
    SLICE_X63Y73         FDCE (Prop_fdce_C_Q)         0.141     1.606 r  hr_tens_reg[1]/Q
                         net (fo=6, routed)           0.143     1.749    display_unit/display_bcd_reg[3]_0[1]
    SLICE_X61Y73         LUT6 (Prop_lut6_I1_O)        0.045     1.794 r  display_unit/display_bcd_reg[1]_i_1/O
                         net (fo=1, routed)           0.189     1.983    display_unit/display_bcd__0[1]
    SLICE_X62Y73         LDCE                                         r  display_unit/display_bcd_reg[1]/D
  -------------------------------------------------------------------    -------------------

Slack:                    inf
  Source:                 hr_ones_reg[0]/C
                            (rising edge-triggered cell FDCE clocked by sys_clk  {rise@0.000ns fall@5.000ns period=10.000ns})
  Destination:            display_unit/display_bcd_reg[0]/D
  Path Group:             (none)
  Path Type:              Min at Fast Process Corner
  Data Path Delay:        0.526ns  (logic 0.209ns (39.725%)  route 0.317ns (60.275%))
  Logic Levels:           1  (LUT6=1)
  Clock Uncertainty:      0.025ns  ((TSJ^2 + TIJ^2)^1/2 + DJ) / 2 + PE
    Total System Jitter     (TSJ):    0.050ns
    Total Input Jitter      (TIJ):    0.000ns
    Discrete Jitter          (DJ):    0.000ns
    Phase Error              (PE):    0.000ns

    Location             Delay type                Incr(ns)  Path(ns)    Netlist Resource(s)
  -------------------------------------------------------------------    -------------------
                         (clock sys_clk rise edge)    0.000     0.000 r  
    F14                                               0.000     0.000 r  clk (IN)
                         net (fo=0)                   0.000     0.000    clk
    F14                  IBUF (Prop_ibuf_I_O)         0.226     0.226 r  clk_IBUF_inst/O
                         net (fo=1, routed)           0.634     0.861    clk_IBUF
    BUFGCTRL_X0Y16       BUFG (Prop_bufg_I_O)         0.026     0.887 r  clk_IBUF_BUFG_inst/O
                         net (fo=77, routed)          0.580     1.466    clk_IBUF_BUFG
    SLICE_X60Y72         FDCE                                         r  hr_ones_reg[0]/C
  -------------------------------------------------------------------    -------------------
    SLICE_X60Y72         FDCE (Prop_fdce_C_Q)         0.164     1.630 r  hr_ones_reg[0]/Q
                         net (fo=7, routed)           0.138     1.769    display_unit/Q[0]
    SLICE_X61Y73         LUT6 (Prop_lut6_I0_O)        0.045     1.814 r  display_unit/display_bcd_reg[0]_i_1/O
                         net (fo=1, routed)           0.179     1.992    display_unit/display_bcd__0[0]
    SLICE_X62Y73         LDCE                                         r  display_unit/display_bcd_reg[0]/D
  -------------------------------------------------------------------    -------------------

Slack:                    inf
  Source:                 hr_tens_reg[2]/C
                            (rising edge-triggered cell FDCE clocked by sys_clk  {rise@0.000ns fall@5.000ns period=10.000ns})
  Destination:            display_unit/display_bcd_reg[2]/D
  Path Group:             (none)
  Path Type:              Min at Fast Process Corner
  Data Path Delay:        0.541ns  (logic 0.186ns (34.410%)  route 0.355ns (65.590%))
  Logic Levels:           1  (LUT6=1)
  Clock Uncertainty:      0.025ns  ((TSJ^2 + TIJ^2)^1/2 + DJ) / 2 + PE
    Total System Jitter     (TSJ):    0.050ns
    Total Input Jitter      (TIJ):    0.000ns
    Discrete Jitter          (DJ):    0.000ns
    Phase Error              (PE):    0.000ns

    Location             Delay type                Incr(ns)  Path(ns)    Netlist Resource(s)
  -------------------------------------------------------------------    -------------------
                         (clock sys_clk rise edge)    0.000     0.000 r  
    F14                                               0.000     0.000 r  clk (IN)
                         net (fo=0)                   0.000     0.000    clk
    F14                  IBUF (Prop_ibuf_I_O)         0.226     0.226 r  clk_IBUF_inst/O
                         net (fo=1, routed)           0.634     0.861    clk_IBUF
    BUFGCTRL_X0Y16       BUFG (Prop_bufg_I_O)         0.026     0.887 r  clk_IBUF_BUFG_inst/O
                         net (fo=77, routed)          0.578     1.464    clk_IBUF_BUFG
    SLICE_X61Y73         FDCE                                         r  hr_tens_reg[2]/C
  -------------------------------------------------------------------    -------------------
    SLICE_X61Y73         FDCE (Prop_fdce_C_Q)         0.141     1.605 r  hr_tens_reg[2]/Q
                         net (fo=5, routed)           0.159     1.765    display_unit/display_bcd_reg[3]_0[2]
    SLICE_X61Y73         LUT6 (Prop_lut6_I1_O)        0.045     1.810 r  display_unit/display_bcd_reg[2]_i_1/O
                         net (fo=1, routed)           0.195     2.005    display_unit/display_bcd__0[2]
    SLICE_X62Y73         LDCE                                         r  display_unit/display_bcd_reg[2]/D
  -------------------------------------------------------------------    -------------------

Slack:                    inf
  Source:                 display_unit/clk_div_reg[15]/C
                            (rising edge-triggered cell FDCE clocked by sys_clk  {rise@0.000ns fall@5.000ns period=10.000ns})
  Destination:            display_unit/dp_reg/D
  Path Group:             (none)
  Path Type:              Min at Fast Process Corner
  Data Path Delay:        0.565ns  (logic 0.190ns (33.638%)  route 0.375ns (66.362%))
  Logic Levels:           1  (LUT3=1)
  Clock Uncertainty:      0.025ns  ((TSJ^2 + TIJ^2)^1/2 + DJ) / 2 + PE
    Total System Jitter     (TSJ):    0.050ns
    Total Input Jitter      (TIJ):    0.000ns
    Discrete Jitter          (DJ):    0.000ns
    Phase Error              (PE):    0.000ns

    Location             Delay type                Incr(ns)  Path(ns)    Netlist Resource(s)
  -------------------------------------------------------------------    -------------------
                         (clock sys_clk rise edge)    0.000     0.000 r  
    F14                                               0.000     0.000 r  clk (IN)
                         net (fo=0)                   0.000     0.000    clk
    F14                  IBUF (Prop_ibuf_I_O)         0.226     0.226 r  clk_IBUF_inst/O
                         net (fo=1, routed)           0.634     0.861    clk_IBUF
    BUFGCTRL_X0Y16       BUFG (Prop_bufg_I_O)         0.026     0.887 r  clk_IBUF_BUFG_inst/O
                         net (fo=77, routed)          0.581     1.467    display_unit/CLK
    SLICE_X63Y77         FDCE                                         r  display_unit/clk_div_reg[15]/C
  -------------------------------------------------------------------    -------------------
    SLICE_X63Y77         FDCE (Prop_fdce_C_Q)         0.141     1.608 r  display_unit/clk_div_reg[15]/Q
                         net (fo=12, routed)          0.255     1.864    display_unit/display_selection[2]
    SLICE_X64Y74         LUT3 (Prop_lut3_I1_O)        0.049     1.913 r  display_unit/dp_reg_i_1/O
                         net (fo=1, routed)           0.119     2.032    display_unit/dp_reg_i_1_n_0
    SLICE_X64Y74         LDCE                                         r  display_unit/dp_reg/D
  -------------------------------------------------------------------    -------------------

Slack:                    inf
  Source:                 display_unit/clk_div_reg[13]/C
                            (rising edge-triggered cell FDCE clocked by sys_clk  {rise@0.000ns fall@5.000ns period=10.000ns})
  Destination:            AN[2]
                            (output port)
  Path Group:             (none)
  Path Type:              Min at Fast Process Corner
  Data Path Delay:        2.135ns  (logic 1.415ns (66.301%)  route 0.719ns (33.699%))
  Logic Levels:           2  (LUT3=1 OBUF=1)
  Clock Uncertainty:      0.025ns  ((TSJ^2 + TIJ^2)^1/2 + DJ) / 2 + PE
    Total System Jitter     (TSJ):    0.050ns
    Total Input Jitter      (TIJ):    0.000ns
    Discrete Jitter          (DJ):    0.000ns
    Phase Error              (PE):    0.000ns

    Location             Delay type                Incr(ns)  Path(ns)    Netlist Resource(s)
  -------------------------------------------------------------------    -------------------
                         (clock sys_clk rise edge)    0.000     0.000 r  
    F14                                               0.000     0.000 r  clk (IN)
                         net (fo=0)                   0.000     0.000    clk
    F14                  IBUF (Prop_ibuf_I_O)         0.226     0.226 r  clk_IBUF_inst/O
                         net (fo=1, routed)           0.634     0.861    clk_IBUF
    BUFGCTRL_X0Y16       BUFG (Prop_bufg_I_O)         0.026     0.887 r  clk_IBUF_BUFG_inst/O
                         net (fo=77, routed)          0.581     1.467    display_unit/CLK
    SLICE_X63Y77         FDCE                                         r  display_unit/clk_div_reg[13]/C
  -------------------------------------------------------------------    -------------------
    SLICE_X63Y77         FDCE (Prop_fdce_C_Q)         0.141     1.608 r  display_unit/clk_div_reg[13]/Q
                         net (fo=15, routed)          0.314     1.922    display_unit/display_selection[0]
    SLICE_X64Y74         LUT3 (Prop_lut3_I2_O)        0.045     1.967 r  display_unit/AN_OBUF[2]_inst_i_1/O
                         net (fo=1, routed)           0.405     2.373    AN_OBUF[2]
    F3                   OBUF (Prop_obuf_I_O)         1.229     3.602 r  AN_OBUF[2]_inst/O
                         net (fo=0)                   0.000     3.602    AN[2]
    F3                                                                r  AN[2] (OUT)
  -------------------------------------------------------------------    -------------------

Slack:                    inf
  Source:                 display_unit/clk_div_reg[15]/C
                            (rising edge-triggered cell FDCE clocked by sys_clk  {rise@0.000ns fall@5.000ns period=10.000ns})
  Destination:            AN[5]
                            (output port)
  Path Group:             (none)
  Path Type:              Min at Fast Process Corner
  Data Path Delay:        2.162ns  (logic 1.411ns (65.289%)  route 0.750ns (34.711%))
  Logic Levels:           2  (LUT3=1 OBUF=1)
  Clock Uncertainty:      0.025ns  ((TSJ^2 + TIJ^2)^1/2 + DJ) / 2 + PE
    Total System Jitter     (TSJ):    0.050ns
    Total Input Jitter      (TIJ):    0.000ns
    Discrete Jitter          (DJ):    0.000ns
    Phase Error              (PE):    0.000ns

    Location             Delay type                Incr(ns)  Path(ns)    Netlist Resource(s)
  -------------------------------------------------------------------    -------------------
                         (clock sys_clk rise edge)    0.000     0.000 r  
    F14                                               0.000     0.000 r  clk (IN)
                         net (fo=0)                   0.000     0.000    clk
    F14                  IBUF (Prop_ibuf_I_O)         0.226     0.226 r  clk_IBUF_inst/O
                         net (fo=1, routed)           0.634     0.861    clk_IBUF
    BUFGCTRL_X0Y16       BUFG (Prop_bufg_I_O)         0.026     0.887 r  clk_IBUF_BUFG_inst/O
                         net (fo=77, routed)          0.581     1.467    display_unit/CLK
    SLICE_X63Y77         FDCE                                         r  display_unit/clk_div_reg[15]/C
  -------------------------------------------------------------------    -------------------
    SLICE_X63Y77         FDCE (Prop_fdce_C_Q)         0.141     1.608 f  display_unit/clk_div_reg[15]/Q
                         net (fo=12, routed)          0.300     1.909    display_unit/display_selection[2]
    SLICE_X62Y76         LUT3 (Prop_lut3_I2_O)        0.045     1.954 r  display_unit/AN_OBUF[5]_inst_i_1/O
                         net (fo=1, routed)           0.450     2.404    AN_OBUF[5]
    C4                   OBUF (Prop_obuf_I_O)         1.225     3.629 r  AN_OBUF[5]_inst/O
                         net (fo=0)                   0.000     3.629    AN[5]
    C4                                                                r  AN[5] (OUT)
  -------------------------------------------------------------------    -------------------

Slack:                    inf
  Source:                 display_unit/clk_div_reg[13]/C
                            (rising edge-triggered cell FDCE clocked by sys_clk  {rise@0.000ns fall@5.000ns period=10.000ns})
  Destination:            AN[3]
                            (output port)
  Path Group:             (none)
  Path Type:              Min at Fast Process Corner
  Data Path Delay:        2.193ns  (logic 1.485ns (67.686%)  route 0.709ns (32.314%))
  Logic Levels:           2  (LUT3=1 OBUF=1)
  Clock Uncertainty:      0.025ns  ((TSJ^2 + TIJ^2)^1/2 + DJ) / 2 + PE
    Total System Jitter     (TSJ):    0.050ns
    Total Input Jitter      (TIJ):    0.000ns
    Discrete Jitter          (DJ):    0.000ns
    Phase Error              (PE):    0.000ns

    Location             Delay type                Incr(ns)  Path(ns)    Netlist Resource(s)
  -------------------------------------------------------------------    -------------------
                         (clock sys_clk rise edge)    0.000     0.000 r  
    F14                                               0.000     0.000 r  clk (IN)
                         net (fo=0)                   0.000     0.000    clk
    F14                  IBUF (Prop_ibuf_I_O)         0.226     0.226 r  clk_IBUF_inst/O
                         net (fo=1, routed)           0.634     0.861    clk_IBUF
    BUFGCTRL_X0Y16       BUFG (Prop_bufg_I_O)         0.026     0.887 r  clk_IBUF_BUFG_inst/O
                         net (fo=77, routed)          0.581     1.467    display_unit/CLK
    SLICE_X63Y77         FDCE                                         r  display_unit/clk_div_reg[13]/C
  -------------------------------------------------------------------    -------------------
    SLICE_X63Y77         FDCE (Prop_fdce_C_Q)         0.141     1.608 f  display_unit/clk_div_reg[13]/Q
                         net (fo=15, routed)          0.314     1.922    display_unit/display_selection[0]
    SLICE_X64Y74         LUT3 (Prop_lut3_I1_O)        0.047     1.969 r  display_unit/AN_OBUF[3]_inst_i_1/O
                         net (fo=1, routed)           0.395     2.364    AN_OBUF[3]
    E4                   OBUF (Prop_obuf_I_O)         1.297     3.661 r  AN_OBUF[3]_inst/O
                         net (fo=0)                   0.000     3.661    AN[3]
    E4                                                                r  AN[3] (OUT)
  -------------------------------------------------------------------    -------------------

Slack:                    inf
  Source:                 display_unit/clk_div_reg[13]/C
                            (rising edge-triggered cell FDCE clocked by sys_clk  {rise@0.000ns fall@5.000ns period=10.000ns})
  Destination:            AN[1]
                            (output port)
  Path Group:             (none)
  Path Type:              Min at Fast Process Corner
  Data Path Delay:        2.195ns  (logic 1.379ns (62.808%)  route 0.816ns (37.192%))
  Logic Levels:           2  (LUT3=1 OBUF=1)
  Clock Uncertainty:      0.025ns  ((TSJ^2 + TIJ^2)^1/2 + DJ) / 2 + PE
    Total System Jitter     (TSJ):    0.050ns
    Total Input Jitter      (TIJ):    0.000ns
    Discrete Jitter          (DJ):    0.000ns
    Phase Error              (PE):    0.000ns

    Location             Delay type                Incr(ns)  Path(ns)    Netlist Resource(s)
  -------------------------------------------------------------------    -------------------
                         (clock sys_clk rise edge)    0.000     0.000 r  
    F14                                               0.000     0.000 r  clk (IN)
                         net (fo=0)                   0.000     0.000    clk
    F14                  IBUF (Prop_ibuf_I_O)         0.226     0.226 r  clk_IBUF_inst/O
                         net (fo=1, routed)           0.634     0.861    clk_IBUF
    BUFGCTRL_X0Y16       BUFG (Prop_bufg_I_O)         0.026     0.887 r  clk_IBUF_BUFG_inst/O
                         net (fo=77, routed)          0.581     1.467    display_unit/CLK
    SLICE_X63Y77         FDCE                                         r  display_unit/clk_div_reg[13]/C
  -------------------------------------------------------------------    -------------------
    SLICE_X63Y77         FDCE (Prop_fdce_C_Q)         0.141     1.608 f  display_unit/clk_div_reg[13]/Q
                         net (fo=15, routed)          0.315     1.923    display_unit/display_selection[0]
    SLICE_X64Y74         LUT3 (Prop_lut3_I2_O)        0.045     1.968 r  display_unit/AN_OBUF[1]_inst_i_1/O
                         net (fo=1, routed)           0.501     2.470    AN_OBUF[1]
    J4                   OBUF (Prop_obuf_I_O)         1.193     3.662 r  AN_OBUF[1]_inst/O
                         net (fo=0)                   0.000     3.662    AN[1]
    J4                                                                r  AN[1] (OUT)
  -------------------------------------------------------------------    -------------------

Slack:                    inf
  Source:                 display_unit/clk_div_reg[15]/C
                            (rising edge-triggered cell FDCE clocked by sys_clk  {rise@0.000ns fall@5.000ns period=10.000ns})
  Destination:            AN[0]
                            (output port)
  Path Group:             (none)
  Path Type:              Min at Fast Process Corner
  Data Path Delay:        2.260ns  (logic 1.470ns (65.047%)  route 0.790ns (34.953%))
  Logic Levels:           2  (LUT3=1 OBUF=1)
  Clock Uncertainty:      0.025ns  ((TSJ^2 + TIJ^2)^1/2 + DJ) / 2 + PE
    Total System Jitter     (TSJ):    0.050ns
    Total Input Jitter      (TIJ):    0.000ns
    Discrete Jitter          (DJ):    0.000ns
    Phase Error              (PE):    0.000ns

    Location             Delay type                Incr(ns)  Path(ns)    Netlist Resource(s)
  -------------------------------------------------------------------    -------------------
                         (clock sys_clk rise edge)    0.000     0.000 r  
    F14                                               0.000     0.000 r  clk (IN)
                         net (fo=0)                   0.000     0.000    clk
    F14                  IBUF (Prop_ibuf_I_O)         0.226     0.226 r  clk_IBUF_inst/O
                         net (fo=1, routed)           0.634     0.861    clk_IBUF
    BUFGCTRL_X0Y16       BUFG (Prop_bufg_I_O)         0.026     0.887 r  clk_IBUF_BUFG_inst/O
                         net (fo=77, routed)          0.581     1.467    display_unit/CLK
    SLICE_X63Y77         FDCE                                         r  display_unit/clk_div_reg[15]/C
  -------------------------------------------------------------------    -------------------
    SLICE_X63Y77         FDCE (Prop_fdce_C_Q)         0.141     1.608 r  display_unit/clk_div_reg[15]/Q
                         net (fo=12, routed)          0.264     1.873    display_unit/display_selection[2]
    SLICE_X64Y74         LUT3 (Prop_lut3_I1_O)        0.049     1.922 r  display_unit/AN_OBUF[0]_inst_i_1/O
                         net (fo=1, routed)           0.526     2.447    AN_OBUF[0]
    H3                   OBUF (Prop_obuf_I_O)         1.280     3.728 r  AN_OBUF[0]_inst/O
                         net (fo=0)                   0.000     3.728    AN[0]
    H3                                                                r  AN[0] (OUT)
  -------------------------------------------------------------------    -------------------





--------------------------------------------------------------------------------------
Path Group:  (none)
From Clock:  
  To Clock:  sys_clk

Max Delay           109 Endpoints
Min Delay           109 Endpoints
--------------------------------------------------------------------------------------


Max Delay Paths
--------------------------------------------------------------------------------------
Slack:                    inf
  Source:                 rst
                            (input port)
  Destination:            min_ones_reg[0]/CLR
                            (recovery check against rising-edge clock sys_clk  {rise@0.000ns fall@5.000ns period=10.000ns})
  Path Group:             (none)
  Path Type:              Recovery (Max at Slow Process Corner)
  Data Path Delay:        5.119ns  (logic 1.462ns (28.552%)  route 3.657ns (71.448%))
  Logic Levels:           1  (IBUF=1)
  Clock Path Skew:        4.837ns (DCD - SCD + CPR)
    Destination Clock Delay (DCD):    4.837ns
    Source Clock Delay      (SCD):    0.000ns
    Clock Pessimism Removal (CPR):    0.000ns
  Clock Uncertainty:      0.025ns  ((TSJ^2 + TIJ^2)^1/2 + DJ) / 2 + PE
    Total System Jitter     (TSJ):    0.050ns
    Total Input Jitter      (TIJ):    0.000ns
    Discrete Jitter          (DJ):    0.000ns
    Phase Error              (PE):    0.000ns

    Location             Delay type                Incr(ns)  Path(ns)    Netlist Resource(s)
  -------------------------------------------------------------------    -------------------
    J1                                                0.000     0.000 f  rst (IN)
                         net (fo=0)                   0.000     0.000    rst
    J1                   IBUF (Prop_ibuf_I_O)         1.462     1.462 f  rst_IBUF_inst/O
                         net (fo=77, routed)          3.657     5.119    rst_IBUF
    SLICE_X58Y73         FDCE                                         f  min_ones_reg[0]/CLR
  -------------------------------------------------------------------    -------------------

                         (clock sys_clk rise edge)    0.000     0.000 r  
    F14                                               0.000     0.000 r  clk (IN)
                         net (fo=0)                   0.000     0.000    clk
    F14                  IBUF (Prop_ibuf_I_O)         1.388     1.388 r  clk_IBUF_inst/O
                         net (fo=1, routed)           1.868     3.256    clk_IBUF
    BUFGCTRL_X0Y16       BUFG (Prop_bufg_I_O)         0.091     3.347 r  clk_IBUF_BUFG_inst/O
                         net (fo=77, routed)          1.490     4.837    clk_IBUF_BUFG
    SLICE_X58Y73         FDCE                                         r  min_ones_reg[0]/C

Slack:                    inf
  Source:                 rst
                            (input port)
  Destination:            min_ones_reg[1]/CLR
                            (recovery check against rising-edge clock sys_clk  {rise@0.000ns fall@5.000ns period=10.000ns})
  Path Group:             (none)
  Path Type:              Recovery (Max at Slow Process Corner)
  Data Path Delay:        5.119ns  (logic 1.462ns (28.552%)  route 3.657ns (71.448%))
  Logic Levels:           1  (IBUF=1)
  Clock Path Skew:        4.837ns (DCD - SCD + CPR)
    Destination Clock Delay (DCD):    4.837ns
    Source Clock Delay      (SCD):    0.000ns
    Clock Pessimism Removal (CPR):    0.000ns
  Clock Uncertainty:      0.025ns  ((TSJ^2 + TIJ^2)^1/2 + DJ) / 2 + PE
    Total System Jitter     (TSJ):    0.050ns
    Total Input Jitter      (TIJ):    0.000ns
    Discrete Jitter          (DJ):    0.000ns
    Phase Error              (PE):    0.000ns

    Location             Delay type                Incr(ns)  Path(ns)    Netlist Resource(s)
  -------------------------------------------------------------------    -------------------
    J1                                                0.000     0.000 f  rst (IN)
                         net (fo=0)                   0.000     0.000    rst
    J1                   IBUF (Prop_ibuf_I_O)         1.462     1.462 f  rst_IBUF_inst/O
                         net (fo=77, routed)          3.657     5.119    rst_IBUF
    SLICE_X58Y73         FDCE                                         f  min_ones_reg[1]/CLR
  -------------------------------------------------------------------    -------------------

                         (clock sys_clk rise edge)    0.000     0.000 r  
    F14                                               0.000     0.000 r  clk (IN)
                         net (fo=0)                   0.000     0.000    clk
    F14                  IBUF (Prop_ibuf_I_O)         1.388     1.388 r  clk_IBUF_inst/O
                         net (fo=1, routed)           1.868     3.256    clk_IBUF
    BUFGCTRL_X0Y16       BUFG (Prop_bufg_I_O)         0.091     3.347 r  clk_IBUF_BUFG_inst/O
                         net (fo=77, routed)          1.490     4.837    clk_IBUF_BUFG
    SLICE_X58Y73         FDCE                                         r  min_ones_reg[1]/C

Slack:                    inf
  Source:                 rst
                            (input port)
  Destination:            min_ones_reg[2]/CLR
                            (recovery check against rising-edge clock sys_clk  {rise@0.000ns fall@5.000ns period=10.000ns})
  Path Group:             (none)
  Path Type:              Recovery (Max at Slow Process Corner)
  Data Path Delay:        5.119ns  (logic 1.462ns (28.552%)  route 3.657ns (71.448%))
  Logic Levels:           1  (IBUF=1)
  Clock Path Skew:        4.837ns (DCD - SCD + CPR)
    Destination Clock Delay (DCD):    4.837ns
    Source Clock Delay      (SCD):    0.000ns
    Clock Pessimism Removal (CPR):    0.000ns
  Clock Uncertainty:      0.025ns  ((TSJ^2 + TIJ^2)^1/2 + DJ) / 2 + PE
    Total System Jitter     (TSJ):    0.050ns
    Total Input Jitter      (TIJ):    0.000ns
    Discrete Jitter          (DJ):    0.000ns
    Phase Error              (PE):    0.000ns

    Location             Delay type                Incr(ns)  Path(ns)    Netlist Resource(s)
  -------------------------------------------------------------------    -------------------
    J1                                                0.000     0.000 f  rst (IN)
                         net (fo=0)                   0.000     0.000    rst
    J1                   IBUF (Prop_ibuf_I_O)         1.462     1.462 f  rst_IBUF_inst/O
                         net (fo=77, routed)          3.657     5.119    rst_IBUF
    SLICE_X58Y73         FDCE                                         f  min_ones_reg[2]/CLR
  -------------------------------------------------------------------    -------------------

                         (clock sys_clk rise edge)    0.000     0.000 r  
    F14                                               0.000     0.000 r  clk (IN)
                         net (fo=0)                   0.000     0.000    clk
    F14                  IBUF (Prop_ibuf_I_O)         1.388     1.388 r  clk_IBUF_inst/O
                         net (fo=1, routed)           1.868     3.256    clk_IBUF
    BUFGCTRL_X0Y16       BUFG (Prop_bufg_I_O)         0.091     3.347 r  clk_IBUF_BUFG_inst/O
                         net (fo=77, routed)          1.490     4.837    clk_IBUF_BUFG
    SLICE_X58Y73         FDCE                                         r  min_ones_reg[2]/C

Slack:                    inf
  Source:                 rst
                            (input port)
  Destination:            min_ones_reg[3]/CLR
                            (recovery check against rising-edge clock sys_clk  {rise@0.000ns fall@5.000ns period=10.000ns})
  Path Group:             (none)
  Path Type:              Recovery (Max at Slow Process Corner)
  Data Path Delay:        5.119ns  (logic 1.462ns (28.552%)  route 3.657ns (71.448%))
  Logic Levels:           1  (IBUF=1)
  Clock Path Skew:        4.837ns (DCD - SCD + CPR)
    Destination Clock Delay (DCD):    4.837ns
    Source Clock Delay      (SCD):    0.000ns
    Clock Pessimism Removal (CPR):    0.000ns
  Clock Uncertainty:      0.025ns  ((TSJ^2 + TIJ^2)^1/2 + DJ) / 2 + PE
    Total System Jitter     (TSJ):    0.050ns
    Total Input Jitter      (TIJ):    0.000ns
    Discrete Jitter          (DJ):    0.000ns
    Phase Error              (PE):    0.000ns

    Location             Delay type                Incr(ns)  Path(ns)    Netlist Resource(s)
  -------------------------------------------------------------------    -------------------
    J1                                                0.000     0.000 f  rst (IN)
                         net (fo=0)                   0.000     0.000    rst
    J1                   IBUF (Prop_ibuf_I_O)         1.462     1.462 f  rst_IBUF_inst/O
                         net (fo=77, routed)          3.657     5.119    rst_IBUF
    SLICE_X58Y73         FDCE                                         f  min_ones_reg[3]/CLR
  -------------------------------------------------------------------    -------------------

                         (clock sys_clk rise edge)    0.000     0.000 r  
    F14                                               0.000     0.000 r  clk (IN)
                         net (fo=0)                   0.000     0.000    clk
    F14                  IBUF (Prop_ibuf_I_O)         1.388     1.388 r  clk_IBUF_inst/O
                         net (fo=1, routed)           1.868     3.256    clk_IBUF
    BUFGCTRL_X0Y16       BUFG (Prop_bufg_I_O)         0.091     3.347 r  clk_IBUF_BUFG_inst/O
                         net (fo=77, routed)          1.490     4.837    clk_IBUF_BUFG
    SLICE_X58Y73         FDCE                                         r  min_ones_reg[3]/C

Slack:                    inf
  Source:                 rst
                            (input port)
  Destination:            day_reg[0]/CLR
                            (recovery check against rising-edge clock sys_clk  {rise@0.000ns fall@5.000ns period=10.000ns})
  Path Group:             (none)
  Path Type:              Recovery (Max at Slow Process Corner)
  Data Path Delay:        5.114ns  (logic 1.462ns (28.576%)  route 3.653ns (71.424%))
  Logic Levels:           1  (IBUF=1)
  Clock Path Skew:        4.837ns (DCD - SCD + CPR)
    Destination Clock Delay (DCD):    4.837ns
    Source Clock Delay      (SCD):    0.000ns
    Clock Pessimism Removal (CPR):    0.000ns
  Clock Uncertainty:      0.025ns  ((TSJ^2 + TIJ^2)^1/2 + DJ) / 2 + PE
    Total System Jitter     (TSJ):    0.050ns
    Total Input Jitter      (TIJ):    0.000ns
    Discrete Jitter          (DJ):    0.000ns
    Phase Error              (PE):    0.000ns

    Location             Delay type                Incr(ns)  Path(ns)    Netlist Resource(s)
  -------------------------------------------------------------------    -------------------
    J1                                                0.000     0.000 f  rst (IN)
                         net (fo=0)                   0.000     0.000    rst
    J1                   IBUF (Prop_ibuf_I_O)         1.462     1.462 f  rst_IBUF_inst/O
                         net (fo=77, routed)          3.653     5.114    rst_IBUF
    SLICE_X59Y73         FDCE                                         f  day_reg[0]/CLR
  -------------------------------------------------------------------    -------------------

                         (clock sys_clk rise edge)    0.000     0.000 r  
    F14                                               0.000     0.000 r  clk (IN)
                         net (fo=0)                   0.000     0.000    clk
    F14                  IBUF (Prop_ibuf_I_O)         1.388     1.388 r  clk_IBUF_inst/O
                         net (fo=1, routed)           1.868     3.256    clk_IBUF
    BUFGCTRL_X0Y16       BUFG (Prop_bufg_I_O)         0.091     3.347 r  clk_IBUF_BUFG_inst/O
                         net (fo=77, routed)          1.490     4.837    clk_IBUF_BUFG
    SLICE_X59Y73         FDCE                                         r  day_reg[0]/C

Slack:                    inf
  Source:                 rst
                            (input port)
  Destination:            day_reg[2]/CLR
                            (recovery check against rising-edge clock sys_clk  {rise@0.000ns fall@5.000ns period=10.000ns})
  Path Group:             (none)
  Path Type:              Recovery (Max at Slow Process Corner)
  Data Path Delay:        5.114ns  (logic 1.462ns (28.576%)  route 3.653ns (71.424%))
  Logic Levels:           1  (IBUF=1)
  Clock Path Skew:        4.837ns (DCD - SCD + CPR)
    Destination Clock Delay (DCD):    4.837ns
    Source Clock Delay      (SCD):    0.000ns
    Clock Pessimism Removal (CPR):    0.000ns
  Clock Uncertainty:      0.025ns  ((TSJ^2 + TIJ^2)^1/2 + DJ) / 2 + PE
    Total System Jitter     (TSJ):    0.050ns
    Total Input Jitter      (TIJ):    0.000ns
    Discrete Jitter          (DJ):    0.000ns
    Phase Error              (PE):    0.000ns

    Location             Delay type                Incr(ns)  Path(ns)    Netlist Resource(s)
  -------------------------------------------------------------------    -------------------
    J1                                                0.000     0.000 f  rst (IN)
                         net (fo=0)                   0.000     0.000    rst
    J1                   IBUF (Prop_ibuf_I_O)         1.462     1.462 f  rst_IBUF_inst/O
                         net (fo=77, routed)          3.653     5.114    rst_IBUF
    SLICE_X59Y73         FDCE                                         f  day_reg[2]/CLR
  -------------------------------------------------------------------    -------------------

                         (clock sys_clk rise edge)    0.000     0.000 r  
    F14                                               0.000     0.000 r  clk (IN)
                         net (fo=0)                   0.000     0.000    clk
    F14                  IBUF (Prop_ibuf_I_O)         1.388     1.388 r  clk_IBUF_inst/O
                         net (fo=1, routed)           1.868     3.256    clk_IBUF
    BUFGCTRL_X0Y16       BUFG (Prop_bufg_I_O)         0.091     3.347 r  clk_IBUF_BUFG_inst/O
                         net (fo=77, routed)          1.490     4.837    clk_IBUF_BUFG
    SLICE_X59Y73         FDCE                                         r  day_reg[2]/C

Slack:                    inf
  Source:                 min_set
                            (input port)
  Destination:            hr_ones_reg[1]/D
                            (rising edge-triggered cell FDCE clocked by sys_clk  {rise@0.000ns fall@5.000ns period=10.000ns})
  Path Group:             (none)
  Path Type:              Setup (Max at Slow Process Corner)
  Data Path Delay:        5.076ns  (logic 1.717ns (33.822%)  route 3.359ns (66.178%))
  Logic Levels:           3  (IBUF=1 LUT5=2)
  Clock Path Skew:        4.838ns (DCD - SCD + CPR)
    Destination Clock Delay (DCD):    4.838ns
    Source Clock Delay      (SCD):    0.000ns
    Clock Pessimism Removal (CPR):    0.000ns
  Clock Uncertainty:      0.025ns  ((TSJ^2 + TIJ^2)^1/2 + DJ) / 2 + PE
    Total System Jitter     (TSJ):    0.050ns
    Total Input Jitter      (TIJ):    0.000ns
    Discrete Jitter          (DJ):    0.000ns
    Phase Error              (PE):    0.000ns

    Location             Delay type                Incr(ns)  Path(ns)    Netlist Resource(s)
  -------------------------------------------------------------------    -------------------
    J5                                                0.000     0.000 r  min_set (IN)
                         net (fo=0)                   0.000     0.000    min_set
    J5                   IBUF (Prop_ibuf_I_O)         1.443     1.443 r  min_set_IBUF_inst/O
                         net (fo=8, routed)           2.341     3.783    min_set_IBUF
    SLICE_X60Y74         LUT5 (Prop_lut5_I1_O)        0.124     3.907 r  hr_ones[3]_i_3/O
                         net (fo=3, routed)           0.682     4.590    hr_ones[3]_i_3_n_0
    SLICE_X60Y72         LUT5 (Prop_lut5_I0_O)        0.150     4.740 r  hr_ones[1]_i_1/O
                         net (fo=1, routed)           0.336     5.076    hr_ones[1]_i_1_n_0
    SLICE_X60Y72         FDCE                                         r  hr_ones_reg[1]/D
  -------------------------------------------------------------------    -------------------

                         (clock sys_clk rise edge)    0.000     0.000 r  
    F14                                               0.000     0.000 r  clk (IN)
                         net (fo=0)                   0.000     0.000    clk
    F14                  IBUF (Prop_ibuf_I_O)         1.388     1.388 r  clk_IBUF_inst/O
                         net (fo=1, routed)           1.868     3.256    clk_IBUF
    BUFGCTRL_X0Y16       BUFG (Prop_bufg_I_O)         0.091     3.347 r  clk_IBUF_BUFG_inst/O
                         net (fo=77, routed)          1.491     4.838    clk_IBUF_BUFG
    SLICE_X60Y72         FDCE                                         r  hr_ones_reg[1]/C

Slack:                    inf
  Source:                 min_set
                            (input port)
  Destination:            hr_ones_reg[2]/D
                            (rising edge-triggered cell FDCE clocked by sys_clk  {rise@0.000ns fall@5.000ns period=10.000ns})
  Path Group:             (none)
  Path Type:              Setup (Max at Slow Process Corner)
  Data Path Delay:        4.884ns  (logic 1.691ns (34.620%)  route 3.193ns (65.380%))
  Logic Levels:           3  (IBUF=1 LUT5=1 LUT6=1)
  Clock Path Skew:        4.838ns (DCD - SCD + CPR)
    Destination Clock Delay (DCD):    4.838ns
    Source Clock Delay      (SCD):    0.000ns
    Clock Pessimism Removal (CPR):    0.000ns
  Clock Uncertainty:      0.025ns  ((TSJ^2 + TIJ^2)^1/2 + DJ) / 2 + PE
    Total System Jitter     (TSJ):    0.050ns
    Total Input Jitter      (TIJ):    0.000ns
    Discrete Jitter          (DJ):    0.000ns
    Phase Error              (PE):    0.000ns

    Location             Delay type                Incr(ns)  Path(ns)    Netlist Resource(s)
  -------------------------------------------------------------------    -------------------
    J5                                                0.000     0.000 r  min_set (IN)
                         net (fo=0)                   0.000     0.000    min_set
    J5                   IBUF (Prop_ibuf_I_O)         1.443     1.443 r  min_set_IBUF_inst/O
                         net (fo=8, routed)           2.341     3.783    min_set_IBUF
    SLICE_X60Y74         LUT5 (Prop_lut5_I1_O)        0.124     3.907 r  hr_ones[3]_i_3/O
                         net (fo=3, routed)           0.852     4.760    hr_ones[3]_i_3_n_0
    SLICE_X60Y72         LUT6 (Prop_lut6_I2_O)        0.124     4.884 r  hr_ones[2]_i_1/O
                         net (fo=1, routed)           0.000     4.884    hr_ones[2]_i_1_n_0
    SLICE_X60Y72         FDCE                                         r  hr_ones_reg[2]/D
  -------------------------------------------------------------------    -------------------

                         (clock sys_clk rise edge)    0.000     0.000 r  
    F14                                               0.000     0.000 r  clk (IN)
                         net (fo=0)                   0.000     0.000    clk
    F14                  IBUF (Prop_ibuf_I_O)         1.388     1.388 r  clk_IBUF_inst/O
                         net (fo=1, routed)           1.868     3.256    clk_IBUF
    BUFGCTRL_X0Y16       BUFG (Prop_bufg_I_O)         0.091     3.347 r  clk_IBUF_BUFG_inst/O
                         net (fo=77, routed)          1.491     4.838    clk_IBUF_BUFG
    SLICE_X60Y72         FDCE                                         r  hr_ones_reg[2]/C

Slack:                    inf
  Source:                 rst
                            (input port)
  Destination:            sec_tens_reg[0]/CLR
                            (recovery check against rising-edge clock sys_clk  {rise@0.000ns fall@5.000ns period=10.000ns})
  Path Group:             (none)
  Path Type:              Recovery (Max at Slow Process Corner)
  Data Path Delay:        4.828ns  (logic 1.462ns (30.274%)  route 3.366ns (69.726%))
  Logic Levels:           1  (IBUF=1)
  Clock Path Skew:        4.835ns (DCD - SCD + CPR)
    Destination Clock Delay (DCD):    4.835ns
    Source Clock Delay      (SCD):    0.000ns
    Clock Pessimism Removal (CPR):    0.000ns
  Clock Uncertainty:      0.025ns  ((TSJ^2 + TIJ^2)^1/2 + DJ) / 2 + PE
    Total System Jitter     (TSJ):    0.050ns
    Total Input Jitter      (TIJ):    0.000ns
    Discrete Jitter          (DJ):    0.000ns
    Phase Error              (PE):    0.000ns

    Location             Delay type                Incr(ns)  Path(ns)    Netlist Resource(s)
  -------------------------------------------------------------------    -------------------
    J1                                                0.000     0.000 f  rst (IN)
                         net (fo=0)                   0.000     0.000    rst
    J1                   IBUF (Prop_ibuf_I_O)         1.462     1.462 f  rst_IBUF_inst/O
                         net (fo=77, routed)          3.366     4.828    rst_IBUF
    SLICE_X59Y74         FDCE                                         f  sec_tens_reg[0]/CLR
  -------------------------------------------------------------------    -------------------

                         (clock sys_clk rise edge)    0.000     0.000 r  
    F14                                               0.000     0.000 r  clk (IN)
                         net (fo=0)                   0.000     0.000    clk
    F14                  IBUF (Prop_ibuf_I_O)         1.388     1.388 r  clk_IBUF_inst/O
                         net (fo=1, routed)           1.868     3.256    clk_IBUF
    BUFGCTRL_X0Y16       BUFG (Prop_bufg_I_O)         0.091     3.347 r  clk_IBUF_BUFG_inst/O
                         net (fo=77, routed)          1.488     4.835    clk_IBUF_BUFG
    SLICE_X59Y74         FDCE                                         r  sec_tens_reg[0]/C

Slack:                    inf
  Source:                 rst
                            (input port)
  Destination:            sec_tens_reg[1]/CLR
                            (recovery check against rising-edge clock sys_clk  {rise@0.000ns fall@5.000ns period=10.000ns})
  Path Group:             (none)
  Path Type:              Recovery (Max at Slow Process Corner)
  Data Path Delay:        4.828ns  (logic 1.462ns (30.274%)  route 3.366ns (69.726%))
  Logic Levels:           1  (IBUF=1)
  Clock Path Skew:        4.835ns (DCD - SCD + CPR)
    Destination Clock Delay (DCD):    4.835ns
    Source Clock Delay      (SCD):    0.000ns
    Clock Pessimism Removal (CPR):    0.000ns
  Clock Uncertainty:      0.025ns  ((TSJ^2 + TIJ^2)^1/2 + DJ) / 2 + PE
    Total System Jitter     (TSJ):    0.050ns
    Total Input Jitter      (TIJ):    0.000ns
    Discrete Jitter          (DJ):    0.000ns
    Phase Error              (PE):    0.000ns

    Location             Delay type                Incr(ns)  Path(ns)    Netlist Resource(s)
  -------------------------------------------------------------------    -------------------
    J1                                                0.000     0.000 f  rst (IN)
                         net (fo=0)                   0.000     0.000    rst
    J1                   IBUF (Prop_ibuf_I_O)         1.462     1.462 f  rst_IBUF_inst/O
                         net (fo=77, routed)          3.366     4.828    rst_IBUF
    SLICE_X59Y74         FDCE                                         f  sec_tens_reg[1]/CLR
  -------------------------------------------------------------------    -------------------

                         (clock sys_clk rise edge)    0.000     0.000 r  
    F14                                               0.000     0.000 r  clk (IN)
                         net (fo=0)                   0.000     0.000    clk
    F14                  IBUF (Prop_ibuf_I_O)         1.388     1.388 r  clk_IBUF_inst/O
                         net (fo=1, routed)           1.868     3.256    clk_IBUF
    BUFGCTRL_X0Y16       BUFG (Prop_bufg_I_O)         0.091     3.347 r  clk_IBUF_BUFG_inst/O
                         net (fo=77, routed)          1.488     4.835    clk_IBUF_BUFG
    SLICE_X59Y74         FDCE                                         r  sec_tens_reg[1]/C





Min Delay Paths
--------------------------------------------------------------------------------------
Slack:                    inf
  Source:                 rst
                            (input port)
  Destination:            clock_count_reg[10]/CLR
                            (removal check against rising-edge clock sys_clk  {rise@0.000ns fall@5.000ns period=10.000ns})
  Path Group:             (none)
  Path Type:              Removal (Min at Fast Process Corner)
  Data Path Delay:        0.824ns  (logic 0.230ns (27.842%)  route 0.595ns (72.158%))
  Logic Levels:           1  (IBUF=1)
  Clock Path Skew:        1.986ns (DCD - SCD - CPR)
    Destination Clock Delay (DCD):    1.986ns
    Source Clock Delay      (SCD):    0.000ns
    Clock Pessimism Removal (CPR):    -0.000ns

    Location             Delay type                Incr(ns)  Path(ns)    Netlist Resource(s)
  -------------------------------------------------------------------    -------------------
    J1                                                0.000     0.000 f  rst (IN)
                         net (fo=0)                   0.000     0.000    rst
    J1                   IBUF (Prop_ibuf_I_O)         0.230     0.230 f  rst_IBUF_inst/O
                         net (fo=77, routed)          0.595     0.824    rst_IBUF
    SLICE_X63Y66         FDCE                                         f  clock_count_reg[10]/CLR
  -------------------------------------------------------------------    -------------------

                         (clock sys_clk rise edge)    0.000     0.000 r  
    F14                                               0.000     0.000 r  clk (IN)
                         net (fo=0)                   0.000     0.000    clk
    F14                  IBUF (Prop_ibuf_I_O)         0.414     0.414 r  clk_IBUF_inst/O
                         net (fo=1, routed)           0.689     1.103    clk_IBUF
    BUFGCTRL_X0Y16       BUFG (Prop_bufg_I_O)         0.029     1.132 r  clk_IBUF_BUFG_inst/O
                         net (fo=77, routed)          0.855     1.986    clk_IBUF_BUFG
    SLICE_X63Y66         FDCE                                         r  clock_count_reg[10]/C

Slack:                    inf
  Source:                 rst
                            (input port)
  Destination:            clock_count_reg[11]/CLR
                            (removal check against rising-edge clock sys_clk  {rise@0.000ns fall@5.000ns period=10.000ns})
  Path Group:             (none)
  Path Type:              Removal (Min at Fast Process Corner)
  Data Path Delay:        0.824ns  (logic 0.230ns (27.842%)  route 0.595ns (72.158%))
  Logic Levels:           1  (IBUF=1)
  Clock Path Skew:        1.986ns (DCD - SCD - CPR)
    Destination Clock Delay (DCD):    1.986ns
    Source Clock Delay      (SCD):    0.000ns
    Clock Pessimism Removal (CPR):    -0.000ns

    Location             Delay type                Incr(ns)  Path(ns)    Netlist Resource(s)
  -------------------------------------------------------------------    -------------------
    J1                                                0.000     0.000 f  rst (IN)
                         net (fo=0)                   0.000     0.000    rst
    J1                   IBUF (Prop_ibuf_I_O)         0.230     0.230 f  rst_IBUF_inst/O
                         net (fo=77, routed)          0.595     0.824    rst_IBUF
    SLICE_X63Y66         FDCE                                         f  clock_count_reg[11]/CLR
  -------------------------------------------------------------------    -------------------

                         (clock sys_clk rise edge)    0.000     0.000 r  
    F14                                               0.000     0.000 r  clk (IN)
                         net (fo=0)                   0.000     0.000    clk
    F14                  IBUF (Prop_ibuf_I_O)         0.414     0.414 r  clk_IBUF_inst/O
                         net (fo=1, routed)           0.689     1.103    clk_IBUF
    BUFGCTRL_X0Y16       BUFG (Prop_bufg_I_O)         0.029     1.132 r  clk_IBUF_BUFG_inst/O
                         net (fo=77, routed)          0.855     1.986    clk_IBUF_BUFG
    SLICE_X63Y66         FDCE                                         r  clock_count_reg[11]/C

Slack:                    inf
  Source:                 rst
                            (input port)
  Destination:            clock_count_reg[8]/CLR
                            (removal check against rising-edge clock sys_clk  {rise@0.000ns fall@5.000ns period=10.000ns})
  Path Group:             (none)
  Path Type:              Removal (Min at Fast Process Corner)
  Data Path Delay:        0.824ns  (logic 0.230ns (27.842%)  route 0.595ns (72.158%))
  Logic Levels:           1  (IBUF=1)
  Clock Path Skew:        1.986ns (DCD - SCD - CPR)
    Destination Clock Delay (DCD):    1.986ns
    Source Clock Delay      (SCD):    0.000ns
    Clock Pessimism Removal (CPR):    -0.000ns

    Location             Delay type                Incr(ns)  Path(ns)    Netlist Resource(s)
  -------------------------------------------------------------------    -------------------
    J1                                                0.000     0.000 f  rst (IN)
                         net (fo=0)                   0.000     0.000    rst
    J1                   IBUF (Prop_ibuf_I_O)         0.230     0.230 f  rst_IBUF_inst/O
                         net (fo=77, routed)          0.595     0.824    rst_IBUF
    SLICE_X63Y66         FDCE                                         f  clock_count_reg[8]/CLR
  -------------------------------------------------------------------    -------------------

                         (clock sys_clk rise edge)    0.000     0.000 r  
    F14                                               0.000     0.000 r  clk (IN)
                         net (fo=0)                   0.000     0.000    clk
    F14                  IBUF (Prop_ibuf_I_O)         0.414     0.414 r  clk_IBUF_inst/O
                         net (fo=1, routed)           0.689     1.103    clk_IBUF
    BUFGCTRL_X0Y16       BUFG (Prop_bufg_I_O)         0.029     1.132 r  clk_IBUF_BUFG_inst/O
                         net (fo=77, routed)          0.855     1.986    clk_IBUF_BUFG
    SLICE_X63Y66         FDCE                                         r  clock_count_reg[8]/C

Slack:                    inf
  Source:                 rst
                            (input port)
  Destination:            clock_count_reg[12]/CLR
                            (removal check against rising-edge clock sys_clk  {rise@0.000ns fall@5.000ns period=10.000ns})
  Path Group:             (none)
  Path Type:              Removal (Min at Fast Process Corner)
  Data Path Delay:        0.842ns  (logic 0.230ns (27.274%)  route 0.612ns (72.726%))
  Logic Levels:           1  (IBUF=1)
  Clock Path Skew:        1.986ns (DCD - SCD - CPR)
    Destination Clock Delay (DCD):    1.986ns
    Source Clock Delay      (SCD):    0.000ns
    Clock Pessimism Removal (CPR):    -0.000ns

    Location             Delay type                Incr(ns)  Path(ns)    Netlist Resource(s)
  -------------------------------------------------------------------    -------------------
    J1                                                0.000     0.000 f  rst (IN)
                         net (fo=0)                   0.000     0.000    rst
    J1                   IBUF (Prop_ibuf_I_O)         0.230     0.230 f  rst_IBUF_inst/O
                         net (fo=77, routed)          0.612     0.842    rst_IBUF
    SLICE_X64Y66         FDCE                                         f  clock_count_reg[12]/CLR
  -------------------------------------------------------------------    -------------------

                         (clock sys_clk rise edge)    0.000     0.000 r  
    F14                                               0.000     0.000 r  clk (IN)
                         net (fo=0)                   0.000     0.000    clk
    F14                  IBUF (Prop_ibuf_I_O)         0.414     0.414 r  clk_IBUF_inst/O
                         net (fo=1, routed)           0.689     1.103    clk_IBUF
    BUFGCTRL_X0Y16       BUFG (Prop_bufg_I_O)         0.029     1.132 r  clk_IBUF_BUFG_inst/O
                         net (fo=77, routed)          0.855     1.986    clk_IBUF_BUFG
    SLICE_X64Y66         FDCE                                         r  clock_count_reg[12]/C

Slack:                    inf
  Source:                 rst
                            (input port)
  Destination:            clock_count_reg[9]/CLR
                            (removal check against rising-edge clock sys_clk  {rise@0.000ns fall@5.000ns period=10.000ns})
  Path Group:             (none)
  Path Type:              Removal (Min at Fast Process Corner)
  Data Path Delay:        0.842ns  (logic 0.230ns (27.274%)  route 0.612ns (72.726%))
  Logic Levels:           1  (IBUF=1)
  Clock Path Skew:        1.986ns (DCD - SCD - CPR)
    Destination Clock Delay (DCD):    1.986ns
    Source Clock Delay      (SCD):    0.000ns
    Clock Pessimism Removal (CPR):    -0.000ns

    Location             Delay type                Incr(ns)  Path(ns)    Netlist Resource(s)
  -------------------------------------------------------------------    -------------------
    J1                                                0.000     0.000 f  rst (IN)
                         net (fo=0)                   0.000     0.000    rst
    J1                   IBUF (Prop_ibuf_I_O)         0.230     0.230 f  rst_IBUF_inst/O
                         net (fo=77, routed)          0.612     0.842    rst_IBUF
    SLICE_X64Y66         FDCE                                         f  clock_count_reg[9]/CLR
  -------------------------------------------------------------------    -------------------

                         (clock sys_clk rise edge)    0.000     0.000 r  
    F14                                               0.000     0.000 r  clk (IN)
                         net (fo=0)                   0.000     0.000    clk
    F14                  IBUF (Prop_ibuf_I_O)         0.414     0.414 r  clk_IBUF_inst/O
                         net (fo=1, routed)           0.689     1.103    clk_IBUF
    BUFGCTRL_X0Y16       BUFG (Prop_bufg_I_O)         0.029     1.132 r  clk_IBUF_BUFG_inst/O
                         net (fo=77, routed)          0.855     1.986    clk_IBUF_BUFG
    SLICE_X64Y66         FDCE                                         r  clock_count_reg[9]/C

Slack:                    inf
  Source:                 rst
                            (input port)
  Destination:            clock_count_reg[5]/CLR
                            (removal check against rising-edge clock sys_clk  {rise@0.000ns fall@5.000ns period=10.000ns})
  Path Group:             (none)
  Path Type:              Removal (Min at Fast Process Corner)
  Data Path Delay:        0.889ns  (logic 0.230ns (25.827%)  route 0.659ns (74.173%))
  Logic Levels:           1  (IBUF=1)
  Clock Path Skew:        1.987ns (DCD - SCD - CPR)
    Destination Clock Delay (DCD):    1.987ns
    Source Clock Delay      (SCD):    0.000ns
    Clock Pessimism Removal (CPR):    -0.000ns

    Location             Delay type                Incr(ns)  Path(ns)    Netlist Resource(s)
  -------------------------------------------------------------------    -------------------
    J1                                                0.000     0.000 f  rst (IN)
                         net (fo=0)                   0.000     0.000    rst
    J1                   IBUF (Prop_ibuf_I_O)         0.230     0.230 f  rst_IBUF_inst/O
                         net (fo=77, routed)          0.659     0.889    rst_IBUF
    SLICE_X63Y65         FDCE                                         f  clock_count_reg[5]/CLR
  -------------------------------------------------------------------    -------------------

                         (clock sys_clk rise edge)    0.000     0.000 r  
    F14                                               0.000     0.000 r  clk (IN)
                         net (fo=0)                   0.000     0.000    clk
    F14                  IBUF (Prop_ibuf_I_O)         0.414     0.414 r  clk_IBUF_inst/O
                         net (fo=1, routed)           0.689     1.103    clk_IBUF
    BUFGCTRL_X0Y16       BUFG (Prop_bufg_I_O)         0.029     1.132 r  clk_IBUF_BUFG_inst/O
                         net (fo=77, routed)          0.855     1.987    clk_IBUF_BUFG
    SLICE_X63Y65         FDCE                                         r  clock_count_reg[5]/C

Slack:                    inf
  Source:                 rst
                            (input port)
  Destination:            clock_count_reg[6]/CLR
                            (removal check against rising-edge clock sys_clk  {rise@0.000ns fall@5.000ns period=10.000ns})
  Path Group:             (none)
  Path Type:              Removal (Min at Fast Process Corner)
  Data Path Delay:        0.889ns  (logic 0.230ns (25.827%)  route 0.659ns (74.173%))
  Logic Levels:           1  (IBUF=1)
  Clock Path Skew:        1.987ns (DCD - SCD - CPR)
    Destination Clock Delay (DCD):    1.987ns
    Source Clock Delay      (SCD):    0.000ns
    Clock Pessimism Removal (CPR):    -0.000ns

    Location             Delay type                Incr(ns)  Path(ns)    Netlist Resource(s)
  -------------------------------------------------------------------    -------------------
    J1                                                0.000     0.000 f  rst (IN)
                         net (fo=0)                   0.000     0.000    rst
    J1                   IBUF (Prop_ibuf_I_O)         0.230     0.230 f  rst_IBUF_inst/O
                         net (fo=77, routed)          0.659     0.889    rst_IBUF
    SLICE_X63Y65         FDCE                                         f  clock_count_reg[6]/CLR
  -------------------------------------------------------------------    -------------------

                         (clock sys_clk rise edge)    0.000     0.000 r  
    F14                                               0.000     0.000 r  clk (IN)
                         net (fo=0)                   0.000     0.000    clk
    F14                  IBUF (Prop_ibuf_I_O)         0.414     0.414 r  clk_IBUF_inst/O
                         net (fo=1, routed)           0.689     1.103    clk_IBUF
    BUFGCTRL_X0Y16       BUFG (Prop_bufg_I_O)         0.029     1.132 r  clk_IBUF_BUFG_inst/O
                         net (fo=77, routed)          0.855     1.987    clk_IBUF_BUFG
    SLICE_X63Y65         FDCE                                         r  clock_count_reg[6]/C

Slack:                    inf
  Source:                 rst
                            (input port)
  Destination:            clock_count_reg[7]/CLR
                            (removal check against rising-edge clock sys_clk  {rise@0.000ns fall@5.000ns period=10.000ns})
  Path Group:             (none)
  Path Type:              Removal (Min at Fast Process Corner)
  Data Path Delay:        0.889ns  (logic 0.230ns (25.827%)  route 0.659ns (74.173%))
  Logic Levels:           1  (IBUF=1)
  Clock Path Skew:        1.987ns (DCD - SCD - CPR)
    Destination Clock Delay (DCD):    1.987ns
    Source Clock Delay      (SCD):    0.000ns
    Clock Pessimism Removal (CPR):    -0.000ns

    Location             Delay type                Incr(ns)  Path(ns)    Netlist Resource(s)
  -------------------------------------------------------------------    -------------------
    J1                                                0.000     0.000 f  rst (IN)
                         net (fo=0)                   0.000     0.000    rst
    J1                   IBUF (Prop_ibuf_I_O)         0.230     0.230 f  rst_IBUF_inst/O
                         net (fo=77, routed)          0.659     0.889    rst_IBUF
    SLICE_X63Y65         FDCE                                         f  clock_count_reg[7]/CLR
  -------------------------------------------------------------------    -------------------

                         (clock sys_clk rise edge)    0.000     0.000 r  
    F14                                               0.000     0.000 r  clk (IN)
                         net (fo=0)                   0.000     0.000    clk
    F14                  IBUF (Prop_ibuf_I_O)         0.414     0.414 r  clk_IBUF_inst/O
                         net (fo=1, routed)           0.689     1.103    clk_IBUF
    BUFGCTRL_X0Y16       BUFG (Prop_bufg_I_O)         0.029     1.132 r  clk_IBUF_BUFG_inst/O
                         net (fo=77, routed)          0.855     1.987    clk_IBUF_BUFG
    SLICE_X63Y65         FDCE                                         r  clock_count_reg[7]/C

Slack:                    inf
  Source:                 rst
                            (input port)
  Destination:            clock_count_reg[14]/CLR
                            (removal check against rising-edge clock sys_clk  {rise@0.000ns fall@5.000ns period=10.000ns})
  Path Group:             (none)
  Path Type:              Removal (Min at Fast Process Corner)
  Data Path Delay:        0.889ns  (logic 0.230ns (25.818%)  route 0.660ns (74.182%))
  Logic Levels:           1  (IBUF=1)
  Clock Path Skew:        1.985ns (DCD - SCD - CPR)
    Destination Clock Delay (DCD):    1.985ns
    Source Clock Delay      (SCD):    0.000ns
    Clock Pessimism Removal (CPR):    -0.000ns

    Location             Delay type                Incr(ns)  Path(ns)    Netlist Resource(s)
  -------------------------------------------------------------------    -------------------
    J1                                                0.000     0.000 f  rst (IN)
                         net (fo=0)                   0.000     0.000    rst
    J1                   IBUF (Prop_ibuf_I_O)         0.230     0.230 f  rst_IBUF_inst/O
                         net (fo=77, routed)          0.660     0.889    rst_IBUF
    SLICE_X63Y67         FDCE                                         f  clock_count_reg[14]/CLR
  -------------------------------------------------------------------    -------------------

                         (clock sys_clk rise edge)    0.000     0.000 r  
    F14                                               0.000     0.000 r  clk (IN)
                         net (fo=0)                   0.000     0.000    clk
    F14                  IBUF (Prop_ibuf_I_O)         0.414     0.414 r  clk_IBUF_inst/O
                         net (fo=1, routed)           0.689     1.103    clk_IBUF
    BUFGCTRL_X0Y16       BUFG (Prop_bufg_I_O)         0.029     1.132 r  clk_IBUF_BUFG_inst/O
                         net (fo=77, routed)          0.854     1.985    clk_IBUF_BUFG
    SLICE_X63Y67         FDCE                                         r  clock_count_reg[14]/C

Slack:                    inf
  Source:                 rst
                            (input port)
  Destination:            clock_count_reg[15]/CLR
                            (removal check against rising-edge clock sys_clk  {rise@0.000ns fall@5.000ns period=10.000ns})
  Path Group:             (none)
  Path Type:              Removal (Min at Fast Process Corner)
  Data Path Delay:        0.889ns  (logic 0.230ns (25.818%)  route 0.660ns (74.182%))
  Logic Levels:           1  (IBUF=1)
  Clock Path Skew:        1.985ns (DCD - SCD - CPR)
    Destination Clock Delay (DCD):    1.985ns
    Source Clock Delay      (SCD):    0.000ns
    Clock Pessimism Removal (CPR):    -0.000ns

    Location             Delay type                Incr(ns)  Path(ns)    Netlist Resource(s)
  -------------------------------------------------------------------    -------------------
    J1                                                0.000     0.000 f  rst (IN)
                         net (fo=0)                   0.000     0.000    rst
    J1                   IBUF (Prop_ibuf_I_O)         0.230     0.230 f  rst_IBUF_inst/O
                         net (fo=77, routed)          0.660     0.889    rst_IBUF
    SLICE_X63Y67         FDCE                                         f  clock_count_reg[15]/CLR
  -------------------------------------------------------------------    -------------------

                         (clock sys_clk rise edge)    0.000     0.000 r  
    F14                                               0.000     0.000 r  clk (IN)
                         net (fo=0)                   0.000     0.000    clk
    F14                  IBUF (Prop_ibuf_I_O)         0.414     0.414 r  clk_IBUF_inst/O
                         net (fo=1, routed)           0.689     1.103    clk_IBUF
    BUFGCTRL_X0Y16       BUFG (Prop_bufg_I_O)         0.029     1.132 r  clk_IBUF_BUFG_inst/O
                         net (fo=77, routed)          0.854     1.985    clk_IBUF_BUFG
    SLICE_X63Y67         FDCE                                         r  clock_count_reg[15]/C





