Copyright 1986-2022 Xilinx, Inc. All Rights Reserved. Copyright 2022-2025 Advanced Micro Devices, Inc. All Rights Reserved.
---------------------------------------------------------------------------------------------------------------------------------------------------------------------------------------------------------------------------------------------------
| Tool Version : Vivado v.2025.2 (win64) Build 6299465 Fri Nov 14 19:35:11 GMT 2025
| Date         : Tue Jul 21 18:17:59 2026
| Host         : Denanath running 64-bit major release  (build 9200)
| Command      : report_timing_summary -max_paths 10 -routable_nets -report_unconstrained -file Digital_clock_timing_summary_routed.rpt -pb Digital_clock_timing_summary_routed.pb -rpx Digital_clock_timing_summary_routed.rpx -warn_on_violation
| Design       : Digital_clock
| Device       : 7s50-csga324
| Speed File   : -1  PRODUCTION 1.23 2018-06-13
| Design State : Routed
---------------------------------------------------------------------------------------------------------------------------------------------------------------------------------------------------------------------------------------------------

Timing Summary Report

------------------------------------------------------------------------------------------------
| Timer Settings
| --------------
------------------------------------------------------------------------------------------------

  Enable Multi Corner Analysis               :  Yes
  Enable Pessimism Removal                   :  Yes
  Pessimism Removal Resolution               :  Nearest Common Node
  Enable Input Delay Default Clock           :  No
  Enable Preset / Clear Arcs                 :  No
  Disable Flight Delays                      :  No
  Ignore I/O Paths                           :  No
  Timing Early Launch at Borrowing Latches   :  No
  Borrow Time for Max Delay Exceptions       :  Yes
  Merge Timing Exceptions                    :  Yes
  Inter-SLR Compensation                     :  Conservative

  Corner  Analyze    Analyze    
  Name    Max Paths  Min Paths  
  ------  ---------  ---------  
  Slow    Yes        Yes        
  Fast    Yes        Yes        


------------------------------------------------------------------------------------------------
| Report Methodology
| ------------------
------------------------------------------------------------------------------------------------

Rule       Severity  Description                     Violations  
---------  --------  ------------------------------  ----------  
LUTAR-1    Warning   LUT drives async reset alert    1           
TIMING-18  Warning   Missing input or output delay   18          
TIMING-20  Warning   Non-clocked latch               5           
LATCH-1    Advisory  Existing latches in the design  1           

Note: This report is based on the most recent report_methodology run and may not be up-to-date. Run report_methodology on the current design for the latest report.



check_timing report

Table of Contents
-----------------
1. checking no_clock (25)
2. checking constant_clock (0)
3. checking pulse_width_clock (0)
4. checking unconstrained_internal_endpoints (5)
5. checking no_input_delay (7)
6. checking no_output_delay (27)
7. checking multiple_clock (0)
8. checking generated_clocks (0)
9. checking loops (0)
10. checking partial_input_delay (0)
11. checking partial_output_delay (0)
12. checking latch_loops (0)

1. checking no_clock (25)
-------------------------
 There are 5 register/latch pins with no clock driven by root clock pin: decision[0] (HIGH)

 There are 5 register/latch pins with no clock driven by root clock pin: decision[1] (HIGH)

 There are 5 register/latch pins with no clock driven by root clock pin: display_unit/clk_div_reg[13]/Q (HIGH)

 There are 5 register/latch pins with no clock driven by root clock pin: display_unit/clk_div_reg[14]/Q (HIGH)

 There are 5 register/latch pins with no clock driven by root clock pin: display_unit/clk_div_reg[15]/Q (HIGH)


2. checking constant_clock (0)
------------------------------
 There are 0 register/latch pins with constant_clock.


3. checking pulse_width_clock (0)
---------------------------------
 There are 0 register/latch pins which need pulse_width check


4. checking unconstrained_internal_endpoints (5)
------------------------------------------------
 There are 5 pins that are not constrained for maximum delay. (HIGH)

 There are 0 pins that are not constrained for maximum delay due to constant clock.


5. checking no_input_delay (7)
------------------------------
 There are 7 input ports with no input delay specified. (HIGH)

 There are 0 input ports with no input delay but user has a false path constraint.


6. checking no_output_delay (27)
--------------------------------
 There are 27 ports with no output delay specified. (HIGH)

 There are 0 ports with no output delay but user has a false path constraint

 There are 0 ports with no output delay but with a timing clock defined on it or propagating through it


7. checking multiple_clock (0)
------------------------------
 There are 0 register/latch pins with multiple clocks.


8. checking generated_clocks (0)
--------------------------------
 There are 0 generated clocks that are not connected to a clock source.


9. checking loops (0)
---------------------
 There are 0 combinational loops in the design.


10. checking partial_input_delay (0)
------------------------------------
 There are 0 input ports with partial input delay specified.


11. checking partial_output_delay (0)
-------------------------------------
 There are 0 ports with partial output delay specified.


12. checking latch_loops (0)
----------------------------
 There are 0 combinational latch loops in the design through latch input



------------------------------------------------------------------------------------------------
| Design Timing Summary
| ---------------------
------------------------------------------------------------------------------------------------

    WNS(ns)      TNS(ns)  TNS Failing Endpoints  TNS Total Endpoints      WHS(ns)      THS(ns)  THS Failing Endpoints  THS Total Endpoints     WPWS(ns)     TPWS(ns)  TPWS Failing Endpoints  TPWS Total Endpoints  
    -------      -------  ---------------------  -------------------      -------      -------  ---------------------  -------------------     --------     --------  ----------------------  --------------------  
      5.278        0.000                      0                  265        0.180        0.000                      0                  265        4.500        0.000                       0                   160  


All user specified timing constraints are met.


------------------------------------------------------------------------------------------------
| Clock Summary
| -------------
------------------------------------------------------------------------------------------------

Clock    Waveform(ns)       Period(ns)      Frequency(MHz)
-----    ------------       ----------      --------------
sys_clk  {0.000 5.000}      10.000          100.000         


------------------------------------------------------------------------------------------------
| Intra Clock Table
| -----------------
------------------------------------------------------------------------------------------------

Clock             WNS(ns)      TNS(ns)  TNS Failing Endpoints  TNS Total Endpoints      WHS(ns)      THS(ns)  THS Failing Endpoints  THS Total Endpoints     WPWS(ns)     TPWS(ns)  TPWS Failing Endpoints  TPWS Total Endpoints  
-----             -------      -------  ---------------------  -------------------      -------      -------  ---------------------  -------------------     --------     --------  ----------------------  --------------------  
sys_clk             5.278        0.000                      0                  265        0.180        0.000                      0                  265        4.500        0.000                       0                   160  


------------------------------------------------------------------------------------------------
| Inter Clock Table
| -----------------
------------------------------------------------------------------------------------------------

From Clock    To Clock          WNS(ns)      TNS(ns)  TNS Failing Endpoints  TNS Total Endpoints      WHS(ns)      THS(ns)  THS Failing Endpoints  THS Total Endpoints  
----------    --------          -------      -------  ---------------------  -------------------      -------      -------  ---------------------  -------------------  


------------------------------------------------------------------------------------------------
| Other Path Groups Table
| -----------------------
------------------------------------------------------------------------------------------------

Path Group    From Clock    To Clock          WNS(ns)      TNS(ns)  TNS Failing Endpoints  TNS Total Endpoints      WHS(ns)      THS(ns)  THS Failing Endpoints  THS Total Endpoints  
----------    ----------    --------          -------      -------  ---------------------  -------------------      -------      -------  ---------------------  -------------------  


------------------------------------------------------------------------------------------------
| User Ignored Path Table
| -----------------------
------------------------------------------------------------------------------------------------

Path Group    From Clock    To Clock    
----------    ----------    --------    


------------------------------------------------------------------------------------------------
| Unconstrained Path Table
| ------------------------
------------------------------------------------------------------------------------------------

Path Group    From Clock    To Clock    
----------    ----------    --------    
(none)                                    
(none)        sys_clk                     
(none)                      sys_clk       


------------------------------------------------------------------------------------------------
| Timing Details
| --------------
------------------------------------------------------------------------------------------------


---------------------------------------------------------------------------------------------------
From Clock:  sys_clk
  To Clock:  sys_clk

Setup :            0  Failing Endpoints,  Worst Slack        5.278ns,  Total Violation        0.000ns
Hold  :            0  Failing Endpoints,  Worst Slack        0.180ns,  Total Violation        0.000ns
PW    :            0  Failing Endpoints,  Worst Slack        4.500ns,  Total Violation        0.000ns
---------------------------------------------------------------------------------------------------


Max Delay Paths
--------------------------------------------------------------------------------------
Slack (MET) :             5.278ns  (required time - arrival time)
  Source:                 sec_ones_reg[1]/C
                            (rising edge-triggered cell FDCE clocked by sys_clk  {rise@0.000ns fall@5.000ns period=10.000ns})
  Destination:            min_ones_reg[0]/CE
                            (rising edge-triggered cell FDCE clocked by sys_clk  {rise@0.000ns fall@5.000ns period=10.000ns})
  Path Group:             sys_clk
  Path Type:              Setup (Max at Slow Process Corner)
  Requirement:            10.000ns  (sys_clk rise@10.000ns - sys_clk rise@0.000ns)
  Data Path Delay:        4.494ns  (logic 1.061ns (23.607%)  route 3.433ns (76.393%))
  Logic Levels:           3  (LUT4=1 LUT5=1 LUT6=1)
  Clock Path Skew:        -0.023ns (DCD - SCD + CPR)
    Destination Clock Delay (DCD):    4.847ns = ( 14.847 - 10.000 ) 
    Source Clock Delay      (SCD):    5.142ns
    Clock Pessimism Removal (CPR):    0.272ns
  Clock Uncertainty:      0.035ns  ((TSJ^2 + TIJ^2)^1/2 + DJ) / 2 + PE
    Total System Jitter     (TSJ):    0.071ns
    Total Input Jitter      (TIJ):    0.000ns
    Discrete Jitter          (DJ):    0.000ns
    Phase Error              (PE):    0.000ns

    Location             Delay type                Incr(ns)  Path(ns)    Netlist Resource(s)
  -------------------------------------------------------------------    -------------------
                         (clock sys_clk rise edge)    0.000     0.000 r  
    F14                                               0.000     0.000 r  clk (IN)
                         net (fo=0)                   0.000     0.000    clk
    F14                  IBUF (Prop_ibuf_I_O)         1.458     1.458 r  clk_IBUF_inst/O
                         net (fo=1, routed)           1.972     3.430    clk_IBUF
    BUFGCTRL_X0Y16       BUFG (Prop_bufg_I_O)         0.096     3.526 r  clk_IBUF_BUFG_inst/O
                         net (fo=159, routed)         1.616     5.142    clk_IBUF_BUFG
    SLICE_X62Y66         FDCE                                         r  sec_ones_reg[1]/C
  -------------------------------------------------------------------    -------------------
    SLICE_X62Y66         FDCE (Prop_fdce_C_Q)         0.456     5.598 f  sec_ones_reg[1]/Q
                         net (fo=6, routed)           1.273     6.871    sec_ones_reg_n_0_[1]
    SLICE_X62Y66         LUT4 (Prop_lut4_I3_O)        0.124     6.995 f  hr_ones[3]_i_5/O
                         net (fo=7, routed)           0.820     7.815    hr_ones[3]_i_5_n_0
    SLICE_X62Y67         LUT5 (Prop_lut5_I0_O)        0.154     7.969 f  min_ones[3]_i_3/O
                         net (fo=6, routed)           0.811     8.780    min_ones[3]_i_3_n_0
    SLICE_X65Y65         LUT6 (Prop_lut6_I5_O)        0.327     9.107 r  min_ones[3]_i_1/O
                         net (fo=4, routed)           0.529     9.636    min_ones[3]_i_1_n_0
    SLICE_X64Y65         FDCE                                         r  min_ones_reg[0]/CE
  -------------------------------------------------------------------    -------------------

                         (clock sys_clk rise edge)   10.000    10.000 r  
    F14                                               0.000    10.000 r  clk (IN)
                         net (fo=0)                   0.000    10.000    clk
    F14                  IBUF (Prop_ibuf_I_O)         1.388    11.388 r  clk_IBUF_inst/O
                         net (fo=1, routed)           1.868    13.256    clk_IBUF
    BUFGCTRL_X0Y16       BUFG (Prop_bufg_I_O)         0.091    13.347 r  clk_IBUF_BUFG_inst/O
                         net (fo=159, routed)         1.500    14.847    clk_IBUF_BUFG
    SLICE_X64Y65         FDCE                                         r  min_ones_reg[0]/C
                         clock pessimism              0.272    15.119    
                         clock uncertainty           -0.035    15.084    
    SLICE_X64Y65         FDCE (Setup_fdce_C_CE)      -0.169    14.915    min_ones_reg[0]
  -------------------------------------------------------------------
                         required time                         14.915    
                         arrival time                          -9.636    
  -------------------------------------------------------------------
                         slack                                  5.278    

Slack (MET) :             5.278ns  (required time - arrival time)
  Source:                 sec_ones_reg[1]/C
                            (rising edge-triggered cell FDCE clocked by sys_clk  {rise@0.000ns fall@5.000ns period=10.000ns})
  Destination:            min_ones_reg[1]/CE
                            (rising edge-triggered cell FDCE clocked by sys_clk  {rise@0.000ns fall@5.000ns period=10.000ns})
  Path Group:             sys_clk
  Path Type:              Setup (Max at Slow Process Corner)
  Requirement:            10.000ns  (sys_clk rise@10.000ns - sys_clk rise@0.000ns)
  Data Path Delay:        4.494ns  (logic 1.061ns (23.607%)  route 3.433ns (76.393%))
  Logic Levels:           3  (LUT4=1 LUT5=1 LUT6=1)
  Clock Path Skew:        -0.023ns (DCD - SCD + CPR)
    Destination Clock Delay (DCD):    4.847ns = ( 14.847 - 10.000 ) 
    Source Clock Delay      (SCD):    5.142ns
    Clock Pessimism Removal (CPR):    0.272ns
  Clock Uncertainty:      0.035ns  ((TSJ^2 + TIJ^2)^1/2 + DJ) / 2 + PE
    Total System Jitter     (TSJ):    0.071ns
    Total Input Jitter      (TIJ):    0.000ns
    Discrete Jitter          (DJ):    0.000ns
    Phase Error              (PE):    0.000ns

    Location             Delay type                Incr(ns)  Path(ns)    Netlist Resource(s)
  -------------------------------------------------------------------    -------------------
                         (clock sys_clk rise edge)    0.000     0.000 r  
    F14                                               0.000     0.000 r  clk (IN)
                         net (fo=0)                   0.000     0.000    clk
    F14                  IBUF (Prop_ibuf_I_O)         1.458     1.458 r  clk_IBUF_inst/O
                         net (fo=1, routed)           1.972     3.430    clk_IBUF
    BUFGCTRL_X0Y16       BUFG (Prop_bufg_I_O)         0.096     3.526 r  clk_IBUF_BUFG_inst/O
                         net (fo=159, routed)         1.616     5.142    clk_IBUF_BUFG
    SLICE_X62Y66         FDCE                                         r  sec_ones_reg[1]/C
  -------------------------------------------------------------------    -------------------
    SLICE_X62Y66         FDCE (Prop_fdce_C_Q)         0.456     5.598 f  sec_ones_reg[1]/Q
                         net (fo=6, routed)           1.273     6.871    sec_ones_reg_n_0_[1]
    SLICE_X62Y66         LUT4 (Prop_lut4_I3_O)        0.124     6.995 f  hr_ones[3]_i_5/O
                         net (fo=7, routed)           0.820     7.815    hr_ones[3]_i_5_n_0
    SLICE_X62Y67         LUT5 (Prop_lut5_I0_O)        0.154     7.969 f  min_ones[3]_i_3/O
                         net (fo=6, routed)           0.811     8.780    min_ones[3]_i_3_n_0
    SLICE_X65Y65         LUT6 (Prop_lut6_I5_O)        0.327     9.107 r  min_ones[3]_i_1/O
                         net (fo=4, routed)           0.529     9.636    min_ones[3]_i_1_n_0
    SLICE_X64Y65         FDCE                                         r  min_ones_reg[1]/CE
  -------------------------------------------------------------------    -------------------

                         (clock sys_clk rise edge)   10.000    10.000 r  
    F14                                               0.000    10.000 r  clk (IN)
                         net (fo=0)                   0.000    10.000    clk
    F14                  IBUF (Prop_ibuf_I_O)         1.388    11.388 r  clk_IBUF_inst/O
                         net (fo=1, routed)           1.868    13.256    clk_IBUF
    BUFGCTRL_X0Y16       BUFG (Prop_bufg_I_O)         0.091    13.347 r  clk_IBUF_BUFG_inst/O
                         net (fo=159, routed)         1.500    14.847    clk_IBUF_BUFG
    SLICE_X64Y65         FDCE                                         r  min_ones_reg[1]/C
                         clock pessimism              0.272    15.119    
                         clock uncertainty           -0.035    15.084    
    SLICE_X64Y65         FDCE (Setup_fdce_C_CE)      -0.169    14.915    min_ones_reg[1]
  -------------------------------------------------------------------
                         required time                         14.915    
                         arrival time                          -9.636    
  -------------------------------------------------------------------
                         slack                                  5.278    

Slack (MET) :             5.278ns  (required time - arrival time)
  Source:                 sec_ones_reg[1]/C
                            (rising edge-triggered cell FDCE clocked by sys_clk  {rise@0.000ns fall@5.000ns period=10.000ns})
  Destination:            min_ones_reg[2]/CE
                            (rising edge-triggered cell FDCE clocked by sys_clk  {rise@0.000ns fall@5.000ns period=10.000ns})
  Path Group:             sys_clk
  Path Type:              Setup (Max at Slow Process Corner)
  Requirement:            10.000ns  (sys_clk rise@10.000ns - sys_clk rise@0.000ns)
  Data Path Delay:        4.494ns  (logic 1.061ns (23.607%)  route 3.433ns (76.393%))
  Logic Levels:           3  (LUT4=1 LUT5=1 LUT6=1)
  Clock Path Skew:        -0.023ns (DCD - SCD + CPR)
    Destination Clock Delay (DCD):    4.847ns = ( 14.847 - 10.000 ) 
    Source Clock Delay      (SCD):    5.142ns
    Clock Pessimism Removal (CPR):    0.272ns
  Clock Uncertainty:      0.035ns  ((TSJ^2 + TIJ^2)^1/2 + DJ) / 2 + PE
    Total System Jitter     (TSJ):    0.071ns
    Total Input Jitter      (TIJ):    0.000ns
    Discrete Jitter          (DJ):    0.000ns
    Phase Error              (PE):    0.000ns

    Location             Delay type                Incr(ns)  Path(ns)    Netlist Resource(s)
  -------------------------------------------------------------------    -------------------
                         (clock sys_clk rise edge)    0.000     0.000 r  
    F14                                               0.000     0.000 r  clk (IN)
                         net (fo=0)                   0.000     0.000    clk
    F14                  IBUF (Prop_ibuf_I_O)         1.458     1.458 r  clk_IBUF_inst/O
                         net (fo=1, routed)           1.972     3.430    clk_IBUF
    BUFGCTRL_X0Y16       BUFG (Prop_bufg_I_O)         0.096     3.526 r  clk_IBUF_BUFG_inst/O
                         net (fo=159, routed)         1.616     5.142    clk_IBUF_BUFG
    SLICE_X62Y66         FDCE                                         r  sec_ones_reg[1]/C
  -------------------------------------------------------------------    -------------------
    SLICE_X62Y66         FDCE (Prop_fdce_C_Q)         0.456     5.598 f  sec_ones_reg[1]/Q
                         net (fo=6, routed)           1.273     6.871    sec_ones_reg_n_0_[1]
    SLICE_X62Y66         LUT4 (Prop_lut4_I3_O)        0.124     6.995 f  hr_ones[3]_i_5/O
                         net (fo=7, routed)           0.820     7.815    hr_ones[3]_i_5_n_0
    SLICE_X62Y67         LUT5 (Prop_lut5_I0_O)        0.154     7.969 f  min_ones[3]_i_3/O
                         net (fo=6, routed)           0.811     8.780    min_ones[3]_i_3_n_0
    SLICE_X65Y65         LUT6 (Prop_lut6_I5_O)        0.327     9.107 r  min_ones[3]_i_1/O
                         net (fo=4, routed)           0.529     9.636    min_ones[3]_i_1_n_0
    SLICE_X64Y65         FDCE                                         r  min_ones_reg[2]/CE
  -------------------------------------------------------------------    -------------------

                         (clock sys_clk rise edge)   10.000    10.000 r  
    F14                                               0.000    10.000 r  clk (IN)
                         net (fo=0)                   0.000    10.000    clk
    F14                  IBUF (Prop_ibuf_I_O)         1.388    11.388 r  clk_IBUF_inst/O
                         net (fo=1, routed)           1.868    13.256    clk_IBUF
    BUFGCTRL_X0Y16       BUFG (Prop_bufg_I_O)         0.091    13.347 r  clk_IBUF_BUFG_inst/O
                         net (fo=159, routed)         1.500    14.847    clk_IBUF_BUFG
    SLICE_X64Y65         FDCE                                         r  min_ones_reg[2]/C
                         clock pessimism              0.272    15.119    
                         clock uncertainty           -0.035    15.084    
    SLICE_X64Y65         FDCE (Setup_fdce_C_CE)      -0.169    14.915    min_ones_reg[2]
  -------------------------------------------------------------------
                         required time                         14.915    
                         arrival time                          -9.636    
  -------------------------------------------------------------------
                         slack                                  5.278    

Slack (MET) :             5.278ns  (required time - arrival time)
  Source:                 sec_ones_reg[1]/C
                            (rising edge-triggered cell FDCE clocked by sys_clk  {rise@0.000ns fall@5.000ns period=10.000ns})
  Destination:            min_ones_reg[3]/CE
                            (rising edge-triggered cell FDCE clocked by sys_clk  {rise@0.000ns fall@5.000ns period=10.000ns})
  Path Group:             sys_clk
  Path Type:              Setup (Max at Slow Process Corner)
  Requirement:            10.000ns  (sys_clk rise@10.000ns - sys_clk rise@0.000ns)
  Data Path Delay:        4.494ns  (logic 1.061ns (23.607%)  route 3.433ns (76.393%))
  Logic Levels:           3  (LUT4=1 LUT5=1 LUT6=1)
  Clock Path Skew:        -0.023ns (DCD - SCD + CPR)
    Destination Clock Delay (DCD):    4.847ns = ( 14.847 - 10.000 ) 
    Source Clock Delay      (SCD):    5.142ns
    Clock Pessimism Removal (CPR):    0.272ns
  Clock Uncertainty:      0.035ns  ((TSJ^2 + TIJ^2)^1/2 + DJ) / 2 + PE
    Total System Jitter     (TSJ):    0.071ns
    Total Input Jitter      (TIJ):    0.000ns
    Discrete Jitter          (DJ):    0.000ns
    Phase Error              (PE):    0.000ns

    Location             Delay type                Incr(ns)  Path(ns)    Netlist Resource(s)
  -------------------------------------------------------------------    -------------------
                         (clock sys_clk rise edge)    0.000     0.000 r  
    F14                                               0.000     0.000 r  clk (IN)
                         net (fo=0)                   0.000     0.000    clk
    F14                  IBUF (Prop_ibuf_I_O)         1.458     1.458 r  clk_IBUF_inst/O
                         net (fo=1, routed)           1.972     3.430    clk_IBUF
    BUFGCTRL_X0Y16       BUFG (Prop_bufg_I_O)         0.096     3.526 r  clk_IBUF_BUFG_inst/O
                         net (fo=159, routed)         1.616     5.142    clk_IBUF_BUFG
    SLICE_X62Y66         FDCE                                         r  sec_ones_reg[1]/C
  -------------------------------------------------------------------    -------------------
    SLICE_X62Y66         FDCE (Prop_fdce_C_Q)         0.456     5.598 f  sec_ones_reg[1]/Q
                         net (fo=6, routed)           1.273     6.871    sec_ones_reg_n_0_[1]
    SLICE_X62Y66         LUT4 (Prop_lut4_I3_O)        0.124     6.995 f  hr_ones[3]_i_5/O
                         net (fo=7, routed)           0.820     7.815    hr_ones[3]_i_5_n_0
    SLICE_X62Y67         LUT5 (Prop_lut5_I0_O)        0.154     7.969 f  min_ones[3]_i_3/O
                         net (fo=6, routed)           0.811     8.780    min_ones[3]_i_3_n_0
    SLICE_X65Y65         LUT6 (Prop_lut6_I5_O)        0.327     9.107 r  min_ones[3]_i_1/O
                         net (fo=4, routed)           0.529     9.636    min_ones[3]_i_1_n_0
    SLICE_X64Y65         FDCE                                         r  min_ones_reg[3]/CE
  -------------------------------------------------------------------    -------------------

                         (clock sys_clk rise edge)   10.000    10.000 r  
    F14                                               0.000    10.000 r  clk (IN)
                         net (fo=0)                   0.000    10.000    clk
    F14                  IBUF (Prop_ibuf_I_O)         1.388    11.388 r  clk_IBUF_inst/O
                         net (fo=1, routed)           1.868    13.256    clk_IBUF
    BUFGCTRL_X0Y16       BUFG (Prop_bufg_I_O)         0.091    13.347 r  clk_IBUF_BUFG_inst/O
                         net (fo=159, routed)         1.500    14.847    clk_IBUF_BUFG
    SLICE_X64Y65         FDCE                                         r  min_ones_reg[3]/C
                         clock pessimism              0.272    15.119    
                         clock uncertainty           -0.035    15.084    
    SLICE_X64Y65         FDCE (Setup_fdce_C_CE)      -0.169    14.915    min_ones_reg[3]
  -------------------------------------------------------------------
                         required time                         14.915    
                         arrival time                          -9.636    
  -------------------------------------------------------------------
                         slack                                  5.278    

Slack (MET) :             5.332ns  (required time - arrival time)
  Source:                 count_reg[15]/C
                            (rising edge-triggered cell FDRE clocked by sys_clk  {rise@0.000ns fall@5.000ns period=10.000ns})
  Destination:            count_reg[4]/R
                            (rising edge-triggered cell FDRE clocked by sys_clk  {rise@0.000ns fall@5.000ns period=10.000ns})
  Path Group:             sys_clk
  Path Type:              Setup (Max at Slow Process Corner)
  Requirement:            10.000ns  (sys_clk rise@10.000ns - sys_clk rise@0.000ns)
  Data Path Delay:        4.087ns  (logic 0.890ns (21.778%)  route 3.197ns (78.222%))
  Logic Levels:           3  (LUT4=1 LUT6=2)
  Clock Path Skew:        -0.022ns (DCD - SCD + CPR)
    Destination Clock Delay (DCD):    4.782ns = ( 14.782 - 10.000 ) 
    Source Clock Delay      (SCD):    5.075ns
    Clock Pessimism Removal (CPR):    0.271ns
  Clock Uncertainty:      0.035ns  ((TSJ^2 + TIJ^2)^1/2 + DJ) / 2 + PE
    Total System Jitter     (TSJ):    0.071ns
    Total Input Jitter      (TIJ):    0.000ns
    Discrete Jitter          (DJ):    0.000ns
    Phase Error              (PE):    0.000ns

    Location             Delay type                Incr(ns)  Path(ns)    Netlist Resource(s)
  -------------------------------------------------------------------    -------------------
                         (clock sys_clk rise edge)    0.000     0.000 r  
    F14                                               0.000     0.000 r  clk (IN)
                         net (fo=0)                   0.000     0.000    clk
    F14                  IBUF (Prop_ibuf_I_O)         1.458     1.458 r  clk_IBUF_inst/O
                         net (fo=1, routed)           1.972     3.430    clk_IBUF
    BUFGCTRL_X0Y16       BUFG (Prop_bufg_I_O)         0.096     3.526 r  clk_IBUF_BUFG_inst/O
                         net (fo=159, routed)         1.549     5.075    clk_IBUF_BUFG
    SLICE_X56Y66         FDRE                                         r  count_reg[15]/C
  -------------------------------------------------------------------    -------------------
    SLICE_X56Y66         FDRE (Prop_fdre_C_Q)         0.518     5.593 r  count_reg[15]/Q
                         net (fo=2, routed)           0.994     6.587    count_reg[15]
    SLICE_X57Y65         LUT6 (Prop_lut6_I3_O)        0.124     6.711 r  ms_i_4/O
                         net (fo=1, routed)           0.433     7.144    ms_i_4_n_0
    SLICE_X57Y65         LUT6 (Prop_lut6_I0_O)        0.124     7.268 r  ms_i_3/O
                         net (fo=2, routed)           0.881     8.149    ms_i_3_n_0
    SLICE_X59Y67         LUT4 (Prop_lut4_I3_O)        0.124     8.273 r  count[0]_i_1/O
                         net (fo=17, routed)          0.889     9.162    count[0]_i_1_n_0
    SLICE_X56Y64         FDRE                                         r  count_reg[4]/R
  -------------------------------------------------------------------    -------------------

                         (clock sys_clk rise edge)   10.000    10.000 r  
    F14                                               0.000    10.000 r  clk (IN)
                         net (fo=0)                   0.000    10.000    clk
    F14                  IBUF (Prop_ibuf_I_O)         1.388    11.388 r  clk_IBUF_inst/O
                         net (fo=1, routed)           1.868    13.256    clk_IBUF
    BUFGCTRL_X0Y16       BUFG (Prop_bufg_I_O)         0.091    13.347 r  clk_IBUF_BUFG_inst/O
                         net (fo=159, routed)         1.435    14.782    clk_IBUF_BUFG
    SLICE_X56Y64         FDRE                                         r  count_reg[4]/C
                         clock pessimism              0.271    15.053    
                         clock uncertainty           -0.035    15.018    
    SLICE_X56Y64         FDRE (Setup_fdre_C_R)       -0.524    14.494    count_reg[4]
  -------------------------------------------------------------------
                         required time                         14.494    
                         arrival time                          -9.162    
  -------------------------------------------------------------------
                         slack                                  5.332    

Slack (MET) :             5.332ns  (required time - arrival time)
  Source:                 count_reg[15]/C
                            (rising edge-triggered cell FDRE clocked by sys_clk  {rise@0.000ns fall@5.000ns period=10.000ns})
  Destination:            count_reg[5]/R
                            (rising edge-triggered cell FDRE clocked by sys_clk  {rise@0.000ns fall@5.000ns period=10.000ns})
  Path Group:             sys_clk
  Path Type:              Setup (Max at Slow Process Corner)
  Requirement:            10.000ns  (sys_clk rise@10.000ns - sys_clk rise@0.000ns)
  Data Path Delay:        4.087ns  (logic 0.890ns (21.778%)  route 3.197ns (78.222%))
  Logic Levels:           3  (LUT4=1 LUT6=2)
  Clock Path Skew:        -0.022ns (DCD - SCD + CPR)
    Destination Clock Delay (DCD):    4.782ns = ( 14.782 - 10.000 ) 
    Source Clock Delay      (SCD):    5.075ns
    Clock Pessimism Removal (CPR):    0.271ns
  Clock Uncertainty:      0.035ns  ((TSJ^2 + TIJ^2)^1/2 + DJ) / 2 + PE
    Total System Jitter     (TSJ):    0.071ns
    Total Input Jitter      (TIJ):    0.000ns
    Discrete Jitter          (DJ):    0.000ns
    Phase Error              (PE):    0.000ns

    Location             Delay type                Incr(ns)  Path(ns)    Netlist Resource(s)
  -------------------------------------------------------------------    -------------------
                         (clock sys_clk rise edge)    0.000     0.000 r  
    F14                                               0.000     0.000 r  clk (IN)
                         net (fo=0)                   0.000     0.000    clk
    F14                  IBUF (Prop_ibuf_I_O)         1.458     1.458 r  clk_IBUF_inst/O
                         net (fo=1, routed)           1.972     3.430    clk_IBUF
    BUFGCTRL_X0Y16       BUFG (Prop_bufg_I_O)         0.096     3.526 r  clk_IBUF_BUFG_inst/O
                         net (fo=159, routed)         1.549     5.075    clk_IBUF_BUFG
    SLICE_X56Y66         FDRE                                         r  count_reg[15]/C
  -------------------------------------------------------------------    -------------------
    SLICE_X56Y66         FDRE (Prop_fdre_C_Q)         0.518     5.593 r  count_reg[15]/Q
                         net (fo=2, routed)           0.994     6.587    count_reg[15]
    SLICE_X57Y65         LUT6 (Prop_lut6_I3_O)        0.124     6.711 r  ms_i_4/O
                         net (fo=1, routed)           0.433     7.144    ms_i_4_n_0
    SLICE_X57Y65         LUT6 (Prop_lut6_I0_O)        0.124     7.268 r  ms_i_3/O
                         net (fo=2, routed)           0.881     8.149    ms_i_3_n_0
    SLICE_X59Y67         LUT4 (Prop_lut4_I3_O)        0.124     8.273 r  count[0]_i_1/O
                         net (fo=17, routed)          0.889     9.162    count[0]_i_1_n_0
    SLICE_X56Y64         FDRE                                         r  count_reg[5]/R
  -------------------------------------------------------------------    -------------------

                         (clock sys_clk rise edge)   10.000    10.000 r  
    F14                                               0.000    10.000 r  clk (IN)
                         net (fo=0)                   0.000    10.000    clk
    F14                  IBUF (Prop_ibuf_I_O)         1.388    11.388 r  clk_IBUF_inst/O
                         net (fo=1, routed)           1.868    13.256    clk_IBUF
    BUFGCTRL_X0Y16       BUFG (Prop_bufg_I_O)         0.091    13.347 r  clk_IBUF_BUFG_inst/O
                         net (fo=159, routed)         1.435    14.782    clk_IBUF_BUFG
    SLICE_X56Y64         FDRE                                         r  count_reg[5]/C
                         clock pessimism              0.271    15.053    
                         clock uncertainty           -0.035    15.018    
    SLICE_X56Y64         FDRE (Setup_fdre_C_R)       -0.524    14.494    count_reg[5]
  -------------------------------------------------------------------
                         required time                         14.494    
                         arrival time                          -9.162    
  -------------------------------------------------------------------
                         slack                                  5.332    

Slack (MET) :             5.332ns  (required time - arrival time)
  Source:                 count_reg[15]/C
                            (rising edge-triggered cell FDRE clocked by sys_clk  {rise@0.000ns fall@5.000ns period=10.000ns})
  Destination:            count_reg[6]/R
                            (rising edge-triggered cell FDRE clocked by sys_clk  {rise@0.000ns fall@5.000ns period=10.000ns})
  Path Group:             sys_clk
  Path Type:              Setup (Max at Slow Process Corner)
  Requirement:            10.000ns  (sys_clk rise@10.000ns - sys_clk rise@0.000ns)
  Data Path Delay:        4.087ns  (logic 0.890ns (21.778%)  route 3.197ns (78.222%))
  Logic Levels:           3  (LUT4=1 LUT6=2)
  Clock Path Skew:        -0.022ns (DCD - SCD + CPR)
    Destination Clock Delay (DCD):    4.782ns = ( 14.782 - 10.000 ) 
    Source Clock Delay      (SCD):    5.075ns
    Clock Pessimism Removal (CPR):    0.271ns
  Clock Uncertainty:      0.035ns  ((TSJ^2 + TIJ^2)^1/2 + DJ) / 2 + PE
    Total System Jitter     (TSJ):    0.071ns
    Total Input Jitter      (TIJ):    0.000ns
    Discrete Jitter          (DJ):    0.000ns
    Phase Error              (PE):    0.000ns

    Location             Delay type                Incr(ns)  Path(ns)    Netlist Resource(s)
  -------------------------------------------------------------------    -------------------
                         (clock sys_clk rise edge)    0.000     0.000 r  
    F14                                               0.000     0.000 r  clk (IN)
                         net (fo=0)                   0.000     0.000    clk
    F14                  IBUF (Prop_ibuf_I_O)         1.458     1.458 r  clk_IBUF_inst/O
                         net (fo=1, routed)           1.972     3.430    clk_IBUF
    BUFGCTRL_X0Y16       BUFG (Prop_bufg_I_O)         0.096     3.526 r  clk_IBUF_BUFG_inst/O
                         net (fo=159, routed)         1.549     5.075    clk_IBUF_BUFG
    SLICE_X56Y66         FDRE                                         r  count_reg[15]/C
  -------------------------------------------------------------------    -------------------
    SLICE_X56Y66         FDRE (Prop_fdre_C_Q)         0.518     5.593 r  count_reg[15]/Q
                         net (fo=2, routed)           0.994     6.587    count_reg[15]
    SLICE_X57Y65         LUT6 (Prop_lut6_I3_O)        0.124     6.711 r  ms_i_4/O
                         net (fo=1, routed)           0.433     7.144    ms_i_4_n_0
    SLICE_X57Y65         LUT6 (Prop_lut6_I0_O)        0.124     7.268 r  ms_i_3/O
                         net (fo=2, routed)           0.881     8.149    ms_i_3_n_0
    SLICE_X59Y67         LUT4 (Prop_lut4_I3_O)        0.124     8.273 r  count[0]_i_1/O
                         net (fo=17, routed)          0.889     9.162    count[0]_i_1_n_0
    SLICE_X56Y64         FDRE                                         r  count_reg[6]/R
  -------------------------------------------------------------------    -------------------

                         (clock sys_clk rise edge)   10.000    10.000 r  
    F14                                               0.000    10.000 r  clk (IN)
                         net (fo=0)                   0.000    10.000    clk
    F14                  IBUF (Prop_ibuf_I_O)         1.388    11.388 r  clk_IBUF_inst/O
                         net (fo=1, routed)           1.868    13.256    clk_IBUF
    BUFGCTRL_X0Y16       BUFG (Prop_bufg_I_O)         0.091    13.347 r  clk_IBUF_BUFG_inst/O
                         net (fo=159, routed)         1.435    14.782    clk_IBUF_BUFG
    SLICE_X56Y64         FDRE                                         r  count_reg[6]/C
                         clock pessimism              0.271    15.053    
                         clock uncertainty           -0.035    15.018    
    SLICE_X56Y64         FDRE (Setup_fdre_C_R)       -0.524    14.494    count_reg[6]
  -------------------------------------------------------------------
                         required time                         14.494    
                         arrival time                          -9.162    
  -------------------------------------------------------------------
                         slack                                  5.332    

Slack (MET) :             5.332ns  (required time - arrival time)
  Source:                 count_reg[15]/C
                            (rising edge-triggered cell FDRE clocked by sys_clk  {rise@0.000ns fall@5.000ns period=10.000ns})
  Destination:            count_reg[7]/R
                            (rising edge-triggered cell FDRE clocked by sys_clk  {rise@0.000ns fall@5.000ns period=10.000ns})
  Path Group:             sys_clk
  Path Type:              Setup (Max at Slow Process Corner)
  Requirement:            10.000ns  (sys_clk rise@10.000ns - sys_clk rise@0.000ns)
  Data Path Delay:        4.087ns  (logic 0.890ns (21.778%)  route 3.197ns (78.222%))
  Logic Levels:           3  (LUT4=1 LUT6=2)
  Clock Path Skew:        -0.022ns (DCD - SCD + CPR)
    Destination Clock Delay (DCD):    4.782ns = ( 14.782 - 10.000 ) 
    Source Clock Delay      (SCD):    5.075ns
    Clock Pessimism Removal (CPR):    0.271ns
  Clock Uncertainty:      0.035ns  ((TSJ^2 + TIJ^2)^1/2 + DJ) / 2 + PE
    Total System Jitter     (TSJ):    0.071ns
    Total Input Jitter      (TIJ):    0.000ns
    Discrete Jitter          (DJ):    0.000ns
    Phase Error              (PE):    0.000ns

    Location             Delay type                Incr(ns)  Path(ns)    Netlist Resource(s)
  -------------------------------------------------------------------    -------------------
                         (clock sys_clk rise edge)    0.000     0.000 r  
    F14                                               0.000     0.000 r  clk (IN)
                         net (fo=0)                   0.000     0.000    clk
    F14                  IBUF (Prop_ibuf_I_O)         1.458     1.458 r  clk_IBUF_inst/O
                         net (fo=1, routed)           1.972     3.430    clk_IBUF
    BUFGCTRL_X0Y16       BUFG (Prop_bufg_I_O)         0.096     3.526 r  clk_IBUF_BUFG_inst/O
                         net (fo=159, routed)         1.549     5.075    clk_IBUF_BUFG
    SLICE_X56Y66         FDRE                                         r  count_reg[15]/C
  -------------------------------------------------------------------    -------------------
    SLICE_X56Y66         FDRE (Prop_fdre_C_Q)         0.518     5.593 r  count_reg[15]/Q
                         net (fo=2, routed)           0.994     6.587    count_reg[15]
    SLICE_X57Y65         LUT6 (Prop_lut6_I3_O)        0.124     6.711 r  ms_i_4/O
                         net (fo=1, routed)           0.433     7.144    ms_i_4_n_0
    SLICE_X57Y65         LUT6 (Prop_lut6_I0_O)        0.124     7.268 r  ms_i_3/O
                         net (fo=2, routed)           0.881     8.149    ms_i_3_n_0
    SLICE_X59Y67         LUT4 (Prop_lut4_I3_O)        0.124     8.273 r  count[0]_i_1/O
                         net (fo=17, routed)          0.889     9.162    count[0]_i_1_n_0
    SLICE_X56Y64         FDRE                                         r  count_reg[7]/R
  -------------------------------------------------------------------    -------------------

                         (clock sys_clk rise edge)   10.000    10.000 r  
    F14                                               0.000    10.000 r  clk (IN)
                         net (fo=0)                   0.000    10.000    clk
    F14                  IBUF (Prop_ibuf_I_O)         1.388    11.388 r  clk_IBUF_inst/O
                         net (fo=1, routed)           1.868    13.256    clk_IBUF
    BUFGCTRL_X0Y16       BUFG (Prop_bufg_I_O)         0.091    13.347 r  clk_IBUF_BUFG_inst/O
                         net (fo=159, routed)         1.435    14.782    clk_IBUF_BUFG
    SLICE_X56Y64         FDRE                                         r  count_reg[7]/C
                         clock pessimism              0.271    15.053    
                         clock uncertainty           -0.035    15.018    
    SLICE_X56Y64         FDRE (Setup_fdre_C_R)       -0.524    14.494    count_reg[7]
  -------------------------------------------------------------------
                         required time                         14.494    
                         arrival time                          -9.162    
  -------------------------------------------------------------------
                         slack                                  5.332    

Slack (MET) :             5.478ns  (required time - arrival time)
  Source:                 count_reg[15]/C
                            (rising edge-triggered cell FDRE clocked by sys_clk  {rise@0.000ns fall@5.000ns period=10.000ns})
  Destination:            count_reg[10]/R
                            (rising edge-triggered cell FDRE clocked by sys_clk  {rise@0.000ns fall@5.000ns period=10.000ns})
  Path Group:             sys_clk
  Path Type:              Setup (Max at Slow Process Corner)
  Requirement:            10.000ns  (sys_clk rise@10.000ns - sys_clk rise@0.000ns)
  Data Path Delay:        3.939ns  (logic 0.890ns (22.593%)  route 3.049ns (77.407%))
  Logic Levels:           3  (LUT4=1 LUT6=2)
  Clock Path Skew:        -0.023ns (DCD - SCD + CPR)
    Destination Clock Delay (DCD):    4.781ns = ( 14.781 - 10.000 ) 
    Source Clock Delay      (SCD):    5.075ns
    Clock Pessimism Removal (CPR):    0.271ns
  Clock Uncertainty:      0.035ns  ((TSJ^2 + TIJ^2)^1/2 + DJ) / 2 + PE
    Total System Jitter     (TSJ):    0.071ns
    Total Input Jitter      (TIJ):    0.000ns
    Discrete Jitter          (DJ):    0.000ns
    Phase Error              (PE):    0.000ns

    Location             Delay type                Incr(ns)  Path(ns)    Netlist Resource(s)
  -------------------------------------------------------------------    -------------------
                         (clock sys_clk rise edge)    0.000     0.000 r  
    F14                                               0.000     0.000 r  clk (IN)
                         net (fo=0)                   0.000     0.000    clk
    F14                  IBUF (Prop_ibuf_I_O)         1.458     1.458 r  clk_IBUF_inst/O
                         net (fo=1, routed)           1.972     3.430    clk_IBUF
    BUFGCTRL_X0Y16       BUFG (Prop_bufg_I_O)         0.096     3.526 r  clk_IBUF_BUFG_inst/O
                         net (fo=159, routed)         1.549     5.075    clk_IBUF_BUFG
    SLICE_X56Y66         FDRE                                         r  count_reg[15]/C
  -------------------------------------------------------------------    -------------------
    SLICE_X56Y66         FDRE (Prop_fdre_C_Q)         0.518     5.593 r  count_reg[15]/Q
                         net (fo=2, routed)           0.994     6.587    count_reg[15]
    SLICE_X57Y65         LUT6 (Prop_lut6_I3_O)        0.124     6.711 r  ms_i_4/O
                         net (fo=1, routed)           0.433     7.144    ms_i_4_n_0
    SLICE_X57Y65         LUT6 (Prop_lut6_I0_O)        0.124     7.268 r  ms_i_3/O
                         net (fo=2, routed)           0.881     8.149    ms_i_3_n_0
    SLICE_X59Y67         LUT4 (Prop_lut4_I3_O)        0.124     8.273 r  count[0]_i_1/O
                         net (fo=17, routed)          0.741     9.014    count[0]_i_1_n_0
    SLICE_X56Y65         FDRE                                         r  count_reg[10]/R
  -------------------------------------------------------------------    -------------------

                         (clock sys_clk rise edge)   10.000    10.000 r  
    F14                                               0.000    10.000 r  clk (IN)
                         net (fo=0)                   0.000    10.000    clk
    F14                  IBUF (Prop_ibuf_I_O)         1.388    11.388 r  clk_IBUF_inst/O
                         net (fo=1, routed)           1.868    13.256    clk_IBUF
    BUFGCTRL_X0Y16       BUFG (Prop_bufg_I_O)         0.091    13.347 r  clk_IBUF_BUFG_inst/O
                         net (fo=159, routed)         1.434    14.781    clk_IBUF_BUFG
    SLICE_X56Y65         FDRE                                         r  count_reg[10]/C
                         clock pessimism              0.271    15.052    
                         clock uncertainty           -0.035    15.017    
    SLICE_X56Y65         FDRE (Setup_fdre_C_R)       -0.524    14.493    count_reg[10]
  -------------------------------------------------------------------
                         required time                         14.493    
                         arrival time                          -9.014    
  -------------------------------------------------------------------
                         slack                                  5.478    

Slack (MET) :             5.478ns  (required time - arrival time)
  Source:                 count_reg[15]/C
                            (rising edge-triggered cell FDRE clocked by sys_clk  {rise@0.000ns fall@5.000ns period=10.000ns})
  Destination:            count_reg[11]/R
                            (rising edge-triggered cell FDRE clocked by sys_clk  {rise@0.000ns fall@5.000ns period=10.000ns})
  Path Group:             sys_clk
  Path Type:              Setup (Max at Slow Process Corner)
  Requirement:            10.000ns  (sys_clk rise@10.000ns - sys_clk rise@0.000ns)
  Data Path Delay:        3.939ns  (logic 0.890ns (22.593%)  route 3.049ns (77.407%))
  Logic Levels:           3  (LUT4=1 LUT6=2)
  Clock Path Skew:        -0.023ns (DCD - SCD + CPR)
    Destination Clock Delay (DCD):    4.781ns = ( 14.781 - 10.000 ) 
    Source Clock Delay      (SCD):    5.075ns
    Clock Pessimism Removal (CPR):    0.271ns
  Clock Uncertainty:      0.035ns  ((TSJ^2 + TIJ^2)^1/2 + DJ) / 2 + PE
    Total System Jitter     (TSJ):    0.071ns
    Total Input Jitter      (TIJ):    0.000ns
    Discrete Jitter          (DJ):    0.000ns
    Phase Error              (PE):    0.000ns

    Location             Delay type                Incr(ns)  Path(ns)    Netlist Resource(s)
  -------------------------------------------------------------------    -------------------
                         (clock sys_clk rise edge)    0.000     0.000 r  
    F14                                               0.000     0.000 r  clk (IN)
                         net (fo=0)                   0.000     0.000    clk
    F14                  IBUF (Prop_ibuf_I_O)         1.458     1.458 r  clk_IBUF_inst/O
                         net (fo=1, routed)           1.972     3.430    clk_IBUF
    BUFGCTRL_X0Y16       BUFG (Prop_bufg_I_O)         0.096     3.526 r  clk_IBUF_BUFG_inst/O
                         net (fo=159, routed)         1.549     5.075    clk_IBUF_BUFG
    SLICE_X56Y66         FDRE                                         r  count_reg[15]/C
  -------------------------------------------------------------------    -------------------
    SLICE_X56Y66         FDRE (Prop_fdre_C_Q)         0.518     5.593 r  count_reg[15]/Q
                         net (fo=2, routed)           0.994     6.587    count_reg[15]
    SLICE_X57Y65         LUT6 (Prop_lut6_I3_O)        0.124     6.711 r  ms_i_4/O
                         net (fo=1, routed)           0.433     7.144    ms_i_4_n_0
    SLICE_X57Y65         LUT6 (Prop_lut6_I0_O)        0.124     7.268 r  ms_i_3/O
                         net (fo=2, routed)           0.881     8.149    ms_i_3_n_0
    SLICE_X59Y67         LUT4 (Prop_lut4_I3_O)        0.124     8.273 r  count[0]_i_1/O
                         net (fo=17, routed)          0.741     9.014    count[0]_i_1_n_0
    SLICE_X56Y65         FDRE                                         r  count_reg[11]/R
  -------------------------------------------------------------------    -------------------

                         (clock sys_clk rise edge)   10.000    10.000 r  
    F14                                               0.000    10.000 r  clk (IN)
                         net (fo=0)                   0.000    10.000    clk
    F14                  IBUF (Prop_ibuf_I_O)         1.388    11.388 r  clk_IBUF_inst/O
                         net (fo=1, routed)           1.868    13.256    clk_IBUF
    BUFGCTRL_X0Y16       BUFG (Prop_bufg_I_O)         0.091    13.347 r  clk_IBUF_BUFG_inst/O
                         net (fo=159, routed)         1.434    14.781    clk_IBUF_BUFG
    SLICE_X56Y65         FDRE                                         r  count_reg[11]/C
                         clock pessimism              0.271    15.052    
                         clock uncertainty           -0.035    15.017    
    SLICE_X56Y65         FDRE (Setup_fdre_C_R)       -0.524    14.493    count_reg[11]
  -------------------------------------------------------------------
                         required time                         14.493    
                         arrival time                          -9.014    
  -------------------------------------------------------------------
                         slack                                  5.478    





Min Delay Paths
--------------------------------------------------------------------------------------
Slack (MET) :             0.180ns  (arrival time - required time)
  Source:                 min_tens_reg[2]/C
                            (rising edge-triggered cell FDCE clocked by sys_clk  {rise@0.000ns fall@5.000ns period=10.000ns})
  Destination:            min_tens_reg[3]/D
                            (rising edge-triggered cell FDCE clocked by sys_clk  {rise@0.000ns fall@5.000ns period=10.000ns})
  Path Group:             sys_clk
  Path Type:              Hold (Min at Fast Process Corner)
  Requirement:            0.000ns  (sys_clk rise@0.000ns - sys_clk rise@0.000ns)
  Data Path Delay:        0.285ns  (logic 0.186ns (65.197%)  route 0.099ns (34.803%))
  Logic Levels:           1  (LUT4=1)
  Clock Path Skew:        0.013ns (DCD - SCD - CPR)
    Destination Clock Delay (DCD):    1.988ns
    Source Clock Delay      (SCD):    1.473ns
    Clock Pessimism Removal (CPR):    0.502ns

    Location             Delay type                Incr(ns)  Path(ns)    Netlist Resource(s)
  -------------------------------------------------------------------    -------------------
                         (clock sys_clk rise edge)    0.000     0.000 r  
    F14                                               0.000     0.000 r  clk (IN)
                         net (fo=0)                   0.000     0.000    clk
    F14                  IBUF (Prop_ibuf_I_O)         0.226     0.226 r  clk_IBUF_inst/O
                         net (fo=1, routed)           0.634     0.861    clk_IBUF
    BUFGCTRL_X0Y16       BUFG (Prop_bufg_I_O)         0.026     0.887 r  clk_IBUF_BUFG_inst/O
                         net (fo=159, routed)         0.587     1.473    clk_IBUF_BUFG
    SLICE_X62Y64         FDCE                                         r  min_tens_reg[2]/C
  -------------------------------------------------------------------    -------------------
    SLICE_X62Y64         FDCE (Prop_fdce_C_Q)         0.141     1.614 r  min_tens_reg[2]/Q
                         net (fo=8, routed)           0.099     1.714    min_tens_reg_n_0_[2]
    SLICE_X63Y64         LUT4 (Prop_lut4_I3_O)        0.045     1.759 r  min_tens[3]_i_2/O
                         net (fo=1, routed)           0.000     1.759    min_tens[3]_i_2_n_0
    SLICE_X63Y64         FDCE                                         r  min_tens_reg[3]/D
  -------------------------------------------------------------------    -------------------

                         (clock sys_clk rise edge)    0.000     0.000 r  
    F14                                               0.000     0.000 r  clk (IN)
                         net (fo=0)                   0.000     0.000    clk
    F14                  IBUF (Prop_ibuf_I_O)         0.414     0.414 r  clk_IBUF_inst/O
                         net (fo=1, routed)           0.689     1.103    clk_IBUF
    BUFGCTRL_X0Y16       BUFG (Prop_bufg_I_O)         0.029     1.132 r  clk_IBUF_BUFG_inst/O
                         net (fo=159, routed)         0.856     1.988    clk_IBUF_BUFG
    SLICE_X63Y64         FDCE                                         r  min_tens_reg[3]/C
                         clock pessimism             -0.502     1.486    
    SLICE_X63Y64         FDCE (Hold_fdce_C_D)         0.092     1.578    min_tens_reg[3]
  -------------------------------------------------------------------
                         required time                         -1.578    
                         arrival time                           1.759    
  -------------------------------------------------------------------
                         slack                                  0.180    

Slack (MET) :             0.192ns  (arrival time - required time)
  Source:                 hr_ones_reg[1]/C
                            (rising edge-triggered cell FDCE clocked by sys_clk  {rise@0.000ns fall@5.000ns period=10.000ns})
  Destination:            hr_ones_reg[2]/D
                            (rising edge-triggered cell FDCE clocked by sys_clk  {rise@0.000ns fall@5.000ns period=10.000ns})
  Path Group:             sys_clk
  Path Type:              Hold (Min at Fast Process Corner)
  Requirement:            0.000ns  (sys_clk rise@0.000ns - sys_clk rise@0.000ns)
  Data Path Delay:        0.297ns  (logic 0.186ns (62.637%)  route 0.111ns (37.363%))
  Logic Levels:           1  (LUT6=1)
  Clock Path Skew:        0.013ns (DCD - SCD - CPR)
    Destination Clock Delay (DCD):    1.987ns
    Source Clock Delay      (SCD):    1.473ns
    Clock Pessimism Removal (CPR):    0.501ns

    Location             Delay type                Incr(ns)  Path(ns)    Netlist Resource(s)
  -------------------------------------------------------------------    -------------------
                         (clock sys_clk rise edge)    0.000     0.000 r  
    F14                                               0.000     0.000 r  clk (IN)
                         net (fo=0)                   0.000     0.000    clk
    F14                  IBUF (Prop_ibuf_I_O)         0.226     0.226 r  clk_IBUF_inst/O
                         net (fo=1, routed)           0.634     0.861    clk_IBUF
    BUFGCTRL_X0Y16       BUFG (Prop_bufg_I_O)         0.026     0.887 r  clk_IBUF_BUFG_inst/O
                         net (fo=159, routed)         0.587     1.473    clk_IBUF_BUFG
    SLICE_X62Y65         FDCE                                         r  hr_ones_reg[1]/C
  -------------------------------------------------------------------    -------------------
    SLICE_X62Y65         FDCE (Prop_fdce_C_Q)         0.141     1.614 r  hr_ones_reg[1]/Q
                         net (fo=7, routed)           0.111     1.725    hr_ones_reg_n_0_[1]
    SLICE_X63Y65         LUT6 (Prop_lut6_I4_O)        0.045     1.770 r  hr_ones[2]_i_1/O
                         net (fo=1, routed)           0.000     1.770    hr_ones[2]_i_1_n_0
    SLICE_X63Y65         FDCE                                         r  hr_ones_reg[2]/D
  -------------------------------------------------------------------    -------------------

                         (clock sys_clk rise edge)    0.000     0.000 r  
    F14                                               0.000     0.000 r  clk (IN)
                         net (fo=0)                   0.000     0.000    clk
    F14                  IBUF (Prop_ibuf_I_O)         0.414     0.414 r  clk_IBUF_inst/O
                         net (fo=1, routed)           0.689     1.103    clk_IBUF
    BUFGCTRL_X0Y16       BUFG (Prop_bufg_I_O)         0.029     1.132 r  clk_IBUF_BUFG_inst/O
                         net (fo=159, routed)         0.855     1.987    clk_IBUF_BUFG
    SLICE_X63Y65         FDCE                                         r  hr_ones_reg[2]/C
                         clock pessimism             -0.501     1.486    
    SLICE_X63Y65         FDCE (Hold_fdce_C_D)         0.092     1.578    hr_ones_reg[2]
  -------------------------------------------------------------------
                         required time                         -1.578    
                         arrival time                           1.770    
  -------------------------------------------------------------------
                         slack                                  0.192    

Slack (MET) :             0.213ns  (arrival time - required time)
  Source:                 hr_ones_reg[0]/C
                            (rising edge-triggered cell FDCE clocked by sys_clk  {rise@0.000ns fall@5.000ns period=10.000ns})
  Destination:            hr_ones_reg[1]/D
                            (rising edge-triggered cell FDCE clocked by sys_clk  {rise@0.000ns fall@5.000ns period=10.000ns})
  Path Group:             sys_clk
  Path Type:              Hold (Min at Fast Process Corner)
  Requirement:            0.000ns  (sys_clk rise@0.000ns - sys_clk rise@0.000ns)
  Data Path Delay:        0.317ns  (logic 0.186ns (58.636%)  route 0.131ns (41.364%))
  Logic Levels:           1  (LUT6=1)
  Clock Path Skew:        0.013ns (DCD - SCD - CPR)
    Destination Clock Delay (DCD):    1.987ns
    Source Clock Delay      (SCD):    1.473ns
    Clock Pessimism Removal (CPR):    0.501ns

    Location             Delay type                Incr(ns)  Path(ns)    Netlist Resource(s)
  -------------------------------------------------------------------    -------------------
                         (clock sys_clk rise edge)    0.000     0.000 r  
    F14                                               0.000     0.000 r  clk (IN)
                         net (fo=0)                   0.000     0.000    clk
    F14                  IBUF (Prop_ibuf_I_O)         0.226     0.226 r  clk_IBUF_inst/O
                         net (fo=1, routed)           0.634     0.861    clk_IBUF
    BUFGCTRL_X0Y16       BUFG (Prop_bufg_I_O)         0.026     0.887 r  clk_IBUF_BUFG_inst/O
                         net (fo=159, routed)         0.587     1.473    clk_IBUF_BUFG
    SLICE_X63Y65         FDCE                                         r  hr_ones_reg[0]/C
  -------------------------------------------------------------------    -------------------
    SLICE_X63Y65         FDCE (Prop_fdce_C_Q)         0.141     1.614 r  hr_ones_reg[0]/Q
                         net (fo=9, routed)           0.131     1.746    hr_ones_reg_n_0_[0]
    SLICE_X62Y65         LUT6 (Prop_lut6_I5_O)        0.045     1.791 r  hr_ones[1]_i_1/O
                         net (fo=1, routed)           0.000     1.791    hr_ones[1]_i_1_n_0
    SLICE_X62Y65         FDCE                                         r  hr_ones_reg[1]/D
  -------------------------------------------------------------------    -------------------

                         (clock sys_clk rise edge)    0.000     0.000 r  
    F14                                               0.000     0.000 r  clk (IN)
                         net (fo=0)                   0.000     0.000    clk
    F14                  IBUF (Prop_ibuf_I_O)         0.414     0.414 r  clk_IBUF_inst/O
                         net (fo=1, routed)           0.689     1.103    clk_IBUF
    BUFGCTRL_X0Y16       BUFG (Prop_bufg_I_O)         0.029     1.132 r  clk_IBUF_BUFG_inst/O
                         net (fo=159, routed)         0.855     1.987    clk_IBUF_BUFG
    SLICE_X62Y65         FDCE                                         r  hr_ones_reg[1]/C
                         clock pessimism             -0.501     1.486    
    SLICE_X62Y65         FDCE (Hold_fdce_C_D)         0.091     1.577    hr_ones_reg[1]
  -------------------------------------------------------------------
                         required time                         -1.577    
                         arrival time                           1.791    
  -------------------------------------------------------------------
                         slack                                  0.213    

Slack (MET) :             0.225ns  (arrival time - required time)
  Source:                 t_hr_tens_reg[2]/C
                            (rising edge-triggered cell FDCE clocked by sys_clk  {rise@0.000ns fall@5.000ns period=10.000ns})
  Destination:            t_hr_tens_reg[3]/D
                            (rising edge-triggered cell FDCE clocked by sys_clk  {rise@0.000ns fall@5.000ns period=10.000ns})
  Path Group:             sys_clk
  Path Type:              Hold (Min at Fast Process Corner)
  Requirement:            0.000ns  (sys_clk rise@0.000ns - sys_clk rise@0.000ns)
  Data Path Delay:        0.356ns  (logic 0.208ns (58.427%)  route 0.148ns (41.573%))
  Logic Levels:           1  (LUT4=1)
  Clock Path Skew:        0.000ns (DCD - SCD - CPR)
    Destination Clock Delay (DCD):    1.979ns
    Source Clock Delay      (SCD):    1.466ns
    Clock Pessimism Removal (CPR):    0.513ns

    Location             Delay type                Incr(ns)  Path(ns)    Netlist Resource(s)
  -------------------------------------------------------------------    -------------------
                         (clock sys_clk rise edge)    0.000     0.000 r  
    F14                                               0.000     0.000 r  clk (IN)
                         net (fo=0)                   0.000     0.000    clk
    F14                  IBUF (Prop_ibuf_I_O)         0.226     0.226 r  clk_IBUF_inst/O
                         net (fo=1, routed)           0.634     0.861    clk_IBUF
    BUFGCTRL_X0Y16       BUFG (Prop_bufg_I_O)         0.026     0.887 r  clk_IBUF_BUFG_inst/O
                         net (fo=159, routed)         0.580     1.466    clk_IBUF_BUFG
    SLICE_X60Y71         FDCE                                         r  t_hr_tens_reg[2]/C
  -------------------------------------------------------------------    -------------------
    SLICE_X60Y71         FDCE (Prop_fdce_C_Q)         0.164     1.630 r  t_hr_tens_reg[2]/Q
                         net (fo=3, routed)           0.148     1.778    t_hr_tens_reg[2]
    SLICE_X60Y71         LUT4 (Prop_lut4_I3_O)        0.044     1.822 r  t_hr_tens[3]_i_2/O
                         net (fo=1, routed)           0.000     1.822    p_0_in__2[3]
    SLICE_X60Y71         FDCE                                         r  t_hr_tens_reg[3]/D
  -------------------------------------------------------------------    -------------------

                         (clock sys_clk rise edge)    0.000     0.000 r  
    F14                                               0.000     0.000 r  clk (IN)
                         net (fo=0)                   0.000     0.000    clk
    F14                  IBUF (Prop_ibuf_I_O)         0.414     0.414 r  clk_IBUF_inst/O
                         net (fo=1, routed)           0.689     1.103    clk_IBUF
    BUFGCTRL_X0Y16       BUFG (Prop_bufg_I_O)         0.029     1.132 r  clk_IBUF_BUFG_inst/O
                         net (fo=159, routed)         0.848     1.979    clk_IBUF_BUFG
    SLICE_X60Y71         FDCE                                         r  t_hr_tens_reg[3]/C
                         clock pessimism             -0.513     1.466    
    SLICE_X60Y71         FDCE (Hold_fdce_C_D)         0.131     1.597    t_hr_tens_reg[3]
  -------------------------------------------------------------------
                         required time                         -1.597    
                         arrival time                           1.822    
  -------------------------------------------------------------------
                         slack                                  0.225    

Slack (MET) :             0.226ns  (arrival time - required time)
  Source:                 date_ones_reg[2]/C
                            (rising edge-triggered cell FDCE clocked by sys_clk  {rise@0.000ns fall@5.000ns period=10.000ns})
  Destination:            date_ones_reg[3]/D
                            (rising edge-triggered cell FDCE clocked by sys_clk  {rise@0.000ns fall@5.000ns period=10.000ns})
  Path Group:             sys_clk
  Path Type:              Hold (Min at Fast Process Corner)
  Requirement:            0.000ns  (sys_clk rise@0.000ns - sys_clk rise@0.000ns)
  Data Path Delay:        0.362ns  (logic 0.209ns (57.680%)  route 0.153ns (42.320%))
  Logic Levels:           1  (LUT6=1)
  Clock Path Skew:        0.015ns (DCD - SCD - CPR)
    Destination Clock Delay (DCD):    1.985ns
    Source Clock Delay      (SCD):    1.470ns
    Clock Pessimism Removal (CPR):    0.500ns

    Location             Delay type                Incr(ns)  Path(ns)    Netlist Resource(s)
  -------------------------------------------------------------------    -------------------
                         (clock sys_clk rise edge)    0.000     0.000 r  
    F14                                               0.000     0.000 r  clk (IN)
                         net (fo=0)                   0.000     0.000    clk
    F14                  IBUF (Prop_ibuf_I_O)         0.226     0.226 r  clk_IBUF_inst/O
                         net (fo=1, routed)           0.634     0.861    clk_IBUF
    BUFGCTRL_X0Y16       BUFG (Prop_bufg_I_O)         0.026     0.887 r  clk_IBUF_BUFG_inst/O
                         net (fo=159, routed)         0.584     1.470    clk_IBUF_BUFG
    SLICE_X64Y68         FDCE                                         r  date_ones_reg[2]/C
  -------------------------------------------------------------------    -------------------
    SLICE_X64Y68         FDCE (Prop_fdce_C_Q)         0.164     1.634 r  date_ones_reg[2]/Q
                         net (fo=6, routed)           0.153     1.788    date_ones_reg_n_0_[2]
    SLICE_X64Y67         LUT6 (Prop_lut6_I3_O)        0.045     1.833 r  date_ones[3]_i_2/O
                         net (fo=1, routed)           0.000     1.833    date_ones[3]_i_2_n_0
    SLICE_X64Y67         FDCE                                         r  date_ones_reg[3]/D
  -------------------------------------------------------------------    -------------------

                         (clock sys_clk rise edge)    0.000     0.000 r  
    F14                                               0.000     0.000 r  clk (IN)
                         net (fo=0)                   0.000     0.000    clk
    F14                  IBUF (Prop_ibuf_I_O)         0.414     0.414 r  clk_IBUF_inst/O
                         net (fo=1, routed)           0.689     1.103    clk_IBUF
    BUFGCTRL_X0Y16       BUFG (Prop_bufg_I_O)         0.029     1.132 r  clk_IBUF_BUFG_inst/O
                         net (fo=159, routed)         0.854     1.985    clk_IBUF_BUFG
    SLICE_X64Y67         FDCE                                         r  date_ones_reg[3]/C
                         clock pessimism             -0.500     1.485    
    SLICE_X64Y67         FDCE (Hold_fdce_C_D)         0.121     1.606    date_ones_reg[3]
  -------------------------------------------------------------------
                         required time                         -1.606    
                         arrival time                           1.833    
  -------------------------------------------------------------------
                         slack                                  0.226    

Slack (MET) :             0.228ns  (arrival time - required time)
  Source:                 alarm_hr_tens_reg[0]/C
                            (rising edge-triggered cell FDCE clocked by sys_clk  {rise@0.000ns fall@5.000ns period=10.000ns})
  Destination:            alarm_hr_tens_reg[3]/D
                            (rising edge-triggered cell FDCE clocked by sys_clk  {rise@0.000ns fall@5.000ns period=10.000ns})
  Path Group:             sys_clk
  Path Type:              Hold (Min at Fast Process Corner)
  Requirement:            0.000ns  (sys_clk rise@0.000ns - sys_clk rise@0.000ns)
  Data Path Delay:        0.350ns  (logic 0.189ns (54.038%)  route 0.161ns (45.962%))
  Logic Levels:           1  (LUT4=1)
  Clock Path Skew:        0.015ns (DCD - SCD - CPR)
    Destination Clock Delay (DCD):    1.984ns
    Source Clock Delay      (SCD):    1.470ns
    Clock Pessimism Removal (CPR):    0.499ns

    Location             Delay type                Incr(ns)  Path(ns)    Netlist Resource(s)
  -------------------------------------------------------------------    -------------------
                         (clock sys_clk rise edge)    0.000     0.000 r  
    F14                                               0.000     0.000 r  clk (IN)
                         net (fo=0)                   0.000     0.000    clk
    F14                  IBUF (Prop_ibuf_I_O)         0.226     0.226 r  clk_IBUF_inst/O
                         net (fo=1, routed)           0.634     0.861    clk_IBUF
    BUFGCTRL_X0Y16       BUFG (Prop_bufg_I_O)         0.026     0.887 r  clk_IBUF_BUFG_inst/O
                         net (fo=159, routed)         0.584     1.470    clk_IBUF_BUFG
    SLICE_X58Y67         FDCE                                         r  alarm_hr_tens_reg[0]/C
  -------------------------------------------------------------------    -------------------
    SLICE_X58Y67         FDCE (Prop_fdce_C_Q)         0.141     1.611 r  alarm_hr_tens_reg[0]/Q
                         net (fo=8, routed)           0.161     1.772    alarm_hr_tens_reg[0]
    SLICE_X59Y66         LUT4 (Prop_lut4_I2_O)        0.048     1.820 r  alarm_hr_tens[3]_i_2/O
                         net (fo=1, routed)           0.000     1.820    p_0_in__1[3]
    SLICE_X59Y66         FDCE                                         r  alarm_hr_tens_reg[3]/D
  -------------------------------------------------------------------    -------------------

                         (clock sys_clk rise edge)    0.000     0.000 r  
    F14                                               0.000     0.000 r  clk (IN)
                         net (fo=0)                   0.000     0.000    clk
    F14                  IBUF (Prop_ibuf_I_O)         0.414     0.414 r  clk_IBUF_inst/O
                         net (fo=1, routed)           0.689     1.103    clk_IBUF
    BUFGCTRL_X0Y16       BUFG (Prop_bufg_I_O)         0.029     1.132 r  clk_IBUF_BUFG_inst/O
                         net (fo=159, routed)         0.853     1.984    clk_IBUF_BUFG
    SLICE_X59Y66         FDCE                                         r  alarm_hr_tens_reg[3]/C
                         clock pessimism             -0.499     1.485    
    SLICE_X59Y66         FDCE (Hold_fdce_C_D)         0.107     1.592    alarm_hr_tens_reg[3]
  -------------------------------------------------------------------
                         required time                         -1.592    
                         arrival time                           1.820    
  -------------------------------------------------------------------
                         slack                                  0.228    

Slack (MET) :             0.229ns  (arrival time - required time)
  Source:                 alarm_hr_ones_reg[2]/C
                            (rising edge-triggered cell FDCE clocked by sys_clk  {rise@0.000ns fall@5.000ns period=10.000ns})
  Destination:            alarm_hr_ones_reg[3]/D
                            (rising edge-triggered cell FDCE clocked by sys_clk  {rise@0.000ns fall@5.000ns period=10.000ns})
  Path Group:             sys_clk
  Path Type:              Hold (Min at Fast Process Corner)
  Requirement:            0.000ns  (sys_clk rise@0.000ns - sys_clk rise@0.000ns)
  Data Path Delay:        0.350ns  (logic 0.246ns (70.270%)  route 0.104ns (29.730%))
  Logic Levels:           1  (LUT4=1)
  Clock Path Skew:        0.000ns (DCD - SCD - CPR)
    Destination Clock Delay (DCD):    1.985ns
    Source Clock Delay      (SCD):    1.472ns
    Clock Pessimism Removal (CPR):    0.513ns

    Location             Delay type                Incr(ns)  Path(ns)    Netlist Resource(s)
  -------------------------------------------------------------------    -------------------
                         (clock sys_clk rise edge)    0.000     0.000 r  
    F14                                               0.000     0.000 r  clk (IN)
                         net (fo=0)                   0.000     0.000    clk
    F14                  IBUF (Prop_ibuf_I_O)         0.226     0.226 r  clk_IBUF_inst/O
                         net (fo=1, routed)           0.634     0.861    clk_IBUF
    BUFGCTRL_X0Y16       BUFG (Prop_bufg_I_O)         0.026     0.887 r  clk_IBUF_BUFG_inst/O
                         net (fo=159, routed)         0.586     1.472    clk_IBUF_BUFG
    SLICE_X60Y65         FDCE                                         r  alarm_hr_ones_reg[2]/C
  -------------------------------------------------------------------    -------------------
    SLICE_X60Y65         FDCE (Prop_fdce_C_Q)         0.148     1.620 r  alarm_hr_ones_reg[2]/Q
                         net (fo=9, routed)           0.104     1.724    alarm_hr_ones_reg_n_0_[2]
    SLICE_X60Y65         LUT4 (Prop_lut4_I0_O)        0.098     1.822 r  alarm_hr_ones[3]_i_2/O
                         net (fo=1, routed)           0.000     1.822    alarm_hr_ones[3]_i_2_n_0
    SLICE_X60Y65         FDCE                                         r  alarm_hr_ones_reg[3]/D
  -------------------------------------------------------------------    -------------------

                         (clock sys_clk rise edge)    0.000     0.000 r  
    F14                                               0.000     0.000 r  clk (IN)
                         net (fo=0)                   0.000     0.000    clk
    F14                  IBUF (Prop_ibuf_I_O)         0.414     0.414 r  clk_IBUF_inst/O
                         net (fo=1, routed)           0.689     1.103    clk_IBUF
    BUFGCTRL_X0Y16       BUFG (Prop_bufg_I_O)         0.029     1.132 r  clk_IBUF_BUFG_inst/O
                         net (fo=159, routed)         0.854     1.985    clk_IBUF_BUFG
    SLICE_X60Y65         FDCE                                         r  alarm_hr_ones_reg[3]/C
                         clock pessimism             -0.513     1.472    
    SLICE_X60Y65         FDCE (Hold_fdce_C_D)         0.121     1.593    alarm_hr_ones_reg[3]
  -------------------------------------------------------------------
                         required time                         -1.593    
                         arrival time                           1.822    
  -------------------------------------------------------------------
                         slack                                  0.229    

Slack (MET) :             0.229ns  (arrival time - required time)
  Source:                 min_ones_reg[2]/C
                            (rising edge-triggered cell FDCE clocked by sys_clk  {rise@0.000ns fall@5.000ns period=10.000ns})
  Destination:            min_ones_reg[3]/D
                            (rising edge-triggered cell FDCE clocked by sys_clk  {rise@0.000ns fall@5.000ns period=10.000ns})
  Path Group:             sys_clk
  Path Type:              Hold (Min at Fast Process Corner)
  Requirement:            0.000ns  (sys_clk rise@0.000ns - sys_clk rise@0.000ns)
  Data Path Delay:        0.349ns  (logic 0.246ns (70.400%)  route 0.103ns (29.600%))
  Logic Levels:           1  (LUT6=1)
  Clock Path Skew:        0.000ns (DCD - SCD - CPR)
    Destination Clock Delay (DCD):    1.987ns
    Source Clock Delay      (SCD):    1.473ns
    Clock Pessimism Removal (CPR):    0.514ns

    Location             Delay type                Incr(ns)  Path(ns)    Netlist Resource(s)
  -------------------------------------------------------------------    -------------------
                         (clock sys_clk rise edge)    0.000     0.000 r  
    F14                                               0.000     0.000 r  clk (IN)
                         net (fo=0)                   0.000     0.000    clk
    F14                  IBUF (Prop_ibuf_I_O)         0.226     0.226 r  clk_IBUF_inst/O
                         net (fo=1, routed)           0.634     0.861    clk_IBUF
    BUFGCTRL_X0Y16       BUFG (Prop_bufg_I_O)         0.026     0.887 r  clk_IBUF_BUFG_inst/O
                         net (fo=159, routed)         0.587     1.473    clk_IBUF_BUFG
    SLICE_X64Y65         FDCE                                         r  min_ones_reg[2]/C
  -------------------------------------------------------------------    -------------------
    SLICE_X64Y65         FDCE (Prop_fdce_C_Q)         0.148     1.621 r  min_ones_reg[2]/Q
                         net (fo=7, routed)           0.103     1.725    min_ones_reg_n_0_[2]
    SLICE_X64Y65         LUT6 (Prop_lut6_I2_O)        0.098     1.823 r  min_ones[3]_i_2/O
                         net (fo=1, routed)           0.000     1.823    min_ones[3]_i_2_n_0
    SLICE_X64Y65         FDCE                                         r  min_ones_reg[3]/D
  -------------------------------------------------------------------    -------------------

                         (clock sys_clk rise edge)    0.000     0.000 r  
    F14                                               0.000     0.000 r  clk (IN)
                         net (fo=0)                   0.000     0.000    clk
    F14                  IBUF (Prop_ibuf_I_O)         0.414     0.414 r  clk_IBUF_inst/O
                         net (fo=1, routed)           0.689     1.103    clk_IBUF
    BUFGCTRL_X0Y16       BUFG (Prop_bufg_I_O)         0.029     1.132 r  clk_IBUF_BUFG_inst/O
                         net (fo=159, routed)         0.855     1.987    clk_IBUF_BUFG
    SLICE_X64Y65         FDCE                                         r  min_ones_reg[3]/C
                         clock pessimism             -0.514     1.473    
    SLICE_X64Y65         FDCE (Hold_fdce_C_D)         0.120     1.593    min_ones_reg[3]
  -------------------------------------------------------------------
                         required time                         -1.593    
                         arrival time                           1.823    
  -------------------------------------------------------------------
                         slack                                  0.229    

Slack (MET) :             0.231ns  (arrival time - required time)
  Source:                 hr_ones_reg[1]/C
                            (rising edge-triggered cell FDCE clocked by sys_clk  {rise@0.000ns fall@5.000ns period=10.000ns})
  Destination:            hr_ones_reg[3]/D
                            (rising edge-triggered cell FDCE clocked by sys_clk  {rise@0.000ns fall@5.000ns period=10.000ns})
  Path Group:             sys_clk
  Path Type:              Hold (Min at Fast Process Corner)
  Requirement:            0.000ns  (sys_clk rise@0.000ns - sys_clk rise@0.000ns)
  Data Path Delay:        0.356ns  (logic 0.186ns (52.193%)  route 0.170ns (47.807%))
  Logic Levels:           1  (LUT6=1)
  Clock Path Skew:        0.033ns (DCD - SCD - CPR)
    Destination Clock Delay (DCD):    1.985ns
    Source Clock Delay      (SCD):    1.473ns
    Clock Pessimism Removal (CPR):    0.479ns

    Location             Delay type                Incr(ns)  Path(ns)    Netlist Resource(s)
  -------------------------------------------------------------------    -------------------
                         (clock sys_clk rise edge)    0.000     0.000 r  
    F14                                               0.000     0.000 r  clk (IN)
                         net (fo=0)                   0.000     0.000    clk
    F14                  IBUF (Prop_ibuf_I_O)         0.226     0.226 r  clk_IBUF_inst/O
                         net (fo=1, routed)           0.634     0.861    clk_IBUF
    BUFGCTRL_X0Y16       BUFG (Prop_bufg_I_O)         0.026     0.887 r  clk_IBUF_BUFG_inst/O
                         net (fo=159, routed)         0.587     1.473    clk_IBUF_BUFG
    SLICE_X62Y65         FDCE                                         r  hr_ones_reg[1]/C
  -------------------------------------------------------------------    -------------------
    SLICE_X62Y65         FDCE (Prop_fdce_C_Q)         0.141     1.614 r  hr_ones_reg[1]/Q
                         net (fo=7, routed)           0.170     1.785    hr_ones_reg_n_0_[1]
    SLICE_X61Y65         LUT6 (Prop_lut6_I2_O)        0.045     1.830 r  hr_ones[3]_i_2/O
                         net (fo=1, routed)           0.000     1.830    hr_ones[3]_i_2_n_0
    SLICE_X61Y65         FDCE                                         r  hr_ones_reg[3]/D
  -------------------------------------------------------------------    -------------------

                         (clock sys_clk rise edge)    0.000     0.000 r  
    F14                                               0.000     0.000 r  clk (IN)
                         net (fo=0)                   0.000     0.000    clk
    F14                  IBUF (Prop_ibuf_I_O)         0.414     0.414 r  clk_IBUF_inst/O
                         net (fo=1, routed)           0.689     1.103    clk_IBUF
    BUFGCTRL_X0Y16       BUFG (Prop_bufg_I_O)         0.029     1.132 r  clk_IBUF_BUFG_inst/O
                         net (fo=159, routed)         0.854     1.985    clk_IBUF_BUFG
    SLICE_X61Y65         FDCE                                         r  hr_ones_reg[3]/C
                         clock pessimism             -0.479     1.506    
    SLICE_X61Y65         FDCE (Hold_fdce_C_D)         0.092     1.598    hr_ones_reg[3]
  -------------------------------------------------------------------
                         required time                         -1.598    
                         arrival time                           1.830    
  -------------------------------------------------------------------
                         slack                                  0.231    

Slack (MET) :             0.234ns  (arrival time - required time)
  Source:                 hr_tens_reg[2]/C
                            (rising edge-triggered cell FDCE clocked by sys_clk  {rise@0.000ns fall@5.000ns period=10.000ns})
  Destination:            hr_tens_reg[3]/D
                            (rising edge-triggered cell FDCE clocked by sys_clk  {rise@0.000ns fall@5.000ns period=10.000ns})
  Path Group:             sys_clk
  Path Type:              Hold (Min at Fast Process Corner)
  Requirement:            0.000ns  (sys_clk rise@0.000ns - sys_clk rise@0.000ns)
  Data Path Delay:        0.326ns  (logic 0.227ns (69.622%)  route 0.099ns (30.378%))
  Logic Levels:           1  (LUT4=1)
  Clock Path Skew:        0.000ns (DCD - SCD - CPR)
    Destination Clock Delay (DCD):    1.984ns
    Source Clock Delay      (SCD):    1.471ns
    Clock Pessimism Removal (CPR):    0.513ns

    Location             Delay type                Incr(ns)  Path(ns)    Netlist Resource(s)
  -------------------------------------------------------------------    -------------------
                         (clock sys_clk rise edge)    0.000     0.000 r  
    F14                                               0.000     0.000 r  clk (IN)
                         net (fo=0)                   0.000     0.000    clk
    F14                  IBUF (Prop_ibuf_I_O)         0.226     0.226 r  clk_IBUF_inst/O
                         net (fo=1, routed)           0.634     0.861    clk_IBUF
    BUFGCTRL_X0Y16       BUFG (Prop_bufg_I_O)         0.026     0.887 r  clk_IBUF_BUFG_inst/O
                         net (fo=159, routed)         0.585     1.471    clk_IBUF_BUFG
    SLICE_X61Y66         FDCE                                         r  hr_tens_reg[2]/C
  -------------------------------------------------------------------    -------------------
    SLICE_X61Y66         FDCE (Prop_fdce_C_Q)         0.128     1.599 r  hr_tens_reg[2]/Q
                         net (fo=6, routed)           0.099     1.698    hr_tens_reg_n_0_[2]
    SLICE_X61Y66         LUT4 (Prop_lut4_I3_O)        0.099     1.797 r  hr_tens[3]_i_2/O
                         net (fo=1, routed)           0.000     1.797    hr_tens[3]_i_2_n_0
    SLICE_X61Y66         FDCE                                         r  hr_tens_reg[3]/D
  -------------------------------------------------------------------    -------------------

                         (clock sys_clk rise edge)    0.000     0.000 r  
    F14                                               0.000     0.000 r  clk (IN)
                         net (fo=0)                   0.000     0.000    clk
    F14                  IBUF (Prop_ibuf_I_O)         0.414     0.414 r  clk_IBUF_inst/O
                         net (fo=1, routed)           0.689     1.103    clk_IBUF
    BUFGCTRL_X0Y16       BUFG (Prop_bufg_I_O)         0.029     1.132 r  clk_IBUF_BUFG_inst/O
                         net (fo=159, routed)         0.853     1.984    clk_IBUF_BUFG
    SLICE_X61Y66         FDCE                                         r  hr_tens_reg[3]/C
                         clock pessimism             -0.513     1.471    
    SLICE_X61Y66         FDCE (Hold_fdce_C_D)         0.092     1.563    hr_tens_reg[3]
  -------------------------------------------------------------------
                         required time                         -1.563    
                         arrival time                           1.797    
  -------------------------------------------------------------------
                         slack                                  0.234    





Pulse Width Checks
--------------------------------------------------------------------------------------
Clock Name:         sys_clk
Waveform(ns):       { 0.000 5.000 }
Period(ns):         10.000
Sources:            { clk }

Check Type        Corner  Lib Pin  Reference Pin  Required(ns)  Actual(ns)  Slack(ns)  Location        Pin
Min Period        n/a     BUFG/I   n/a            2.155         10.000      7.845      BUFGCTRL_X0Y16  clk_IBUF_BUFG_inst/I
Min Period        n/a     FDPE/C   n/a            1.000         10.000      9.000      SLICE_X65Y64    FSM_onehot_state_reg[0]/C
Min Period        n/a     FDCE/C   n/a            1.000         10.000      9.000      SLICE_X65Y64    FSM_onehot_state_reg[1]/C
Min Period        n/a     FDCE/C   n/a            1.000         10.000      9.000      SLICE_X65Y64    FSM_onehot_state_reg[2]/C
Min Period        n/a     FDCE/C   n/a            1.000         10.000      9.000      SLICE_X60Y65    alarm_hr_ones_reg[0]/C
Min Period        n/a     FDCE/C   n/a            1.000         10.000      9.000      SLICE_X60Y65    alarm_hr_ones_reg[1]/C
Min Period        n/a     FDCE/C   n/a            1.000         10.000      9.000      SLICE_X60Y65    alarm_hr_ones_reg[2]/C
Min Period        n/a     FDCE/C   n/a            1.000         10.000      9.000      SLICE_X60Y65    alarm_hr_ones_reg[3]/C
Min Period        n/a     FDCE/C   n/a            1.000         10.000      9.000      SLICE_X58Y67    alarm_hr_tens_reg[0]/C
Min Period        n/a     FDCE/C   n/a            1.000         10.000      9.000      SLICE_X58Y67    alarm_hr_tens_reg[1]/C
Low Pulse Width   Slow    FDPE/C   n/a            0.500         5.000       4.500      SLICE_X65Y64    FSM_onehot_state_reg[0]/C
Low Pulse Width   Fast    FDPE/C   n/a            0.500         5.000       4.500      SLICE_X65Y64    FSM_onehot_state_reg[0]/C
Low Pulse Width   Slow    FDCE/C   n/a            0.500         5.000       4.500      SLICE_X65Y64    FSM_onehot_state_reg[1]/C
Low Pulse Width   Fast    FDCE/C   n/a            0.500         5.000       4.500      SLICE_X65Y64    FSM_onehot_state_reg[1]/C
Low Pulse Width   Slow    FDCE/C   n/a            0.500         5.000       4.500      SLICE_X65Y64    FSM_onehot_state_reg[2]/C
Low Pulse Width   Fast    FDCE/C   n/a            0.500         5.000       4.500      SLICE_X65Y64    FSM_onehot_state_reg[2]/C
Low Pulse Width   Slow    FDCE/C   n/a            0.500         5.000       4.500      SLICE_X60Y65    alarm_hr_ones_reg[0]/C
Low Pulse Width   Fast    FDCE/C   n/a            0.500         5.000       4.500      SLICE_X60Y65    alarm_hr_ones_reg[0]/C
Low Pulse Width   Slow    FDCE/C   n/a            0.500         5.000       4.500      SLICE_X60Y65    alarm_hr_ones_reg[1]/C
Low Pulse Width   Fast    FDCE/C   n/a            0.500         5.000       4.500      SLICE_X60Y65    alarm_hr_ones_reg[1]/C
High Pulse Width  Slow    FDPE/C   n/a            0.500         5.000       4.500      SLICE_X65Y64    FSM_onehot_state_reg[0]/C
High Pulse Width  Fast    FDPE/C   n/a            0.500         5.000       4.500      SLICE_X65Y64    FSM_onehot_state_reg[0]/C
High Pulse Width  Slow    FDCE/C   n/a            0.500         5.000       4.500      SLICE_X65Y64    FSM_onehot_state_reg[1]/C
High Pulse Width  Fast    FDCE/C   n/a            0.500         5.000       4.500      SLICE_X65Y64    FSM_onehot_state_reg[1]/C
High Pulse Width  Slow    FDCE/C   n/a            0.500         5.000       4.500      SLICE_X65Y64    FSM_onehot_state_reg[2]/C
High Pulse Width  Fast    FDCE/C   n/a            0.500         5.000       4.500      SLICE_X65Y64    FSM_onehot_state_reg[2]/C
High Pulse Width  Slow    FDCE/C   n/a            0.500         5.000       4.500      SLICE_X60Y65    alarm_hr_ones_reg[0]/C
High Pulse Width  Fast    FDCE/C   n/a            0.500         5.000       4.500      SLICE_X60Y65    alarm_hr_ones_reg[0]/C
High Pulse Width  Slow    FDCE/C   n/a            0.500         5.000       4.500      SLICE_X60Y65    alarm_hr_ones_reg[1]/C
High Pulse Width  Fast    FDCE/C   n/a            0.500         5.000       4.500      SLICE_X60Y65    alarm_hr_ones_reg[1]/C



--------------------------------------------------------------------------------------
Path Group:  (none)
From Clock:  
  To Clock:  

Max Delay            27 Endpoints
Min Delay            27 Endpoints
--------------------------------------------------------------------------------------


Max Delay Paths
--------------------------------------------------------------------------------------
Slack:                    inf
  Source:                 decision[1]
                            (input port)
  Destination:            AN[7]
                            (output port)
  Path Group:             (none)
  Path Type:              Max at Slow Process Corner
  Data Path Delay:        11.456ns  (logic 5.348ns (46.689%)  route 6.107ns (53.311%))
  Logic Levels:           3  (IBUF=1 LUT5=1 OBUF=1)

    Location             Delay type                Incr(ns)  Path(ns)    Netlist Resource(s)
  -------------------------------------------------------------------    -------------------
    U2                                                0.000     0.000 f  decision[1] (IN)
                         net (fo=0)                   0.000     0.000    decision[1]
    U2                   IBUF (Prop_ibuf_I_O)         1.454     1.454 f  decision_IBUF[1]_inst/O
                         net (fo=32, routed)          3.392     4.847    display_unit/decision_IBUF[1]
    SLICE_X65Y70         LUT5 (Prop_lut5_I4_O)        0.152     4.999 r  display_unit/AN_OBUF[7]_inst_i_1/O
                         net (fo=1, routed)           2.715     7.713    AN_OBUF[7]
    A8                   OBUF (Prop_obuf_I_O)         3.742    11.456 r  AN_OBUF[7]_inst/O
                         net (fo=0)                   0.000    11.456    AN[7]
    A8                                                                r  AN[7] (OUT)
  -------------------------------------------------------------------    -------------------

Slack:                    inf
  Source:                 decision[1]
                            (input port)
  Destination:            AN[6]
                            (output port)
  Path Group:             (none)
  Path Type:              Max at Slow Process Corner
  Data Path Delay:        10.984ns  (logic 5.106ns (46.480%)  route 5.879ns (53.520%))
  Logic Levels:           3  (IBUF=1 LUT5=1 OBUF=1)

    Location             Delay type                Incr(ns)  Path(ns)    Netlist Resource(s)
  -------------------------------------------------------------------    -------------------
    U2                                                0.000     0.000 f  decision[1] (IN)
                         net (fo=0)                   0.000     0.000    decision[1]
    U2                   IBUF (Prop_ibuf_I_O)         1.454     1.454 f  decision_IBUF[1]_inst/O
                         net (fo=32, routed)          3.405     4.860    display_unit/decision_IBUF[1]
    SLICE_X64Y70         LUT5 (Prop_lut5_I2_O)        0.124     4.984 r  display_unit/AN_OBUF[6]_inst_i_1/O
                         net (fo=1, routed)           2.473     7.457    AN_OBUF[6]
    C7                   OBUF (Prop_obuf_I_O)         3.527    10.984 r  AN_OBUF[6]_inst/O
                         net (fo=0)                   0.000    10.984    AN[6]
    C7                                                                r  AN[6] (OUT)
  -------------------------------------------------------------------    -------------------

Slack:                    inf
  Source:                 decision[0]
                            (input port)
  Destination:            AN[5]
                            (output port)
  Path Group:             (none)
  Path Type:              Max at Slow Process Corner
  Data Path Delay:        10.345ns  (logic 5.337ns (51.591%)  route 5.008ns (48.409%))
  Logic Levels:           3  (IBUF=1 LUT4=1 OBUF=1)

    Location             Delay type                Incr(ns)  Path(ns)    Netlist Resource(s)
  -------------------------------------------------------------------    -------------------
    V2                                                0.000     0.000 r  decision[0] (IN)
                         net (fo=0)                   0.000     0.000    decision[0]
    V2                   IBUF (Prop_ibuf_I_O)         1.461     1.461 r  decision_IBUF[0]_inst/O
                         net (fo=34, routed)          2.860     4.321    display_unit/decision_IBUF[0]
    SLICE_X65Y70         LUT4 (Prop_lut4_I2_O)        0.150     4.471 r  display_unit/AN_OBUF[5]_inst_i_1/O
                         net (fo=1, routed)           2.148     6.618    AN_OBUF[5]
    C4                   OBUF (Prop_obuf_I_O)         3.726    10.345 r  AN_OBUF[5]_inst/O
                         net (fo=0)                   0.000    10.345    AN[5]
    C4                                                                r  AN[5] (OUT)
  -------------------------------------------------------------------    -------------------

Slack:                    inf
  Source:                 decision[1]
                            (input port)
  Destination:            AN[3]
                            (output port)
  Path Group:             (none)
  Path Type:              Max at Slow Process Corner
  Data Path Delay:        10.206ns  (logic 5.101ns (49.980%)  route 5.105ns (50.020%))
  Logic Levels:           3  (IBUF=1 LUT5=1 OBUF=1)

    Location             Delay type                Incr(ns)  Path(ns)    Netlist Resource(s)
  -------------------------------------------------------------------    -------------------
    U2                                                0.000     0.000 r  decision[1] (IN)
                         net (fo=0)                   0.000     0.000    decision[1]
    U2                   IBUF (Prop_ibuf_I_O)         1.454     1.454 r  decision_IBUF[1]_inst/O
                         net (fo=32, routed)          3.392     4.847    display_unit/decision_IBUF[1]
    SLICE_X65Y70         LUT5 (Prop_lut5_I2_O)        0.124     4.971 r  display_unit/AN_OBUF[3]_inst_i_1/O
                         net (fo=1, routed)           1.712     6.683    AN_OBUF[3]
    E4                   OBUF (Prop_obuf_I_O)         3.523    10.206 r  AN_OBUF[3]_inst/O
                         net (fo=0)                   0.000    10.206    AN[3]
    E4                                                                r  AN[3] (OUT)
  -------------------------------------------------------------------    -------------------

Slack:                    inf
  Source:                 decision[1]
                            (input port)
  Destination:            AN[2]
                            (output port)
  Path Group:             (none)
  Path Type:              Max at Slow Process Corner
  Data Path Delay:        10.161ns  (logic 5.107ns (50.255%)  route 5.055ns (49.745%))
  Logic Levels:           3  (IBUF=1 LUT5=1 OBUF=1)

    Location             Delay type                Incr(ns)  Path(ns)    Netlist Resource(s)
  -------------------------------------------------------------------    -------------------
    U2                                                0.000     0.000 f  decision[1] (IN)
                         net (fo=0)                   0.000     0.000    decision[1]
    U2                   IBUF (Prop_ibuf_I_O)         1.454     1.454 f  decision_IBUF[1]_inst/O
                         net (fo=32, routed)          3.390     4.845    display_unit/decision_IBUF[1]
    SLICE_X65Y70         LUT5 (Prop_lut5_I0_O)        0.124     4.969 r  display_unit/AN_OBUF[2]_inst_i_1/O
                         net (fo=1, routed)           1.664     6.633    AN_OBUF[2]
    F3                   OBUF (Prop_obuf_I_O)         3.528    10.161 r  AN_OBUF[2]_inst/O
                         net (fo=0)                   0.000    10.161    AN[2]
    F3                                                                r  AN[2] (OUT)
  -------------------------------------------------------------------    -------------------

Slack:                    inf
  Source:                 decision[0]
                            (input port)
  Destination:            AN[4]
                            (output port)
  Path Group:             (none)
  Path Type:              Max at Slow Process Corner
  Data Path Delay:        9.988ns  (logic 5.337ns (53.430%)  route 4.651ns (46.570%))
  Logic Levels:           3  (IBUF=1 LUT4=1 OBUF=1)

    Location             Delay type                Incr(ns)  Path(ns)    Netlist Resource(s)
  -------------------------------------------------------------------    -------------------
    V2                                                0.000     0.000 r  decision[0] (IN)
                         net (fo=0)                   0.000     0.000    decision[0]
    V2                   IBUF (Prop_ibuf_I_O)         1.461     1.461 r  decision_IBUF[0]_inst/O
                         net (fo=34, routed)          2.355     3.816    display_unit/decision_IBUF[0]
    SLICE_X65Y67         LUT4 (Prop_lut4_I2_O)        0.149     3.965 r  display_unit/AN_OBUF[4]_inst_i_1/O
                         net (fo=1, routed)           2.296     6.261    AN_OBUF[4]
    D5                   OBUF (Prop_obuf_I_O)         3.727     9.988 r  AN_OBUF[4]_inst/O
                         net (fo=0)                   0.000     9.988    AN[4]
    D5                                                                r  AN[4] (OUT)
  -------------------------------------------------------------------    -------------------

Slack:                    inf
  Source:                 display_unit/display_bcd_reg[1]/G
                            (positive level-sensitive latch)
  Destination:            seg1[4]
                            (output port)
  Path Group:             (none)
  Path Type:              Max at Slow Process Corner
  Data Path Delay:        8.189ns  (logic 4.218ns (51.509%)  route 3.971ns (48.491%))
  Logic Levels:           3  (LDCE=1 LUT4=1 OBUF=1)

    Location             Delay type                Incr(ns)  Path(ns)    Netlist Resource(s)
  -------------------------------------------------------------------    -------------------
    SLICE_X63Y68         LDCE                         0.000     0.000 r  display_unit/display_bcd_reg[1]/G
    SLICE_X63Y68         LDCE (EnToQ_ldce_G_Q)        0.559     0.559 r  display_unit/display_bcd_reg[1]/Q
                         net (fo=7, routed)           1.238     1.797    display_unit/decoder/Q[1]
    SLICE_X64Y73         LUT4 (Prop_lut4_I1_O)        0.124     1.921 r  display_unit/decoder/seg_OBUF[4]_inst_i_1/O
                         net (fo=2, routed)           2.732     4.654    seg1_OBUF[4]
    A7                   OBUF (Prop_obuf_I_O)         3.535     8.189 r  seg1_OBUF[4]_inst/O
                         net (fo=0)                   0.000     8.189    seg1[4]
    A7                                                                r  seg1[4] (OUT)
  -------------------------------------------------------------------    -------------------

Slack:                    inf
  Source:                 display_unit/display_bcd_reg[1]/G
                            (positive level-sensitive latch)
  Destination:            seg1[3]
                            (output port)
  Path Group:             (none)
  Path Type:              Max at Slow Process Corner
  Data Path Delay:        8.109ns  (logic 4.475ns (55.184%)  route 3.634ns (44.816%))
  Logic Levels:           3  (LDCE=1 LUT4=1 OBUF=1)

    Location             Delay type                Incr(ns)  Path(ns)    Netlist Resource(s)
  -------------------------------------------------------------------    -------------------
    SLICE_X63Y68         LDCE                         0.000     0.000 r  display_unit/display_bcd_reg[1]/G
    SLICE_X63Y68         LDCE (EnToQ_ldce_G_Q)        0.559     0.559 r  display_unit/display_bcd_reg[1]/Q
                         net (fo=7, routed)           1.173     1.732    display_unit/decoder/Q[1]
    SLICE_X64Y73         LUT4 (Prop_lut4_I3_O)        0.152     1.884 r  display_unit/decoder/seg_OBUF[3]_inst_i_1/O
                         net (fo=2, routed)           2.461     4.345    seg1_OBUF[3]
    B7                   OBUF (Prop_obuf_I_O)         3.764     8.109 r  seg1_OBUF[3]_inst/O
                         net (fo=0)                   0.000     8.109    seg1[3]
    B7                                                                r  seg1[3] (OUT)
  -------------------------------------------------------------------    -------------------

Slack:                    inf
  Source:                 display_unit/display_bcd_reg[1]/G
                            (positive level-sensitive latch)
  Destination:            seg1[6]
                            (output port)
  Path Group:             (none)
  Path Type:              Max at Slow Process Corner
  Data Path Delay:        8.089ns  (logic 4.203ns (51.956%)  route 3.886ns (48.044%))
  Logic Levels:           3  (LDCE=1 LUT4=1 OBUF=1)

    Location             Delay type                Incr(ns)  Path(ns)    Netlist Resource(s)
  -------------------------------------------------------------------    -------------------
    SLICE_X63Y68         LDCE                         0.000     0.000 r  display_unit/display_bcd_reg[1]/G
    SLICE_X63Y68         LDCE (EnToQ_ldce_G_Q)        0.559     0.559 r  display_unit/display_bcd_reg[1]/Q
                         net (fo=7, routed)           1.247     1.806    display_unit/decoder/Q[1]
    SLICE_X64Y73         LUT4 (Prop_lut4_I3_O)        0.124     1.930 r  display_unit/decoder/seg_OBUF[6]_inst_i_1/O
                         net (fo=2, routed)           2.639     4.569    seg1_OBUF[6]
    B5                   OBUF (Prop_obuf_I_O)         3.520     8.089 r  seg1_OBUF[6]_inst/O
                         net (fo=0)                   0.000     8.089    seg1[6]
    B5                                                                r  seg1[6] (OUT)
  -------------------------------------------------------------------    -------------------

Slack:                    inf
  Source:                 display_unit/display_bcd_reg[1]/G
                            (positive level-sensitive latch)
  Destination:            seg1[5]
                            (output port)
  Path Group:             (none)
  Path Type:              Max at Slow Process Corner
  Data Path Delay:        7.975ns  (logic 4.434ns (55.591%)  route 3.542ns (44.409%))
  Logic Levels:           3  (LDCE=1 LUT4=1 OBUF=1)

    Location             Delay type                Incr(ns)  Path(ns)    Netlist Resource(s)
  -------------------------------------------------------------------    -------------------
    SLICE_X63Y68         LDCE                         0.000     0.000 r  display_unit/display_bcd_reg[1]/G
    SLICE_X63Y68         LDCE (EnToQ_ldce_G_Q)        0.559     0.559 r  display_unit/display_bcd_reg[1]/Q
                         net (fo=7, routed)           1.238     1.797    display_unit/decoder/Q[1]
    SLICE_X64Y73         LUT4 (Prop_lut4_I2_O)        0.153     1.950 r  display_unit/decoder/seg_OBUF[5]_inst_i_1/O
                         net (fo=2, routed)           2.304     4.254    seg1_OBUF[5]
    D6                   OBUF (Prop_obuf_I_O)         3.722     7.975 r  seg1_OBUF[5]_inst/O
                         net (fo=0)                   0.000     7.975    seg1[5]
    D6                                                                r  seg1[5] (OUT)
  -------------------------------------------------------------------    -------------------





Min Delay Paths
--------------------------------------------------------------------------------------
Slack:                    inf
  Source:                 decision[1]
                            (input port)
  Destination:            display_unit/display_bcd_reg[2]/D
  Path Group:             (none)
  Path Type:              Min at Fast Process Corner
  Data Path Delay:        1.376ns  (logic 0.312ns (22.691%)  route 1.064ns (77.309%))
  Logic Levels:           3  (IBUF=1 LUT5=1 LUT6=1)

    Location             Delay type                Incr(ns)  Path(ns)    Netlist Resource(s)
  -------------------------------------------------------------------    -------------------
    U2                                                0.000     0.000 r  decision[1] (IN)
                         net (fo=0)                   0.000     0.000    decision[1]
    U2                   IBUF (Prop_ibuf_I_O)         0.222     0.222 r  decision_IBUF[1]_inst/O
                         net (fo=32, routed)          0.849     1.071    display_unit/decision_IBUF[1]
    SLICE_X63Y67         LUT5 (Prop_lut5_I2_O)        0.045     1.116 r  display_unit/display_bcd_reg[2]_i_2/O
                         net (fo=1, routed)           0.215     1.331    display_unit/display_bcd_reg[2]_i_2_n_0
    SLICE_X63Y68         LUT6 (Prop_lut6_I0_O)        0.045     1.376 r  display_unit/display_bcd_reg[2]_i_1/O
                         net (fo=1, routed)           0.000     1.376    display_unit/display_bcd_reg[2]_i_1_n_0
    SLICE_X63Y68         LDCE                                         r  display_unit/display_bcd_reg[2]/D
  -------------------------------------------------------------------    -------------------

Slack:                    inf
  Source:                 decision[1]
                            (input port)
  Destination:            display_unit/display_bcd_reg[3]/D
  Path Group:             (none)
  Path Type:              Min at Fast Process Corner
  Data Path Delay:        1.428ns  (logic 0.267ns (18.711%)  route 1.161ns (81.289%))
  Logic Levels:           2  (IBUF=1 LUT5=1)

    Location             Delay type                Incr(ns)  Path(ns)    Netlist Resource(s)
  -------------------------------------------------------------------    -------------------
    U2                                                0.000     0.000 r  decision[1] (IN)
                         net (fo=0)                   0.000     0.000    decision[1]
    U2                   IBUF (Prop_ibuf_I_O)         0.222     0.222 r  decision_IBUF[1]_inst/O
                         net (fo=32, routed)          1.051     1.273    display_unit/decision_IBUF[1]
    SLICE_X63Y68         LUT5 (Prop_lut5_I3_O)        0.045     1.318 r  display_unit/display_bcd_reg[3]_i_1/O
                         net (fo=1, routed)           0.110     1.428    display_unit/display_bcd_reg[3]_i_1_n_0
    SLICE_X63Y68         LDCE                                         r  display_unit/display_bcd_reg[3]/D
  -------------------------------------------------------------------    -------------------

Slack:                    inf
  Source:                 decision[0]
                            (input port)
  Destination:            display_unit/dp_reg/D
  Path Group:             (none)
  Path Type:              Min at Fast Process Corner
  Data Path Delay:        1.517ns  (logic 0.273ns (17.977%)  route 1.244ns (82.023%))
  Logic Levels:           2  (IBUF=1 LUT5=1)

    Location             Delay type                Incr(ns)  Path(ns)    Netlist Resource(s)
  -------------------------------------------------------------------    -------------------
    V2                                                0.000     0.000 f  decision[0] (IN)
                         net (fo=0)                   0.000     0.000    decision[0]
    V2                   IBUF (Prop_ibuf_I_O)         0.229     0.229 f  decision_IBUF[0]_inst/O
                         net (fo=34, routed)          1.244     1.473    display_unit/decision_IBUF[0]
    SLICE_X64Y70         LUT5 (Prop_lut5_I4_O)        0.044     1.517 r  display_unit/dp_reg_i_1/O
                         net (fo=1, routed)           0.000     1.517    display_unit/dp_reg_i_1_n_0
    SLICE_X64Y70         LDCE                                         r  display_unit/dp_reg/D
  -------------------------------------------------------------------    -------------------

Slack:                    inf
  Source:                 decision[1]
                            (input port)
  Destination:            display_unit/display_bcd_reg[0]/D
  Path Group:             (none)
  Path Type:              Min at Fast Process Corner
  Data Path Delay:        1.702ns  (logic 0.312ns (18.342%)  route 1.390ns (81.658%))
  Logic Levels:           3  (IBUF=1 LUT5=1 LUT6=1)

    Location             Delay type                Incr(ns)  Path(ns)    Netlist Resource(s)
  -------------------------------------------------------------------    -------------------
    U2                                                0.000     0.000 r  decision[1] (IN)
                         net (fo=0)                   0.000     0.000    decision[1]
    U2                   IBUF (Prop_ibuf_I_O)         0.222     0.222 r  decision_IBUF[1]_inst/O
                         net (fo=32, routed)          1.080     1.303    display_unit/decision_IBUF[1]
    SLICE_X61Y67         LUT5 (Prop_lut5_I2_O)        0.045     1.348 r  display_unit/display_bcd_reg[0]_i_2/O
                         net (fo=1, routed)           0.143     1.490    display_unit/display_bcd_reg[0]_i_2_n_0
    SLICE_X61Y68         LUT6 (Prop_lut6_I0_O)        0.045     1.535 r  display_unit/display_bcd_reg[0]_i_1/O
                         net (fo=1, routed)           0.167     1.702    display_unit/display_bcd_reg[0]_i_1_n_0
    SLICE_X63Y68         LDCE                                         r  display_unit/display_bcd_reg[0]/D
  -------------------------------------------------------------------    -------------------

Slack:                    inf
  Source:                 decision[1]
                            (input port)
  Destination:            display_unit/display_bcd_reg[1]/D
  Path Group:             (none)
  Path Type:              Min at Fast Process Corner
  Data Path Delay:        1.734ns  (logic 0.312ns (18.003%)  route 1.422ns (81.997%))
  Logic Levels:           3  (IBUF=1 LUT5=1 LUT6=1)

    Location             Delay type                Incr(ns)  Path(ns)    Netlist Resource(s)
  -------------------------------------------------------------------    -------------------
    U2                                                0.000     0.000 r  decision[1] (IN)
                         net (fo=0)                   0.000     0.000    decision[1]
    U2                   IBUF (Prop_ibuf_I_O)         0.222     0.222 r  decision_IBUF[1]_inst/O
                         net (fo=32, routed)          1.077     1.300    display_unit/decision_IBUF[1]
    SLICE_X61Y68         LUT5 (Prop_lut5_I2_O)        0.045     1.345 r  display_unit/display_bcd_reg[1]_i_2/O
                         net (fo=1, routed)           0.155     1.500    display_unit/display_bcd_reg[1]_i_2_n_0
    SLICE_X61Y68         LUT6 (Prop_lut6_I0_O)        0.045     1.545 r  display_unit/display_bcd_reg[1]_i_1/O
                         net (fo=1, routed)           0.190     1.734    display_unit/display_bcd_reg[1]_i_1_n_0
    SLICE_X63Y68         LDCE                                         r  display_unit/display_bcd_reg[1]/D
  -------------------------------------------------------------------    -------------------

Slack:                    inf
  Source:                 display_unit/display_bcd_reg[0]/G
                            (positive level-sensitive latch)
  Destination:            seg[0]
                            (output port)
  Path Group:             (none)
  Path Type:              Min at Fast Process Corner
  Data Path Delay:        2.153ns  (logic 1.429ns (66.359%)  route 0.724ns (33.641%))
  Logic Levels:           3  (LDCE=1 LUT4=1 OBUF=1)

    Location             Delay type                Incr(ns)  Path(ns)    Netlist Resource(s)
  -------------------------------------------------------------------    -------------------
    SLICE_X63Y68         LDCE                         0.000     0.000 r  display_unit/display_bcd_reg[0]/G
    SLICE_X63Y68         LDCE (EnToQ_ldce_G_Q)        0.158     0.158 r  display_unit/display_bcd_reg[0]/Q
                         net (fo=7, routed)           0.384     0.542    display_unit/decoder/Q[0]
    SLICE_X64Y73         LUT4 (Prop_lut4_I2_O)        0.045     0.587 r  display_unit/decoder/seg_OBUF[0]_inst_i_1/O
                         net (fo=2, routed)           0.340     0.927    seg1_OBUF[0]
    F4                   OBUF (Prop_obuf_I_O)         1.226     2.153 r  seg_OBUF[0]_inst/O
                         net (fo=0)                   0.000     2.153    seg[0]
    F4                                                                r  seg[0] (OUT)
  -------------------------------------------------------------------    -------------------

Slack:                    inf
  Source:                 display_unit/display_bcd_reg[0]/G
                            (positive level-sensitive latch)
  Destination:            seg[6]
                            (output port)
  Path Group:             (none)
  Path Type:              Min at Fast Process Corner
  Data Path Delay:        2.182ns  (logic 1.424ns (65.291%)  route 0.757ns (34.709%))
  Logic Levels:           3  (LDCE=1 LUT4=1 OBUF=1)

    Location             Delay type                Incr(ns)  Path(ns)    Netlist Resource(s)
  -------------------------------------------------------------------    -------------------
    SLICE_X63Y68         LDCE                         0.000     0.000 r  display_unit/display_bcd_reg[0]/G
    SLICE_X63Y68         LDCE (EnToQ_ldce_G_Q)        0.158     0.158 r  display_unit/display_bcd_reg[0]/Q
                         net (fo=7, routed)           0.345     0.503    display_unit/decoder/Q[0]
    SLICE_X64Y73         LUT4 (Prop_lut4_I1_O)        0.045     0.548 r  display_unit/decoder/seg_OBUF[6]_inst_i_1/O
                         net (fo=2, routed)           0.412     0.960    seg1_OBUF[6]
    D1                   OBUF (Prop_obuf_I_O)         1.221     2.182 r  seg_OBUF[6]_inst/O
                         net (fo=0)                   0.000     2.182    seg[6]
    D1                                                                r  seg[6] (OUT)
  -------------------------------------------------------------------    -------------------

Slack:                    inf
  Source:                 display_unit/display_bcd_reg[0]/G
                            (positive level-sensitive latch)
  Destination:            seg[2]
                            (output port)
  Path Group:             (none)
  Path Type:              Min at Fast Process Corner
  Data Path Delay:        2.207ns  (logic 1.448ns (65.603%)  route 0.759ns (34.397%))
  Logic Levels:           3  (LDCE=1 LUT4=1 OBUF=1)

    Location             Delay type                Incr(ns)  Path(ns)    Netlist Resource(s)
  -------------------------------------------------------------------    -------------------
    SLICE_X63Y68         LDCE                         0.000     0.000 r  display_unit/display_bcd_reg[0]/G
    SLICE_X63Y68         LDCE (EnToQ_ldce_G_Q)        0.158     0.158 f  display_unit/display_bcd_reg[0]/Q
                         net (fo=7, routed)           0.379     0.537    display_unit/decoder/Q[0]
    SLICE_X64Y73         LUT4 (Prop_lut4_I1_O)        0.045     0.582 r  display_unit/decoder/seg_OBUF[2]_inst_i_1/O
                         net (fo=2, routed)           0.380     0.962    seg1_OBUF[2]
    D2                   OBUF (Prop_obuf_I_O)         1.245     2.207 r  seg_OBUF[2]_inst/O
                         net (fo=0)                   0.000     2.207    seg[2]
    D2                                                                r  seg[2] (OUT)
  -------------------------------------------------------------------    -------------------

Slack:                    inf
  Source:                 display_unit/display_bcd_reg[0]/G
                            (positive level-sensitive latch)
  Destination:            seg[4]
                            (output port)
  Path Group:             (none)
  Path Type:              Min at Fast Process Corner
  Data Path Delay:        2.242ns  (logic 1.434ns (63.967%)  route 0.808ns (36.033%))
  Logic Levels:           3  (LDCE=1 LUT4=1 OBUF=1)

    Location             Delay type                Incr(ns)  Path(ns)    Netlist Resource(s)
  -------------------------------------------------------------------    -------------------
    SLICE_X63Y68         LDCE                         0.000     0.000 r  display_unit/display_bcd_reg[0]/G
    SLICE_X63Y68         LDCE (EnToQ_ldce_G_Q)        0.158     0.158 r  display_unit/display_bcd_reg[0]/Q
                         net (fo=7, routed)           0.376     0.534    display_unit/decoder/Q[0]
    SLICE_X64Y73         LUT4 (Prop_lut4_I3_O)        0.045     0.579 r  display_unit/decoder/seg_OBUF[4]_inst_i_1/O
                         net (fo=2, routed)           0.432     1.011    seg1_OBUF[4]
    B1                   OBUF (Prop_obuf_I_O)         1.231     2.242 r  seg_OBUF[4]_inst/O
                         net (fo=0)                   0.000     2.242    seg[4]
    B1                                                                r  seg[4] (OUT)
  -------------------------------------------------------------------    -------------------

Slack:                    inf
  Source:                 display_unit/dp_reg/G
                            (positive level-sensitive latch)
  Destination:            seg[7]
                            (output port)
  Path Group:             (none)
  Path Type:              Min at Fast Process Corner
  Data Path Delay:        2.261ns  (logic 1.525ns (67.429%)  route 0.737ns (32.571%))
  Logic Levels:           3  (LDCE=1 LUT1=1 OBUF=1)

    Location             Delay type                Incr(ns)  Path(ns)    Netlist Resource(s)
  -------------------------------------------------------------------    -------------------
    SLICE_X64Y70         LDCE                         0.000     0.000 r  display_unit/dp_reg/G
    SLICE_X64Y70         LDCE (EnToQ_ldce_G_Q)        0.251     0.251 f  display_unit/dp_reg/Q
                         net (fo=1, routed)           0.272     0.523    display_unit/dp
    SLICE_X65Y73         LUT1 (Prop_lut1_I0_O)        0.045     0.568 r  display_unit/seg_OBUF[7]_inst_i_1/O
                         net (fo=2, routed)           0.464     1.033    seg1_OBUF[7]
    C1                   OBUF (Prop_obuf_I_O)         1.229     2.261 r  seg_OBUF[7]_inst/O
                         net (fo=0)                   0.000     2.261    seg[7]
    C1                                                                r  seg[7] (OUT)
  -------------------------------------------------------------------    -------------------





--------------------------------------------------------------------------------------
Path Group:  (none)
From Clock:  sys_clk
  To Clock:  

Max Delay            16 Endpoints
Min Delay            16 Endpoints
--------------------------------------------------------------------------------------


Max Delay Paths
--------------------------------------------------------------------------------------
Slack:                    inf
  Source:                 display_unit/clk_div_reg[15]/C
                            (rising edge-triggered cell FDCE clocked by sys_clk  {rise@0.000ns fall@5.000ns period=10.000ns})
  Destination:            AN[7]
                            (output port)
  Path Group:             (none)
  Path Type:              Max at Slow Process Corner
  Data Path Delay:        9.233ns  (logic 4.350ns (47.116%)  route 4.883ns (52.884%))
  Logic Levels:           2  (LUT5=1 OBUF=1)
  Clock Uncertainty:      0.025ns  ((TSJ^2 + TIJ^2)^1/2 + DJ) / 2 + PE
    Total System Jitter     (TSJ):    0.050ns
    Total Input Jitter      (TIJ):    0.000ns
    Discrete Jitter          (DJ):    0.000ns
    Phase Error              (PE):    0.000ns

    Location             Delay type                Incr(ns)  Path(ns)    Netlist Resource(s)
  -------------------------------------------------------------------    -------------------
                         (clock sys_clk rise edge)    0.000     0.000 r  
    F14                                               0.000     0.000 r  clk (IN)
                         net (fo=0)                   0.000     0.000    clk
    F14                  IBUF (Prop_ibuf_I_O)         1.458     1.458 r  clk_IBUF_inst/O
                         net (fo=1, routed)           1.972     3.430    clk_IBUF
    BUFGCTRL_X0Y16       BUFG (Prop_bufg_I_O)         0.096     3.526 r  clk_IBUF_BUFG_inst/O
                         net (fo=159, routed)         1.619     5.145    display_unit/CLK
    SLICE_X62Y63         FDCE                                         r  display_unit/clk_div_reg[15]/C
  -------------------------------------------------------------------    -------------------
    SLICE_X62Y63         FDCE (Prop_fdce_C_Q)         0.456     5.601 f  display_unit/clk_div_reg[15]/Q
                         net (fo=25, routed)          2.168     7.769    display_unit/display_selection[2]
    SLICE_X65Y70         LUT5 (Prop_lut5_I1_O)        0.152     7.921 r  display_unit/AN_OBUF[7]_inst_i_1/O
                         net (fo=1, routed)           2.715    10.636    AN_OBUF[7]
    A8                   OBUF (Prop_obuf_I_O)         3.742    14.378 r  AN_OBUF[7]_inst/O
                         net (fo=0)                   0.000    14.378    AN[7]
    A8                                                                r  AN[7] (OUT)
  -------------------------------------------------------------------    -------------------

Slack:                    inf
  Source:                 display_unit/clk_div_reg[15]/C
                            (rising edge-triggered cell FDCE clocked by sys_clk  {rise@0.000ns fall@5.000ns period=10.000ns})
  Destination:            AN[5]
                            (output port)
  Path Group:             (none)
  Path Type:              Max at Slow Process Corner
  Data Path Delay:        8.651ns  (logic 4.334ns (50.100%)  route 4.317ns (49.900%))
  Logic Levels:           2  (LUT4=1 OBUF=1)
  Clock Uncertainty:      0.025ns  ((TSJ^2 + TIJ^2)^1/2 + DJ) / 2 + PE
    Total System Jitter     (TSJ):    0.050ns
    Total Input Jitter      (TIJ):    0.000ns
    Discrete Jitter          (DJ):    0.000ns
    Phase Error              (PE):    0.000ns

    Location             Delay type                Incr(ns)  Path(ns)    Netlist Resource(s)
  -------------------------------------------------------------------    -------------------
                         (clock sys_clk rise edge)    0.000     0.000 r  
    F14                                               0.000     0.000 r  clk (IN)
                         net (fo=0)                   0.000     0.000    clk
    F14                  IBUF (Prop_ibuf_I_O)         1.458     1.458 r  clk_IBUF_inst/O
                         net (fo=1, routed)           1.972     3.430    clk_IBUF
    BUFGCTRL_X0Y16       BUFG (Prop_bufg_I_O)         0.096     3.526 r  clk_IBUF_BUFG_inst/O
                         net (fo=159, routed)         1.619     5.145    display_unit/CLK
    SLICE_X62Y63         FDCE                                         r  display_unit/clk_div_reg[15]/C
  -------------------------------------------------------------------    -------------------
    SLICE_X62Y63         FDCE (Prop_fdce_C_Q)         0.456     5.601 f  display_unit/clk_div_reg[15]/Q
                         net (fo=25, routed)          2.169     7.770    display_unit/display_selection[2]
    SLICE_X65Y70         LUT4 (Prop_lut4_I1_O)        0.152     7.922 r  display_unit/AN_OBUF[5]_inst_i_1/O
                         net (fo=1, routed)           2.148    10.070    AN_OBUF[5]
    C4                   OBUF (Prop_obuf_I_O)         3.726    13.796 r  AN_OBUF[5]_inst/O
                         net (fo=0)                   0.000    13.796    AN[5]
    C4                                                                r  AN[5] (OUT)
  -------------------------------------------------------------------    -------------------

Slack:                    inf
  Source:                 display_unit/clk_div_reg[15]/C
                            (rising edge-triggered cell FDCE clocked by sys_clk  {rise@0.000ns fall@5.000ns period=10.000ns})
  Destination:            AN[6]
                            (output port)
  Path Group:             (none)
  Path Type:              Max at Slow Process Corner
  Data Path Delay:        8.546ns  (logic 4.107ns (48.063%)  route 4.439ns (51.937%))
  Logic Levels:           2  (LUT5=1 OBUF=1)
  Clock Uncertainty:      0.025ns  ((TSJ^2 + TIJ^2)^1/2 + DJ) / 2 + PE
    Total System Jitter     (TSJ):    0.050ns
    Total Input Jitter      (TIJ):    0.000ns
    Discrete Jitter          (DJ):    0.000ns
    Phase Error              (PE):    0.000ns

    Location             Delay type                Incr(ns)  Path(ns)    Netlist Resource(s)
  -------------------------------------------------------------------    -------------------
                         (clock sys_clk rise edge)    0.000     0.000 r  
    F14                                               0.000     0.000 r  clk (IN)
                         net (fo=0)                   0.000     0.000    clk
    F14                  IBUF (Prop_ibuf_I_O)         1.458     1.458 r  clk_IBUF_inst/O
                         net (fo=1, routed)           1.972     3.430    clk_IBUF
    BUFGCTRL_X0Y16       BUFG (Prop_bufg_I_O)         0.096     3.526 r  clk_IBUF_BUFG_inst/O
                         net (fo=159, routed)         1.619     5.145    display_unit/CLK
    SLICE_X62Y63         FDCE                                         r  display_unit/clk_div_reg[15]/C
  -------------------------------------------------------------------    -------------------
    SLICE_X62Y63         FDCE (Prop_fdce_C_Q)         0.456     5.601 f  display_unit/clk_div_reg[15]/Q
                         net (fo=25, routed)          1.965     7.566    display_unit/display_selection[2]
    SLICE_X64Y70         LUT5 (Prop_lut5_I4_O)        0.124     7.690 r  display_unit/AN_OBUF[6]_inst_i_1/O
                         net (fo=1, routed)           2.473    10.164    AN_OBUF[6]
    C7                   OBUF (Prop_obuf_I_O)         3.527    13.691 r  AN_OBUF[6]_inst/O
                         net (fo=0)                   0.000    13.691    AN[6]
    C7                                                                r  AN[6] (OUT)
  -------------------------------------------------------------------    -------------------

Slack:                    inf
  Source:                 display_unit/clk_div_reg[15]/C
                            (rising edge-triggered cell FDCE clocked by sys_clk  {rise@0.000ns fall@5.000ns period=10.000ns})
  Destination:            AN[3]
                            (output port)
  Path Group:             (none)
  Path Type:              Max at Slow Process Corner
  Data Path Delay:        7.983ns  (logic 4.103ns (51.391%)  route 3.881ns (48.609%))
  Logic Levels:           2  (LUT5=1 OBUF=1)
  Clock Uncertainty:      0.025ns  ((TSJ^2 + TIJ^2)^1/2 + DJ) / 2 + PE
    Total System Jitter     (TSJ):    0.050ns
    Total Input Jitter      (TIJ):    0.000ns
    Discrete Jitter          (DJ):    0.000ns
    Phase Error              (PE):    0.000ns

    Location             Delay type                Incr(ns)  Path(ns)    Netlist Resource(s)
  -------------------------------------------------------------------    -------------------
                         (clock sys_clk rise edge)    0.000     0.000 r  
    F14                                               0.000     0.000 r  clk (IN)
                         net (fo=0)                   0.000     0.000    clk
    F14                  IBUF (Prop_ibuf_I_O)         1.458     1.458 r  clk_IBUF_inst/O
                         net (fo=1, routed)           1.972     3.430    clk_IBUF
    BUFGCTRL_X0Y16       BUFG (Prop_bufg_I_O)         0.096     3.526 r  clk_IBUF_BUFG_inst/O
                         net (fo=159, routed)         1.619     5.145    display_unit/CLK
    SLICE_X62Y63         FDCE                                         r  display_unit/clk_div_reg[15]/C
  -------------------------------------------------------------------    -------------------
    SLICE_X62Y63         FDCE (Prop_fdce_C_Q)         0.456     5.601 r  display_unit/clk_div_reg[15]/Q
                         net (fo=25, routed)          2.168     7.769    display_unit/display_selection[2]
    SLICE_X65Y70         LUT5 (Prop_lut5_I0_O)        0.124     7.893 r  display_unit/AN_OBUF[3]_inst_i_1/O
                         net (fo=1, routed)           1.712     9.605    AN_OBUF[3]
    E4                   OBUF (Prop_obuf_I_O)         3.523    13.128 r  AN_OBUF[3]_inst/O
                         net (fo=0)                   0.000    13.128    AN[3]
    E4                                                                r  AN[3] (OUT)
  -------------------------------------------------------------------    -------------------

Slack:                    inf
  Source:                 display_unit/clk_div_reg[15]/C
                            (rising edge-triggered cell FDCE clocked by sys_clk  {rise@0.000ns fall@5.000ns period=10.000ns})
  Destination:            AN[2]
                            (output port)
  Path Group:             (none)
  Path Type:              Max at Slow Process Corner
  Data Path Delay:        7.942ns  (logic 4.108ns (51.730%)  route 3.834ns (48.270%))
  Logic Levels:           2  (LUT5=1 OBUF=1)
  Clock Uncertainty:      0.025ns  ((TSJ^2 + TIJ^2)^1/2 + DJ) / 2 + PE
    Total System Jitter     (TSJ):    0.050ns
    Total Input Jitter      (TIJ):    0.000ns
    Discrete Jitter          (DJ):    0.000ns
    Phase Error              (PE):    0.000ns

    Location             Delay type                Incr(ns)  Path(ns)    Netlist Resource(s)
  -------------------------------------------------------------------    -------------------
                         (clock sys_clk rise edge)    0.000     0.000 r  
    F14                                               0.000     0.000 r  clk (IN)
                         net (fo=0)                   0.000     0.000    clk
    F14                  IBUF (Prop_ibuf_I_O)         1.458     1.458 r  clk_IBUF_inst/O
                         net (fo=1, routed)           1.972     3.430    clk_IBUF
    BUFGCTRL_X0Y16       BUFG (Prop_bufg_I_O)         0.096     3.526 r  clk_IBUF_BUFG_inst/O
                         net (fo=159, routed)         1.619     5.145    display_unit/CLK
    SLICE_X62Y63         FDCE                                         r  display_unit/clk_div_reg[15]/C
  -------------------------------------------------------------------    -------------------
    SLICE_X62Y63         FDCE (Prop_fdce_C_Q)         0.456     5.601 r  display_unit/clk_div_reg[15]/Q
                         net (fo=25, routed)          2.169     7.770    display_unit/display_selection[2]
    SLICE_X65Y70         LUT5 (Prop_lut5_I4_O)        0.124     7.894 r  display_unit/AN_OBUF[2]_inst_i_1/O
                         net (fo=1, routed)           1.664     9.559    AN_OBUF[2]
    F3                   OBUF (Prop_obuf_I_O)         3.528    13.087 r  AN_OBUF[2]_inst/O
                         net (fo=0)                   0.000    13.087    AN[2]
    F3                                                                r  AN[2] (OUT)
  -------------------------------------------------------------------    -------------------

Slack:                    inf
  Source:                 display_unit/clk_div_reg[13]/C
                            (rising edge-triggered cell FDCE clocked by sys_clk  {rise@0.000ns fall@5.000ns period=10.000ns})
  Destination:            AN[4]
                            (output port)
  Path Group:             (none)
  Path Type:              Max at Slow Process Corner
  Data Path Delay:        7.854ns  (logic 4.332ns (55.157%)  route 3.522ns (44.843%))
  Logic Levels:           2  (LUT4=1 OBUF=1)
  Clock Uncertainty:      0.025ns  ((TSJ^2 + TIJ^2)^1/2 + DJ) / 2 + PE
    Total System Jitter     (TSJ):    0.050ns
    Total Input Jitter      (TIJ):    0.000ns
    Discrete Jitter          (DJ):    0.000ns
    Phase Error              (PE):    0.000ns

    Location             Delay type                Incr(ns)  Path(ns)    Netlist Resource(s)
  -------------------------------------------------------------------    -------------------
                         (clock sys_clk rise edge)    0.000     0.000 r  
    F14                                               0.000     0.000 r  clk (IN)
                         net (fo=0)                   0.000     0.000    clk
    F14                  IBUF (Prop_ibuf_I_O)         1.458     1.458 r  clk_IBUF_inst/O
                         net (fo=1, routed)           1.972     3.430    clk_IBUF
    BUFGCTRL_X0Y16       BUFG (Prop_bufg_I_O)         0.096     3.526 r  clk_IBUF_BUFG_inst/O
                         net (fo=159, routed)         1.619     5.145    display_unit/CLK
    SLICE_X62Y63         FDCE                                         r  display_unit/clk_div_reg[13]/C
  -------------------------------------------------------------------    -------------------
    SLICE_X62Y63         FDCE (Prop_fdce_C_Q)         0.456     5.601 r  display_unit/clk_div_reg[13]/Q
                         net (fo=36, routed)          1.226     6.827    display_unit/display_selection[0]
    SLICE_X65Y67         LUT4 (Prop_lut4_I0_O)        0.149     6.976 r  display_unit/AN_OBUF[4]_inst_i_1/O
                         net (fo=1, routed)           2.296     9.272    AN_OBUF[4]
    D5                   OBUF (Prop_obuf_I_O)         3.727    12.999 r  AN_OBUF[4]_inst/O
                         net (fo=0)                   0.000    12.999    AN[4]
    D5                                                                r  AN[4] (OUT)
  -------------------------------------------------------------------    -------------------

Slack:                    inf
  Source:                 display_unit/clk_div_reg[13]/C
                            (rising edge-triggered cell FDCE clocked by sys_clk  {rise@0.000ns fall@5.000ns period=10.000ns})
  Destination:            AN[0]
                            (output port)
  Path Group:             (none)
  Path Type:              Max at Slow Process Corner
  Data Path Delay:        7.329ns  (logic 4.091ns (55.824%)  route 3.238ns (44.176%))
  Logic Levels:           2  (LUT3=1 OBUF=1)
  Clock Uncertainty:      0.025ns  ((TSJ^2 + TIJ^2)^1/2 + DJ) / 2 + PE
    Total System Jitter     (TSJ):    0.050ns
    Total Input Jitter      (TIJ):    0.000ns
    Discrete Jitter          (DJ):    0.000ns
    Phase Error              (PE):    0.000ns

    Location             Delay type                Incr(ns)  Path(ns)    Netlist Resource(s)
  -------------------------------------------------------------------    -------------------
                         (clock sys_clk rise edge)    0.000     0.000 r  
    F14                                               0.000     0.000 r  clk (IN)
                         net (fo=0)                   0.000     0.000    clk
    F14                  IBUF (Prop_ibuf_I_O)         1.458     1.458 r  clk_IBUF_inst/O
                         net (fo=1, routed)           1.972     3.430    clk_IBUF
    BUFGCTRL_X0Y16       BUFG (Prop_bufg_I_O)         0.096     3.526 r  clk_IBUF_BUFG_inst/O
                         net (fo=159, routed)         1.619     5.145    display_unit/CLK
    SLICE_X62Y63         FDCE                                         r  display_unit/clk_div_reg[13]/C
  -------------------------------------------------------------------    -------------------
    SLICE_X62Y63         FDCE (Prop_fdce_C_Q)         0.456     5.601 r  display_unit/clk_div_reg[13]/Q
                         net (fo=36, routed)          1.226     6.827    display_unit/display_selection[0]
    SLICE_X65Y67         LUT3 (Prop_lut3_I1_O)        0.124     6.951 r  display_unit/AN_OBUF[0]_inst_i_1/O
                         net (fo=1, routed)           2.012     8.963    AN_OBUF[0]
    H3                   OBUF (Prop_obuf_I_O)         3.511    12.474 r  AN_OBUF[0]_inst/O
                         net (fo=0)                   0.000    12.474    AN[0]
    H3                                                                r  AN[0] (OUT)
  -------------------------------------------------------------------    -------------------

Slack:                    inf
  Source:                 display_unit/clk_div_reg[15]/C
                            (rising edge-triggered cell FDCE clocked by sys_clk  {rise@0.000ns fall@5.000ns period=10.000ns})
  Destination:            AN[1]
                            (output port)
  Path Group:             (none)
  Path Type:              Max at Slow Process Corner
  Data Path Delay:        6.828ns  (logic 4.301ns (62.999%)  route 2.526ns (37.001%))
  Logic Levels:           2  (LUT3=1 OBUF=1)
  Clock Uncertainty:      0.025ns  ((TSJ^2 + TIJ^2)^1/2 + DJ) / 2 + PE
    Total System Jitter     (TSJ):    0.050ns
    Total Input Jitter      (TIJ):    0.000ns
    Discrete Jitter          (DJ):    0.000ns
    Phase Error              (PE):    0.000ns

    Location             Delay type                Incr(ns)  Path(ns)    Netlist Resource(s)
  -------------------------------------------------------------------    -------------------
                         (clock sys_clk rise edge)    0.000     0.000 r  
    F14                                               0.000     0.000 r  clk (IN)
                         net (fo=0)                   0.000     0.000    clk
    F14                  IBUF (Prop_ibuf_I_O)         1.458     1.458 r  clk_IBUF_inst/O
                         net (fo=1, routed)           1.972     3.430    clk_IBUF
    BUFGCTRL_X0Y16       BUFG (Prop_bufg_I_O)         0.096     3.526 r  clk_IBUF_BUFG_inst/O
                         net (fo=159, routed)         1.619     5.145    display_unit/CLK
    SLICE_X62Y63         FDCE                                         r  display_unit/clk_div_reg[15]/C
  -------------------------------------------------------------------    -------------------
    SLICE_X62Y63         FDCE (Prop_fdce_C_Q)         0.456     5.601 r  display_unit/clk_div_reg[15]/Q
                         net (fo=25, routed)          0.824     6.425    display_unit/display_selection[2]
    SLICE_X63Y64         LUT3 (Prop_lut3_I0_O)        0.152     6.577 r  display_unit/AN_OBUF[1]_inst_i_1/O
                         net (fo=1, routed)           1.702     8.279    AN_OBUF[1]
    J4                   OBUF (Prop_obuf_I_O)         3.693    11.973 r  AN_OBUF[1]_inst/O
                         net (fo=0)                   0.000    11.973    AN[1]
    J4                                                                r  AN[1] (OUT)
  -------------------------------------------------------------------    -------------------

Slack:                    inf
  Source:                 alarm_out_reg/C
                            (rising edge-triggered cell FDRE clocked by sys_clk  {rise@0.000ns fall@5.000ns period=10.000ns})
  Destination:            alarm_out
                            (output port)
  Path Group:             (none)
  Path Type:              Max at Slow Process Corner
  Data Path Delay:        6.167ns  (logic 4.060ns (65.843%)  route 2.106ns (34.157%))
  Logic Levels:           1  (OBUF=1)
  Clock Uncertainty:      0.025ns  ((TSJ^2 + TIJ^2)^1/2 + DJ) / 2 + PE
    Total System Jitter     (TSJ):    0.050ns
    Total Input Jitter      (TIJ):    0.000ns
    Discrete Jitter          (DJ):    0.000ns
    Phase Error              (PE):    0.000ns

    Location             Delay type                Incr(ns)  Path(ns)    Netlist Resource(s)
  -------------------------------------------------------------------    -------------------
                         (clock sys_clk rise edge)    0.000     0.000 r  
    F14                                               0.000     0.000 r  clk (IN)
                         net (fo=0)                   0.000     0.000    clk
    F14                  IBUF (Prop_ibuf_I_O)         1.458     1.458 r  clk_IBUF_inst/O
                         net (fo=1, routed)           1.972     3.430    clk_IBUF
    BUFGCTRL_X0Y16       BUFG (Prop_bufg_I_O)         0.096     3.526 r  clk_IBUF_BUFG_inst/O
                         net (fo=159, routed)         1.614     5.140    clk_IBUF_BUFG
    SLICE_X60Y67         FDRE                                         r  alarm_out_reg/C
  -------------------------------------------------------------------    -------------------
    SLICE_X60Y67         FDRE (Prop_fdre_C_Q)         0.518     5.658 r  alarm_out_reg/Q
                         net (fo=1, routed)           2.106     7.764    alarm_out_OBUF
    A4                   OBUF (Prop_obuf_I_O)         3.542    11.307 r  alarm_out_OBUF_inst/O
                         net (fo=0)                   0.000    11.307    alarm_out
    A4                                                                r  alarm_out (OUT)
  -------------------------------------------------------------------    -------------------

Slack:                    inf
  Source:                 FSM_onehot_state_reg[2]/C
                            (rising edge-triggered cell FDCE clocked by sys_clk  {rise@0.000ns fall@5.000ns period=10.000ns})
  Destination:            s1_out
                            (output port)
  Path Group:             (none)
  Path Type:              Max at Slow Process Corner
  Data Path Delay:        6.069ns  (logic 4.114ns (67.788%)  route 1.955ns (32.212%))
  Logic Levels:           1  (OBUF=1)
  Clock Uncertainty:      0.025ns  ((TSJ^2 + TIJ^2)^1/2 + DJ) / 2 + PE
    Total System Jitter     (TSJ):    0.050ns
    Total Input Jitter      (TIJ):    0.000ns
    Discrete Jitter          (DJ):    0.000ns
    Phase Error              (PE):    0.000ns

    Location             Delay type                Incr(ns)  Path(ns)    Netlist Resource(s)
  -------------------------------------------------------------------    -------------------
                         (clock sys_clk rise edge)    0.000     0.000 r  
    F14                                               0.000     0.000 r  clk (IN)
                         net (fo=0)                   0.000     0.000    clk
    F14                  IBUF (Prop_ibuf_I_O)         1.458     1.458 r  clk_IBUF_inst/O
                         net (fo=1, routed)           1.972     3.430    clk_IBUF
    BUFGCTRL_X0Y16       BUFG (Prop_bufg_I_O)         0.096     3.526 r  clk_IBUF_BUFG_inst/O
                         net (fo=159, routed)         1.619     5.145    clk_IBUF_BUFG
    SLICE_X65Y64         FDCE                                         r  FSM_onehot_state_reg[2]/C
  -------------------------------------------------------------------    -------------------
    SLICE_X65Y64         FDCE (Prop_fdce_C_Q)         0.419     5.564 r  FSM_onehot_state_reg[2]/Q
                         net (fo=9, routed)           1.955     7.519    s1_out_OBUF
    G1                   OBUF (Prop_obuf_I_O)         3.695    11.214 r  s1_out_OBUF_inst/O
                         net (fo=0)                   0.000    11.214    s1_out
    G1                                                                r  s1_out (OUT)
  -------------------------------------------------------------------    -------------------





Min Delay Paths
--------------------------------------------------------------------------------------
Slack:                    inf
  Source:                 hr_ones_reg[2]/C
                            (rising edge-triggered cell FDCE clocked by sys_clk  {rise@0.000ns fall@5.000ns period=10.000ns})
  Destination:            display_unit/display_bcd_reg[2]/D
  Path Group:             (none)
  Path Type:              Min at Fast Process Corner
  Data Path Delay:        0.546ns  (logic 0.231ns (42.319%)  route 0.315ns (57.681%))
  Logic Levels:           2  (LUT6=2)
  Clock Uncertainty:      0.025ns  ((TSJ^2 + TIJ^2)^1/2 + DJ) / 2 + PE
    Total System Jitter     (TSJ):    0.050ns
    Total Input Jitter      (TIJ):    0.000ns
    Discrete Jitter          (DJ):    0.000ns
    Phase Error              (PE):    0.000ns

    Location             Delay type                Incr(ns)  Path(ns)    Netlist Resource(s)
  -------------------------------------------------------------------    -------------------
                         (clock sys_clk rise edge)    0.000     0.000 r  
    F14                                               0.000     0.000 r  clk (IN)
                         net (fo=0)                   0.000     0.000    clk
    F14                  IBUF (Prop_ibuf_I_O)         0.226     0.226 r  clk_IBUF_inst/O
                         net (fo=1, routed)           0.634     0.861    clk_IBUF
    BUFGCTRL_X0Y16       BUFG (Prop_bufg_I_O)         0.026     0.887 r  clk_IBUF_BUFG_inst/O
                         net (fo=159, routed)         0.587     1.473    clk_IBUF_BUFG
    SLICE_X63Y65         FDCE                                         r  hr_ones_reg[2]/C
  -------------------------------------------------------------------    -------------------
    SLICE_X63Y65         FDCE (Prop_fdce_C_Q)         0.141     1.614 r  hr_ones_reg[2]/Q
                         net (fo=8, routed)           0.210     1.824    display_unit/Q[2]
    SLICE_X63Y67         LUT6 (Prop_lut6_I1_O)        0.045     1.869 r  display_unit/display_bcd_reg[2]_i_5/O
                         net (fo=1, routed)           0.105     1.974    display_unit/display_bcd_reg[2]_i_5_n_0
    SLICE_X63Y68         LUT6 (Prop_lut6_I3_O)        0.045     2.019 r  display_unit/display_bcd_reg[2]_i_1/O
                         net (fo=1, routed)           0.000     2.019    display_unit/display_bcd_reg[2]_i_1_n_0
    SLICE_X63Y68         LDCE                                         r  display_unit/display_bcd_reg[2]/D
  -------------------------------------------------------------------    -------------------

Slack:                    inf
  Source:                 display_unit/clk_div_reg[13]/C
                            (rising edge-triggered cell FDCE clocked by sys_clk  {rise@0.000ns fall@5.000ns period=10.000ns})
  Destination:            display_unit/dp_reg/D
  Path Group:             (none)
  Path Type:              Min at Fast Process Corner
  Data Path Delay:        0.548ns  (logic 0.189ns (34.513%)  route 0.359ns (65.487%))
  Logic Levels:           1  (LUT5=1)
  Clock Uncertainty:      0.025ns  ((TSJ^2 + TIJ^2)^1/2 + DJ) / 2 + PE
    Total System Jitter     (TSJ):    0.050ns
    Total Input Jitter      (TIJ):    0.000ns
    Discrete Jitter          (DJ):    0.000ns
    Phase Error              (PE):    0.000ns

    Location             Delay type                Incr(ns)  Path(ns)    Netlist Resource(s)
  -------------------------------------------------------------------    -------------------
                         (clock sys_clk rise edge)    0.000     0.000 r  
    F14                                               0.000     0.000 r  clk (IN)
                         net (fo=0)                   0.000     0.000    clk
    F14                  IBUF (Prop_ibuf_I_O)         0.226     0.226 r  clk_IBUF_inst/O
                         net (fo=1, routed)           0.634     0.861    clk_IBUF
    BUFGCTRL_X0Y16       BUFG (Prop_bufg_I_O)         0.026     0.887 r  clk_IBUF_BUFG_inst/O
                         net (fo=159, routed)         0.587     1.473    display_unit/CLK
    SLICE_X62Y63         FDCE                                         r  display_unit/clk_div_reg[13]/C
  -------------------------------------------------------------------    -------------------
    SLICE_X62Y63         FDCE (Prop_fdce_C_Q)         0.141     1.614 f  display_unit/clk_div_reg[13]/Q
                         net (fo=36, routed)          0.359     1.973    display_unit/display_selection[0]
    SLICE_X64Y70         LUT5 (Prop_lut5_I1_O)        0.048     2.021 r  display_unit/dp_reg_i_1/O
                         net (fo=1, routed)           0.000     2.021    display_unit/dp_reg_i_1_n_0
    SLICE_X64Y70         LDCE                                         r  display_unit/dp_reg/D
  -------------------------------------------------------------------    -------------------

Slack:                    inf
  Source:                 hr_tens_reg[0]/C
                            (rising edge-triggered cell FDCE clocked by sys_clk  {rise@0.000ns fall@5.000ns period=10.000ns})
  Destination:            display_unit/display_bcd_reg[0]/D
  Path Group:             (none)
  Path Type:              Min at Fast Process Corner
  Data Path Delay:        0.796ns  (logic 0.231ns (29.011%)  route 0.565ns (70.989%))
  Logic Levels:           2  (LUT6=2)
  Clock Uncertainty:      0.025ns  ((TSJ^2 + TIJ^2)^1/2 + DJ) / 2 + PE
    Total System Jitter     (TSJ):    0.050ns
    Total Input Jitter      (TIJ):    0.000ns
    Discrete Jitter          (DJ):    0.000ns
    Phase Error              (PE):    0.000ns

    Location             Delay type                Incr(ns)  Path(ns)    Netlist Resource(s)
  -------------------------------------------------------------------    -------------------
                         (clock sys_clk rise edge)    0.000     0.000 r  
    F14                                               0.000     0.000 r  clk (IN)
                         net (fo=0)                   0.000     0.000    clk
    F14                  IBUF (Prop_ibuf_I_O)         0.226     0.226 r  clk_IBUF_inst/O
                         net (fo=1, routed)           0.634     0.861    clk_IBUF
    BUFGCTRL_X0Y16       BUFG (Prop_bufg_I_O)         0.026     0.887 r  clk_IBUF_BUFG_inst/O
                         net (fo=159, routed)         0.586     1.472    clk_IBUF_BUFG
    SLICE_X63Y66         FDCE                                         r  hr_tens_reg[0]/C
  -------------------------------------------------------------------    -------------------
    SLICE_X63Y66         FDCE (Prop_fdce_C_Q)         0.141     1.613 r  hr_tens_reg[0]/Q
                         net (fo=9, routed)           0.187     1.800    display_unit/display_bcd_reg[3]_i_4_0[0]
    SLICE_X61Y67         LUT6 (Prop_lut6_I3_O)        0.045     1.845 r  display_unit/display_bcd_reg[0]_i_4/O
                         net (fo=1, routed)           0.211     2.056    display_unit/display_bcd_reg[0]_i_4_n_0
    SLICE_X61Y68         LUT6 (Prop_lut6_I3_O)        0.045     2.101 r  display_unit/display_bcd_reg[0]_i_1/O
                         net (fo=1, routed)           0.167     2.269    display_unit/display_bcd_reg[0]_i_1_n_0
    SLICE_X63Y68         LDCE                                         r  display_unit/display_bcd_reg[0]/D
  -------------------------------------------------------------------    -------------------

Slack:                    inf
  Source:                 hr_tens_reg[1]/C
                            (rising edge-triggered cell FDCE clocked by sys_clk  {rise@0.000ns fall@5.000ns period=10.000ns})
  Destination:            display_unit/display_bcd_reg[1]/D
  Path Group:             (none)
  Path Type:              Min at Fast Process Corner
  Data Path Delay:        0.879ns  (logic 0.231ns (26.276%)  route 0.648ns (73.724%))
  Logic Levels:           2  (LUT6=2)
  Clock Uncertainty:      0.025ns  ((TSJ^2 + TIJ^2)^1/2 + DJ) / 2 + PE
    Total System Jitter     (TSJ):    0.050ns
    Total Input Jitter      (TIJ):    0.000ns
    Discrete Jitter          (DJ):    0.000ns
    Phase Error              (PE):    0.000ns

    Location             Delay type                Incr(ns)  Path(ns)    Netlist Resource(s)
  -------------------------------------------------------------------    -------------------
                         (clock sys_clk rise edge)    0.000     0.000 r  
    F14                                               0.000     0.000 r  clk (IN)
                         net (fo=0)                   0.000     0.000    clk
    F14                  IBUF (Prop_ibuf_I_O)         0.226     0.226 r  clk_IBUF_inst/O
                         net (fo=1, routed)           0.634     0.861    clk_IBUF
    BUFGCTRL_X0Y16       BUFG (Prop_bufg_I_O)         0.026     0.887 r  clk_IBUF_BUFG_inst/O
                         net (fo=159, routed)         0.585     1.471    clk_IBUF_BUFG
    SLICE_X61Y66         FDCE                                         r  hr_tens_reg[1]/C
  -------------------------------------------------------------------    -------------------
    SLICE_X61Y66         FDCE (Prop_fdce_C_Q)         0.141     1.612 r  hr_tens_reg[1]/Q
                         net (fo=7, routed)           0.247     1.859    display_unit/display_bcd_reg[3]_i_4_0[1]
    SLICE_X61Y67         LUT6 (Prop_lut6_I3_O)        0.045     1.904 r  display_unit/display_bcd_reg[1]_i_4/O
                         net (fo=1, routed)           0.212     2.116    display_unit/display_bcd_reg[1]_i_4_n_0
    SLICE_X61Y68         LUT6 (Prop_lut6_I3_O)        0.045     2.161 r  display_unit/display_bcd_reg[1]_i_1/O
                         net (fo=1, routed)           0.190     2.350    display_unit/display_bcd_reg[1]_i_1_n_0
    SLICE_X63Y68         LDCE                                         r  display_unit/display_bcd_reg[1]/D
  -------------------------------------------------------------------    -------------------

Slack:                    inf
  Source:                 t_sec_ones_reg[3]/C
                            (rising edge-triggered cell FDCE clocked by sys_clk  {rise@0.000ns fall@5.000ns period=10.000ns})
  Destination:            display_unit/display_bcd_reg[3]/D
  Path Group:             (none)
  Path Type:              Min at Fast Process Corner
  Data Path Delay:        0.909ns  (logic 0.426ns (46.850%)  route 0.483ns (53.150%))
  Logic Levels:           3  (LUT5=1 LUT6=1 MUXF7=1)
  Clock Uncertainty:      0.025ns  ((TSJ^2 + TIJ^2)^1/2 + DJ) / 2 + PE
    Total System Jitter     (TSJ):    0.050ns
    Total Input Jitter      (TIJ):    0.000ns
    Discrete Jitter          (DJ):    0.000ns
    Phase Error              (PE):    0.000ns

    Location             Delay type                Incr(ns)  Path(ns)    Netlist Resource(s)
  -------------------------------------------------------------------    -------------------
                         (clock sys_clk rise edge)    0.000     0.000 r  
    F14                                               0.000     0.000 r  clk (IN)
                         net (fo=0)                   0.000     0.000    clk
    F14                  IBUF (Prop_ibuf_I_O)         0.226     0.226 r  clk_IBUF_inst/O
                         net (fo=1, routed)           0.634     0.861    clk_IBUF
    BUFGCTRL_X0Y16       BUFG (Prop_bufg_I_O)         0.026     0.887 r  clk_IBUF_BUFG_inst/O
                         net (fo=159, routed)         0.580     1.466    clk_IBUF_BUFG
    SLICE_X60Y72         FDCE                                         r  t_sec_ones_reg[3]/C
  -------------------------------------------------------------------    -------------------
    SLICE_X60Y72         FDCE (Prop_fdce_C_Q)         0.148     1.614 r  t_sec_ones_reg[3]/Q
                         net (fo=4, routed)           0.170     1.784    display_unit/display_bcd_reg[3]_i_5_1[3]
    SLICE_X61Y71         LUT6 (Prop_lut6_I1_O)        0.099     1.883 r  display_unit/display_bcd_reg[3]_i_10/O
                         net (fo=1, routed)           0.000     1.883    display_unit/display_bcd_reg[3]_i_10_n_0
    SLICE_X61Y71         MUXF7 (Prop_muxf7_I0_O)      0.071     1.954 r  display_unit/display_bcd_reg[3]_i_5/O
                         net (fo=1, routed)           0.204     2.158    display_unit/display_bcd_reg[3]_i_5_n_0
    SLICE_X63Y68         LUT5 (Prop_lut5_I2_O)        0.108     2.266 r  display_unit/display_bcd_reg[3]_i_1/O
                         net (fo=1, routed)           0.110     2.376    display_unit/display_bcd_reg[3]_i_1_n_0
    SLICE_X63Y68         LDCE                                         r  display_unit/display_bcd_reg[3]/D
  -------------------------------------------------------------------    -------------------

Slack:                    inf
  Source:                 FSM_onehot_state_reg[1]/C
                            (rising edge-triggered cell FDCE clocked by sys_clk  {rise@0.000ns fall@5.000ns period=10.000ns})
  Destination:            s2_out
                            (output port)
  Path Group:             (none)
  Path Type:              Min at Fast Process Corner
  Data Path Delay:        1.839ns  (logic 1.362ns (74.076%)  route 0.477ns (25.924%))
  Logic Levels:           1  (OBUF=1)
  Clock Uncertainty:      0.025ns  ((TSJ^2 + TIJ^2)^1/2 + DJ) / 2 + PE
    Total System Jitter     (TSJ):    0.050ns
    Total Input Jitter      (TIJ):    0.000ns
    Discrete Jitter          (DJ):    0.000ns
    Phase Error              (PE):    0.000ns

    Location             Delay type                Incr(ns)  Path(ns)    Netlist Resource(s)
  -------------------------------------------------------------------    -------------------
                         (clock sys_clk rise edge)    0.000     0.000 r  
    F14                                               0.000     0.000 r  clk (IN)
                         net (fo=0)                   0.000     0.000    clk
    F14                  IBUF (Prop_ibuf_I_O)         0.226     0.226 r  clk_IBUF_inst/O
                         net (fo=1, routed)           0.634     0.861    clk_IBUF
    BUFGCTRL_X0Y16       BUFG (Prop_bufg_I_O)         0.026     0.887 r  clk_IBUF_BUFG_inst/O
                         net (fo=159, routed)         0.587     1.473    clk_IBUF_BUFG
    SLICE_X65Y64         FDCE                                         r  FSM_onehot_state_reg[1]/C
  -------------------------------------------------------------------    -------------------
    SLICE_X65Y64         FDCE (Prop_fdce_C_Q)         0.141     1.614 r  FSM_onehot_state_reg[1]/Q
                         net (fo=10, routed)          0.477     2.091    s2_out_OBUF
    G2                   OBUF (Prop_obuf_I_O)         1.221     3.312 r  s2_out_OBUF_inst/O
                         net (fo=0)                   0.000     3.312    s2_out
    G2                                                                r  s2_out (OUT)
  -------------------------------------------------------------------    -------------------

Slack:                    inf
  Source:                 FSM_onehot_state_reg[2]/C
                            (rising edge-triggered cell FDCE clocked by sys_clk  {rise@0.000ns fall@5.000ns period=10.000ns})
  Destination:            s1_out
                            (output port)
  Path Group:             (none)
  Path Type:              Min at Fast Process Corner
  Data Path Delay:        1.891ns  (logic 1.403ns (74.194%)  route 0.488ns (25.806%))
  Logic Levels:           1  (OBUF=1)
  Clock Uncertainty:      0.025ns  ((TSJ^2 + TIJ^2)^1/2 + DJ) / 2 + PE
    Total System Jitter     (TSJ):    0.050ns
    Total Input Jitter      (TIJ):    0.000ns
    Discrete Jitter          (DJ):    0.000ns
    Phase Error              (PE):    0.000ns

    Location             Delay type                Incr(ns)  Path(ns)    Netlist Resource(s)
  -------------------------------------------------------------------    -------------------
                         (clock sys_clk rise edge)    0.000     0.000 r  
    F14                                               0.000     0.000 r  clk (IN)
                         net (fo=0)                   0.000     0.000    clk
    F14                  IBUF (Prop_ibuf_I_O)         0.226     0.226 r  clk_IBUF_inst/O
                         net (fo=1, routed)           0.634     0.861    clk_IBUF
    BUFGCTRL_X0Y16       BUFG (Prop_bufg_I_O)         0.026     0.887 r  clk_IBUF_BUFG_inst/O
                         net (fo=159, routed)         0.587     1.473    clk_IBUF_BUFG
    SLICE_X65Y64         FDCE                                         r  FSM_onehot_state_reg[2]/C
  -------------------------------------------------------------------    -------------------
    SLICE_X65Y64         FDCE (Prop_fdce_C_Q)         0.128     1.601 r  FSM_onehot_state_reg[2]/Q
                         net (fo=9, routed)           0.488     2.089    s1_out_OBUF
    G1                   OBUF (Prop_obuf_I_O)         1.275     3.364 r  s1_out_OBUF_inst/O
                         net (fo=0)                   0.000     3.364    s1_out
    G1                                                                r  s1_out (OUT)
  -------------------------------------------------------------------    -------------------

Slack:                    inf
  Source:                 alarm_out_reg/C
                            (rising edge-triggered cell FDRE clocked by sys_clk  {rise@0.000ns fall@5.000ns period=10.000ns})
  Destination:            alarm_out
                            (output port)
  Path Group:             (none)
  Path Type:              Min at Fast Process Corner
  Data Path Delay:        1.942ns  (logic 1.407ns (72.477%)  route 0.534ns (27.523%))
  Logic Levels:           1  (OBUF=1)
  Clock Uncertainty:      0.025ns  ((TSJ^2 + TIJ^2)^1/2 + DJ) / 2 + PE
    Total System Jitter     (TSJ):    0.050ns
    Total Input Jitter      (TIJ):    0.000ns
    Discrete Jitter          (DJ):    0.000ns
    Phase Error              (PE):    0.000ns

    Location             Delay type                Incr(ns)  Path(ns)    Netlist Resource(s)
  -------------------------------------------------------------------    -------------------
                         (clock sys_clk rise edge)    0.000     0.000 r  
    F14                                               0.000     0.000 r  clk (IN)
                         net (fo=0)                   0.000     0.000    clk
    F14                  IBUF (Prop_ibuf_I_O)         0.226     0.226 r  clk_IBUF_inst/O
                         net (fo=1, routed)           0.634     0.861    clk_IBUF
    BUFGCTRL_X0Y16       BUFG (Prop_bufg_I_O)         0.026     0.887 r  clk_IBUF_BUFG_inst/O
                         net (fo=159, routed)         0.584     1.470    clk_IBUF_BUFG
    SLICE_X60Y67         FDRE                                         r  alarm_out_reg/C
  -------------------------------------------------------------------    -------------------
    SLICE_X60Y67         FDRE (Prop_fdre_C_Q)         0.164     1.634 r  alarm_out_reg/Q
                         net (fo=1, routed)           0.534     2.169    alarm_out_OBUF
    A4                   OBUF (Prop_obuf_I_O)         1.243     3.412 r  alarm_out_OBUF_inst/O
                         net (fo=0)                   0.000     3.412    alarm_out
    A4                                                                r  alarm_out (OUT)
  -------------------------------------------------------------------    -------------------

Slack:                    inf
  Source:                 display_unit/clk_div_reg[13]/C
                            (rising edge-triggered cell FDCE clocked by sys_clk  {rise@0.000ns fall@5.000ns period=10.000ns})
  Destination:            AN[1]
                            (output port)
  Path Group:             (none)
  Path Type:              Min at Fast Process Corner
  Data Path Delay:        2.018ns  (logic 1.438ns (71.240%)  route 0.580ns (28.760%))
  Logic Levels:           2  (LUT3=1 OBUF=1)
  Clock Uncertainty:      0.025ns  ((TSJ^2 + TIJ^2)^1/2 + DJ) / 2 + PE
    Total System Jitter     (TSJ):    0.050ns
    Total Input Jitter      (TIJ):    0.000ns
    Discrete Jitter          (DJ):    0.000ns
    Phase Error              (PE):    0.000ns

    Location             Delay type                Incr(ns)  Path(ns)    Netlist Resource(s)
  -------------------------------------------------------------------    -------------------
                         (clock sys_clk rise edge)    0.000     0.000 r  
    F14                                               0.000     0.000 r  clk (IN)
                         net (fo=0)                   0.000     0.000    clk
    F14                  IBUF (Prop_ibuf_I_O)         0.226     0.226 r  clk_IBUF_inst/O
                         net (fo=1, routed)           0.634     0.861    clk_IBUF
    BUFGCTRL_X0Y16       BUFG (Prop_bufg_I_O)         0.026     0.887 r  clk_IBUF_BUFG_inst/O
                         net (fo=159, routed)         0.587     1.473    display_unit/CLK
    SLICE_X62Y63         FDCE                                         r  display_unit/clk_div_reg[13]/C
  -------------------------------------------------------------------    -------------------
    SLICE_X62Y63         FDCE (Prop_fdce_C_Q)         0.141     1.614 f  display_unit/clk_div_reg[13]/Q
                         net (fo=36, routed)          0.226     1.841    display_unit/display_selection[0]
    SLICE_X63Y64         LUT3 (Prop_lut3_I1_O)        0.042     1.883 r  display_unit/AN_OBUF[1]_inst_i_1/O
                         net (fo=1, routed)           0.354     2.237    AN_OBUF[1]
    J4                   OBUF (Prop_obuf_I_O)         1.255     3.491 r  AN_OBUF[1]_inst/O
                         net (fo=0)                   0.000     3.491    AN[1]
    J4                                                                r  AN[1] (OUT)
  -------------------------------------------------------------------    -------------------

Slack:                    inf
  Source:                 display_unit/clk_div_reg[13]/C
                            (rising edge-triggered cell FDCE clocked by sys_clk  {rise@0.000ns fall@5.000ns period=10.000ns})
  Destination:            AN[2]
                            (output port)
  Path Group:             (none)
  Path Type:              Min at Fast Process Corner
  Data Path Delay:        2.100ns  (logic 1.415ns (67.385%)  route 0.685ns (32.615%))
  Logic Levels:           2  (LUT5=1 OBUF=1)
  Clock Uncertainty:      0.025ns  ((TSJ^2 + TIJ^2)^1/2 + DJ) / 2 + PE
    Total System Jitter     (TSJ):    0.050ns
    Total Input Jitter      (TIJ):    0.000ns
    Discrete Jitter          (DJ):    0.000ns
    Phase Error              (PE):    0.000ns

    Location             Delay type                Incr(ns)  Path(ns)    Netlist Resource(s)
  -------------------------------------------------------------------    -------------------
                         (clock sys_clk rise edge)    0.000     0.000 r  
    F14                                               0.000     0.000 r  clk (IN)
                         net (fo=0)                   0.000     0.000    clk
    F14                  IBUF (Prop_ibuf_I_O)         0.226     0.226 r  clk_IBUF_inst/O
                         net (fo=1, routed)           0.634     0.861    clk_IBUF
    BUFGCTRL_X0Y16       BUFG (Prop_bufg_I_O)         0.026     0.887 r  clk_IBUF_BUFG_inst/O
                         net (fo=159, routed)         0.587     1.473    display_unit/CLK
    SLICE_X62Y63         FDCE                                         r  display_unit/clk_div_reg[13]/C
  -------------------------------------------------------------------    -------------------
    SLICE_X62Y63         FDCE (Prop_fdce_C_Q)         0.141     1.614 r  display_unit/clk_div_reg[13]/Q
                         net (fo=36, routed)          0.354     1.968    display_unit/display_selection[0]
    SLICE_X65Y70         LUT5 (Prop_lut5_I2_O)        0.045     2.013 r  display_unit/AN_OBUF[2]_inst_i_1/O
                         net (fo=1, routed)           0.331     2.344    AN_OBUF[2]
    F3                   OBUF (Prop_obuf_I_O)         1.229     3.574 r  AN_OBUF[2]_inst/O
                         net (fo=0)                   0.000     3.574    AN[2]
    F3                                                                r  AN[2] (OUT)
  -------------------------------------------------------------------    -------------------





--------------------------------------------------------------------------------------
Path Group:  (none)
From Clock:  
  To Clock:  sys_clk

Max Delay           251 Endpoints
Min Delay           251 Endpoints
--------------------------------------------------------------------------------------


Max Delay Paths
--------------------------------------------------------------------------------------
Slack:                    inf
  Source:                 decision[0]
                            (input port)
  Destination:            hr_tens_reg[1]/D
                            (rising edge-triggered cell FDCE clocked by sys_clk  {rise@0.000ns fall@5.000ns period=10.000ns})
  Path Group:             (none)
  Path Type:              Setup (Max at Slow Process Corner)
  Data Path Delay:        6.723ns  (logic 2.061ns (30.649%)  route 4.663ns (69.351%))
  Logic Levels:           4  (IBUF=1 LUT2=1 LUT4=1 LUT6=1)
  Clock Path Skew:        4.845ns (DCD - SCD + CPR)
    Destination Clock Delay (DCD):    4.845ns
    Source Clock Delay      (SCD):    0.000ns
    Clock Pessimism Removal (CPR):    0.000ns
  Clock Uncertainty:      0.025ns  ((TSJ^2 + TIJ^2)^1/2 + DJ) / 2 + PE
    Total System Jitter     (TSJ):    0.050ns
    Total Input Jitter      (TIJ):    0.000ns
    Discrete Jitter          (DJ):    0.000ns
    Phase Error              (PE):    0.000ns

    Location             Delay type                Incr(ns)  Path(ns)    Netlist Resource(s)
  -------------------------------------------------------------------    -------------------
    V2                                                0.000     0.000 r  decision[0] (IN)
                         net (fo=0)                   0.000     0.000    decision[0]
    V2                   IBUF (Prop_ibuf_I_O)         1.461     1.461 r  decision_IBUF[0]_inst/O
                         net (fo=34, routed)          2.818     4.279    decision_IBUF[0]
    SLICE_X59Y67         LUT2 (Prop_lut2_I1_O)        0.150     4.429 f  min_tens[3]_i_3/O
                         net (fo=3, routed)           0.998     5.427    min_tens[3]_i_3_n_0
    SLICE_X62Y65         LUT6 (Prop_lut6_I5_O)        0.326     5.753 r  hr_tens[1]_i_2/O
                         net (fo=3, routed)           0.846     6.599    hr_tens[1]_i_2_n_0
    SLICE_X61Y66         LUT4 (Prop_lut4_I2_O)        0.124     6.723 r  hr_tens[1]_i_1/O
                         net (fo=1, routed)           0.000     6.723    hr_tens[1]_i_1_n_0
    SLICE_X61Y66         FDCE                                         r  hr_tens_reg[1]/D
  -------------------------------------------------------------------    -------------------

                         (clock sys_clk rise edge)    0.000     0.000 r  
    F14                                               0.000     0.000 r  clk (IN)
                         net (fo=0)                   0.000     0.000    clk
    F14                  IBUF (Prop_ibuf_I_O)         1.388     1.388 r  clk_IBUF_inst/O
                         net (fo=1, routed)           1.868     3.256    clk_IBUF
    BUFGCTRL_X0Y16       BUFG (Prop_bufg_I_O)         0.091     3.347 r  clk_IBUF_BUFG_inst/O
                         net (fo=159, routed)         1.498     4.845    clk_IBUF_BUFG
    SLICE_X61Y66         FDCE                                         r  hr_tens_reg[1]/C

Slack:                    inf
  Source:                 rst
                            (input port)
  Destination:            count_reg[4]/R
                            (rising edge-triggered cell FDRE clocked by sys_clk  {rise@0.000ns fall@5.000ns period=10.000ns})
  Path Group:             (none)
  Path Type:              Setup (Max at Slow Process Corner)
  Data Path Delay:        6.624ns  (logic 1.586ns (23.938%)  route 5.038ns (76.062%))
  Logic Levels:           2  (IBUF=1 LUT4=1)
  Clock Path Skew:        4.782ns (DCD - SCD + CPR)
    Destination Clock Delay (DCD):    4.782ns
    Source Clock Delay      (SCD):    0.000ns
    Clock Pessimism Removal (CPR):    0.000ns
  Clock Uncertainty:      0.025ns  ((TSJ^2 + TIJ^2)^1/2 + DJ) / 2 + PE
    Total System Jitter     (TSJ):    0.050ns
    Total Input Jitter      (TIJ):    0.000ns
    Discrete Jitter          (DJ):    0.000ns
    Phase Error              (PE):    0.000ns

    Location             Delay type                Incr(ns)  Path(ns)    Netlist Resource(s)
  -------------------------------------------------------------------    -------------------
    J1                                                0.000     0.000 r  rst (IN)
                         net (fo=0)                   0.000     0.000    rst
    J1                   IBUF (Prop_ibuf_I_O)         1.462     1.462 r  rst_IBUF_inst/O
                         net (fo=107, routed)         4.149     5.611    rst_IBUF
    SLICE_X59Y67         LUT4 (Prop_lut4_I2_O)        0.124     5.735 r  count[0]_i_1/O
                         net (fo=17, routed)          0.889     6.624    count[0]_i_1_n_0
    SLICE_X56Y64         FDRE                                         r  count_reg[4]/R
  -------------------------------------------------------------------    -------------------

                         (clock sys_clk rise edge)    0.000     0.000 r  
    F14                                               0.000     0.000 r  clk (IN)
                         net (fo=0)                   0.000     0.000    clk
    F14                  IBUF (Prop_ibuf_I_O)         1.388     1.388 r  clk_IBUF_inst/O
                         net (fo=1, routed)           1.868     3.256    clk_IBUF
    BUFGCTRL_X0Y16       BUFG (Prop_bufg_I_O)         0.091     3.347 r  clk_IBUF_BUFG_inst/O
                         net (fo=159, routed)         1.435     4.782    clk_IBUF_BUFG
    SLICE_X56Y64         FDRE                                         r  count_reg[4]/C

Slack:                    inf
  Source:                 rst
                            (input port)
  Destination:            count_reg[5]/R
                            (rising edge-triggered cell FDRE clocked by sys_clk  {rise@0.000ns fall@5.000ns period=10.000ns})
  Path Group:             (none)
  Path Type:              Setup (Max at Slow Process Corner)
  Data Path Delay:        6.624ns  (logic 1.586ns (23.938%)  route 5.038ns (76.062%))
  Logic Levels:           2  (IBUF=1 LUT4=1)
  Clock Path Skew:        4.782ns (DCD - SCD + CPR)
    Destination Clock Delay (DCD):    4.782ns
    Source Clock Delay      (SCD):    0.000ns
    Clock Pessimism Removal (CPR):    0.000ns
  Clock Uncertainty:      0.025ns  ((TSJ^2 + TIJ^2)^1/2 + DJ) / 2 + PE
    Total System Jitter     (TSJ):    0.050ns
    Total Input Jitter      (TIJ):    0.000ns
    Discrete Jitter          (DJ):    0.000ns
    Phase Error              (PE):    0.000ns

    Location             Delay type                Incr(ns)  Path(ns)    Netlist Resource(s)
  -------------------------------------------------------------------    -------------------
    J1                                                0.000     0.000 r  rst (IN)
                         net (fo=0)                   0.000     0.000    rst
    J1                   IBUF (Prop_ibuf_I_O)         1.462     1.462 r  rst_IBUF_inst/O
                         net (fo=107, routed)         4.149     5.611    rst_IBUF
    SLICE_X59Y67         LUT4 (Prop_lut4_I2_O)        0.124     5.735 r  count[0]_i_1/O
                         net (fo=17, routed)          0.889     6.624    count[0]_i_1_n_0
    SLICE_X56Y64         FDRE                                         r  count_reg[5]/R
  -------------------------------------------------------------------    -------------------

                         (clock sys_clk rise edge)    0.000     0.000 r  
    F14                                               0.000     0.000 r  clk (IN)
                         net (fo=0)                   0.000     0.000    clk
    F14                  IBUF (Prop_ibuf_I_O)         1.388     1.388 r  clk_IBUF_inst/O
                         net (fo=1, routed)           1.868     3.256    clk_IBUF
    BUFGCTRL_X0Y16       BUFG (Prop_bufg_I_O)         0.091     3.347 r  clk_IBUF_BUFG_inst/O
                         net (fo=159, routed)         1.435     4.782    clk_IBUF_BUFG
    SLICE_X56Y64         FDRE                                         r  count_reg[5]/C

Slack:                    inf
  Source:                 rst
                            (input port)
  Destination:            count_reg[6]/R
                            (rising edge-triggered cell FDRE clocked by sys_clk  {rise@0.000ns fall@5.000ns period=10.000ns})
  Path Group:             (none)
  Path Type:              Setup (Max at Slow Process Corner)
  Data Path Delay:        6.624ns  (logic 1.586ns (23.938%)  route 5.038ns (76.062%))
  Logic Levels:           2  (IBUF=1 LUT4=1)
  Clock Path Skew:        4.782ns (DCD - SCD + CPR)
    Destination Clock Delay (DCD):    4.782ns
    Source Clock Delay      (SCD):    0.000ns
    Clock Pessimism Removal (CPR):    0.000ns
  Clock Uncertainty:      0.025ns  ((TSJ^2 + TIJ^2)^1/2 + DJ) / 2 + PE
    Total System Jitter     (TSJ):    0.050ns
    Total Input Jitter      (TIJ):    0.000ns
    Discrete Jitter          (DJ):    0.000ns
    Phase Error              (PE):    0.000ns

    Location             Delay type                Incr(ns)  Path(ns)    Netlist Resource(s)
  -------------------------------------------------------------------    -------------------
    J1                                                0.000     0.000 r  rst (IN)
                         net (fo=0)                   0.000     0.000    rst
    J1                   IBUF (Prop_ibuf_I_O)         1.462     1.462 r  rst_IBUF_inst/O
                         net (fo=107, routed)         4.149     5.611    rst_IBUF
    SLICE_X59Y67         LUT4 (Prop_lut4_I2_O)        0.124     5.735 r  count[0]_i_1/O
                         net (fo=17, routed)          0.889     6.624    count[0]_i_1_n_0
    SLICE_X56Y64         FDRE                                         r  count_reg[6]/R
  -------------------------------------------------------------------    -------------------

                         (clock sys_clk rise edge)    0.000     0.000 r  
    F14                                               0.000     0.000 r  clk (IN)
                         net (fo=0)                   0.000     0.000    clk
    F14                  IBUF (Prop_ibuf_I_O)         1.388     1.388 r  clk_IBUF_inst/O
                         net (fo=1, routed)           1.868     3.256    clk_IBUF
    BUFGCTRL_X0Y16       BUFG (Prop_bufg_I_O)         0.091     3.347 r  clk_IBUF_BUFG_inst/O
                         net (fo=159, routed)         1.435     4.782    clk_IBUF_BUFG
    SLICE_X56Y64         FDRE                                         r  count_reg[6]/C

Slack:                    inf
  Source:                 rst
                            (input port)
  Destination:            count_reg[7]/R
                            (rising edge-triggered cell FDRE clocked by sys_clk  {rise@0.000ns fall@5.000ns period=10.000ns})
  Path Group:             (none)
  Path Type:              Setup (Max at Slow Process Corner)
  Data Path Delay:        6.624ns  (logic 1.586ns (23.938%)  route 5.038ns (76.062%))
  Logic Levels:           2  (IBUF=1 LUT4=1)
  Clock Path Skew:        4.782ns (DCD - SCD + CPR)
    Destination Clock Delay (DCD):    4.782ns
    Source Clock Delay      (SCD):    0.000ns
    Clock Pessimism Removal (CPR):    0.000ns
  Clock Uncertainty:      0.025ns  ((TSJ^2 + TIJ^2)^1/2 + DJ) / 2 + PE
    Total System Jitter     (TSJ):    0.050ns
    Total Input Jitter      (TIJ):    0.000ns
    Discrete Jitter          (DJ):    0.000ns
    Phase Error              (PE):    0.000ns

    Location             Delay type                Incr(ns)  Path(ns)    Netlist Resource(s)
  -------------------------------------------------------------------    -------------------
    J1                                                0.000     0.000 r  rst (IN)
                         net (fo=0)                   0.000     0.000    rst
    J1                   IBUF (Prop_ibuf_I_O)         1.462     1.462 r  rst_IBUF_inst/O
                         net (fo=107, routed)         4.149     5.611    rst_IBUF
    SLICE_X59Y67         LUT4 (Prop_lut4_I2_O)        0.124     5.735 r  count[0]_i_1/O
                         net (fo=17, routed)          0.889     6.624    count[0]_i_1_n_0
    SLICE_X56Y64         FDRE                                         r  count_reg[7]/R
  -------------------------------------------------------------------    -------------------

                         (clock sys_clk rise edge)    0.000     0.000 r  
    F14                                               0.000     0.000 r  clk (IN)
                         net (fo=0)                   0.000     0.000    clk
    F14                  IBUF (Prop_ibuf_I_O)         1.388     1.388 r  clk_IBUF_inst/O
                         net (fo=1, routed)           1.868     3.256    clk_IBUF
    BUFGCTRL_X0Y16       BUFG (Prop_bufg_I_O)         0.091     3.347 r  clk_IBUF_BUFG_inst/O
                         net (fo=159, routed)         1.435     4.782    clk_IBUF_BUFG
    SLICE_X56Y64         FDRE                                         r  count_reg[7]/C

Slack:                    inf
  Source:                 rst
                            (input port)
  Destination:            t_ms_tens_reg[0]/CLR
                            (recovery check against rising-edge clock sys_clk  {rise@0.000ns fall@5.000ns period=10.000ns})
  Path Group:             (none)
  Path Type:              Recovery (Max at Slow Process Corner)
  Data Path Delay:        6.562ns  (logic 1.586ns (24.161%)  route 4.977ns (75.839%))
  Logic Levels:           2  (IBUF=1 LUT3=1)
  Clock Path Skew:        4.837ns (DCD - SCD + CPR)
    Destination Clock Delay (DCD):    4.837ns
    Source Clock Delay      (SCD):    0.000ns
    Clock Pessimism Removal (CPR):    0.000ns
  Clock Uncertainty:      0.025ns  ((TSJ^2 + TIJ^2)^1/2 + DJ) / 2 + PE
    Total System Jitter     (TSJ):    0.050ns
    Total Input Jitter      (TIJ):    0.000ns
    Discrete Jitter          (DJ):    0.000ns
    Phase Error              (PE):    0.000ns

    Location             Delay type                Incr(ns)  Path(ns)    Netlist Resource(s)
  -------------------------------------------------------------------    -------------------
    J1                                                0.000     0.000 f  rst (IN)
                         net (fo=0)                   0.000     0.000    rst
    J1                   IBUF (Prop_ibuf_I_O)         1.462     1.462 f  rst_IBUF_inst/O
                         net (fo=107, routed)         3.488     4.950    rst_IBUF
    SLICE_X61Y68         LUT3 (Prop_lut3_I0_O)        0.124     5.074 f  ms_i_2/O
                         net (fo=37, routed)          1.489     6.562    count1
    SLICE_X60Y73         FDCE                                         f  t_ms_tens_reg[0]/CLR
  -------------------------------------------------------------------    -------------------

                         (clock sys_clk rise edge)    0.000     0.000 r  
    F14                                               0.000     0.000 r  clk (IN)
                         net (fo=0)                   0.000     0.000    clk
    F14                  IBUF (Prop_ibuf_I_O)         1.388     1.388 r  clk_IBUF_inst/O
                         net (fo=1, routed)           1.868     3.256    clk_IBUF
    BUFGCTRL_X0Y16       BUFG (Prop_bufg_I_O)         0.091     3.347 r  clk_IBUF_BUFG_inst/O
                         net (fo=159, routed)         1.490     4.837    clk_IBUF_BUFG
    SLICE_X60Y73         FDCE                                         r  t_ms_tens_reg[0]/C

Slack:                    inf
  Source:                 rst
                            (input port)
  Destination:            t_ms_tens_reg[1]/CLR
                            (recovery check against rising-edge clock sys_clk  {rise@0.000ns fall@5.000ns period=10.000ns})
  Path Group:             (none)
  Path Type:              Recovery (Max at Slow Process Corner)
  Data Path Delay:        6.562ns  (logic 1.586ns (24.161%)  route 4.977ns (75.839%))
  Logic Levels:           2  (IBUF=1 LUT3=1)
  Clock Path Skew:        4.837ns (DCD - SCD + CPR)
    Destination Clock Delay (DCD):    4.837ns
    Source Clock Delay      (SCD):    0.000ns
    Clock Pessimism Removal (CPR):    0.000ns
  Clock Uncertainty:      0.025ns  ((TSJ^2 + TIJ^2)^1/2 + DJ) / 2 + PE
    Total System Jitter     (TSJ):    0.050ns
    Total Input Jitter      (TIJ):    0.000ns
    Discrete Jitter          (DJ):    0.000ns
    Phase Error              (PE):    0.000ns

    Location             Delay type                Incr(ns)  Path(ns)    Netlist Resource(s)
  -------------------------------------------------------------------    -------------------
    J1                                                0.000     0.000 f  rst (IN)
                         net (fo=0)                   0.000     0.000    rst
    J1                   IBUF (Prop_ibuf_I_O)         1.462     1.462 f  rst_IBUF_inst/O
                         net (fo=107, routed)         3.488     4.950    rst_IBUF
    SLICE_X61Y68         LUT3 (Prop_lut3_I0_O)        0.124     5.074 f  ms_i_2/O
                         net (fo=37, routed)          1.489     6.562    count1
    SLICE_X60Y73         FDCE                                         f  t_ms_tens_reg[1]/CLR
  -------------------------------------------------------------------    -------------------

                         (clock sys_clk rise edge)    0.000     0.000 r  
    F14                                               0.000     0.000 r  clk (IN)
                         net (fo=0)                   0.000     0.000    clk
    F14                  IBUF (Prop_ibuf_I_O)         1.388     1.388 r  clk_IBUF_inst/O
                         net (fo=1, routed)           1.868     3.256    clk_IBUF
    BUFGCTRL_X0Y16       BUFG (Prop_bufg_I_O)         0.091     3.347 r  clk_IBUF_BUFG_inst/O
                         net (fo=159, routed)         1.490     4.837    clk_IBUF_BUFG
    SLICE_X60Y73         FDCE                                         r  t_ms_tens_reg[1]/C

Slack:                    inf
  Source:                 rst
                            (input port)
  Destination:            t_ms_tens_reg[2]/CLR
                            (recovery check against rising-edge clock sys_clk  {rise@0.000ns fall@5.000ns period=10.000ns})
  Path Group:             (none)
  Path Type:              Recovery (Max at Slow Process Corner)
  Data Path Delay:        6.562ns  (logic 1.586ns (24.161%)  route 4.977ns (75.839%))
  Logic Levels:           2  (IBUF=1 LUT3=1)
  Clock Path Skew:        4.837ns (DCD - SCD + CPR)
    Destination Clock Delay (DCD):    4.837ns
    Source Clock Delay      (SCD):    0.000ns
    Clock Pessimism Removal (CPR):    0.000ns
  Clock Uncertainty:      0.025ns  ((TSJ^2 + TIJ^2)^1/2 + DJ) / 2 + PE
    Total System Jitter     (TSJ):    0.050ns
    Total Input Jitter      (TIJ):    0.000ns
    Discrete Jitter          (DJ):    0.000ns
    Phase Error              (PE):    0.000ns

    Location             Delay type                Incr(ns)  Path(ns)    Netlist Resource(s)
  -------------------------------------------------------------------    -------------------
    J1                                                0.000     0.000 f  rst (IN)
                         net (fo=0)                   0.000     0.000    rst
    J1                   IBUF (Prop_ibuf_I_O)         1.462     1.462 f  rst_IBUF_inst/O
                         net (fo=107, routed)         3.488     4.950    rst_IBUF
    SLICE_X61Y68         LUT3 (Prop_lut3_I0_O)        0.124     5.074 f  ms_i_2/O
                         net (fo=37, routed)          1.489     6.562    count1
    SLICE_X60Y73         FDCE                                         f  t_ms_tens_reg[2]/CLR
  -------------------------------------------------------------------    -------------------

                         (clock sys_clk rise edge)    0.000     0.000 r  
    F14                                               0.000     0.000 r  clk (IN)
                         net (fo=0)                   0.000     0.000    clk
    F14                  IBUF (Prop_ibuf_I_O)         1.388     1.388 r  clk_IBUF_inst/O
                         net (fo=1, routed)           1.868     3.256    clk_IBUF
    BUFGCTRL_X0Y16       BUFG (Prop_bufg_I_O)         0.091     3.347 r  clk_IBUF_BUFG_inst/O
                         net (fo=159, routed)         1.490     4.837    clk_IBUF_BUFG
    SLICE_X60Y73         FDCE                                         r  t_ms_tens_reg[2]/C

Slack:                    inf
  Source:                 rst
                            (input port)
  Destination:            t_ms_tens_reg[3]/CLR
                            (recovery check against rising-edge clock sys_clk  {rise@0.000ns fall@5.000ns period=10.000ns})
  Path Group:             (none)
  Path Type:              Recovery (Max at Slow Process Corner)
  Data Path Delay:        6.562ns  (logic 1.586ns (24.161%)  route 4.977ns (75.839%))
  Logic Levels:           2  (IBUF=1 LUT3=1)
  Clock Path Skew:        4.837ns (DCD - SCD + CPR)
    Destination Clock Delay (DCD):    4.837ns
    Source Clock Delay      (SCD):    0.000ns
    Clock Pessimism Removal (CPR):    0.000ns
  Clock Uncertainty:      0.025ns  ((TSJ^2 + TIJ^2)^1/2 + DJ) / 2 + PE
    Total System Jitter     (TSJ):    0.050ns
    Total Input Jitter      (TIJ):    0.000ns
    Discrete Jitter          (DJ):    0.000ns
    Phase Error              (PE):    0.000ns

    Location             Delay type                Incr(ns)  Path(ns)    Netlist Resource(s)
  -------------------------------------------------------------------    -------------------
    J1                                                0.000     0.000 f  rst (IN)
                         net (fo=0)                   0.000     0.000    rst
    J1                   IBUF (Prop_ibuf_I_O)         1.462     1.462 f  rst_IBUF_inst/O
                         net (fo=107, routed)         3.488     4.950    rst_IBUF
    SLICE_X61Y68         LUT3 (Prop_lut3_I0_O)        0.124     5.074 f  ms_i_2/O
                         net (fo=37, routed)          1.489     6.562    count1
    SLICE_X60Y73         FDCE                                         f  t_ms_tens_reg[3]/CLR
  -------------------------------------------------------------------    -------------------

                         (clock sys_clk rise edge)    0.000     0.000 r  
    F14                                               0.000     0.000 r  clk (IN)
                         net (fo=0)                   0.000     0.000    clk
    F14                  IBUF (Prop_ibuf_I_O)         1.388     1.388 r  clk_IBUF_inst/O
                         net (fo=1, routed)           1.868     3.256    clk_IBUF
    BUFGCTRL_X0Y16       BUFG (Prop_bufg_I_O)         0.091     3.347 r  clk_IBUF_BUFG_inst/O
                         net (fo=159, routed)         1.490     4.837    clk_IBUF_BUFG
    SLICE_X60Y73         FDCE                                         r  t_ms_tens_reg[3]/C

Slack:                    inf
  Source:                 rst
                            (input port)
  Destination:            t_min_ones_reg[0]/CLR
                            (recovery check against rising-edge clock sys_clk  {rise@0.000ns fall@5.000ns period=10.000ns})
  Path Group:             (none)
  Path Type:              Recovery (Max at Slow Process Corner)
  Data Path Delay:        6.539ns  (logic 1.586ns (24.249%)  route 4.953ns (75.751%))
  Logic Levels:           2  (IBUF=1 LUT3=1)
  Clock Path Skew:        4.838ns (DCD - SCD + CPR)
    Destination Clock Delay (DCD):    4.838ns
    Source Clock Delay      (SCD):    0.000ns
    Clock Pessimism Removal (CPR):    0.000ns
  Clock Uncertainty:      0.025ns  ((TSJ^2 + TIJ^2)^1/2 + DJ) / 2 + PE
    Total System Jitter     (TSJ):    0.050ns
    Total Input Jitter      (TIJ):    0.000ns
    Discrete Jitter          (DJ):    0.000ns
    Phase Error              (PE):    0.000ns

    Location             Delay type                Incr(ns)  Path(ns)    Netlist Resource(s)
  -------------------------------------------------------------------    -------------------
    J1                                                0.000     0.000 f  rst (IN)
                         net (fo=0)                   0.000     0.000    rst
    J1                   IBUF (Prop_ibuf_I_O)         1.462     1.462 f  rst_IBUF_inst/O
                         net (fo=107, routed)         3.488     4.950    rst_IBUF
    SLICE_X61Y68         LUT3 (Prop_lut3_I0_O)        0.124     5.074 f  ms_i_2/O
                         net (fo=37, routed)          1.465     6.539    count1
    SLICE_X62Y73         FDCE                                         f  t_min_ones_reg[0]/CLR
  -------------------------------------------------------------------    -------------------

                         (clock sys_clk rise edge)    0.000     0.000 r  
    F14                                               0.000     0.000 r  clk (IN)
                         net (fo=0)                   0.000     0.000    clk
    F14                  IBUF (Prop_ibuf_I_O)         1.388     1.388 r  clk_IBUF_inst/O
                         net (fo=1, routed)           1.868     3.256    clk_IBUF
    BUFGCTRL_X0Y16       BUFG (Prop_bufg_I_O)         0.091     3.347 r  clk_IBUF_BUFG_inst/O
                         net (fo=159, routed)         1.491     4.838    clk_IBUF_BUFG
    SLICE_X62Y73         FDCE                                         r  t_min_ones_reg[0]/C





Min Delay Paths
--------------------------------------------------------------------------------------
Slack:                    inf
  Source:                 rst
                            (input port)
  Destination:            clock_count_reg[0]/CLR
                            (removal check against rising-edge clock sys_clk  {rise@0.000ns fall@5.000ns period=10.000ns})
  Path Group:             (none)
  Path Type:              Removal (Min at Fast Process Corner)
  Data Path Delay:        0.646ns  (logic 0.230ns (35.530%)  route 0.417ns (64.470%))
  Logic Levels:           1  (IBUF=1)
  Clock Path Skew:        1.994ns (DCD - SCD - CPR)
    Destination Clock Delay (DCD):    1.994ns
    Source Clock Delay      (SCD):    0.000ns
    Clock Pessimism Removal (CPR):    -0.000ns

    Location             Delay type                Incr(ns)  Path(ns)    Netlist Resource(s)
  -------------------------------------------------------------------    -------------------
    J1                                                0.000     0.000 f  rst (IN)
                         net (fo=0)                   0.000     0.000    rst
    J1                   IBUF (Prop_ibuf_I_O)         0.230     0.230 f  rst_IBUF_inst/O
                         net (fo=107, routed)         0.417     0.646    rst_IBUF
    SLICE_X64Y52         FDCE                                         f  clock_count_reg[0]/CLR
  -------------------------------------------------------------------    -------------------

                         (clock sys_clk rise edge)    0.000     0.000 r  
    F14                                               0.000     0.000 r  clk (IN)
                         net (fo=0)                   0.000     0.000    clk
    F14                  IBUF (Prop_ibuf_I_O)         0.414     0.414 r  clk_IBUF_inst/O
                         net (fo=1, routed)           0.689     1.103    clk_IBUF
    BUFGCTRL_X0Y16       BUFG (Prop_bufg_I_O)         0.029     1.132 r  clk_IBUF_BUFG_inst/O
                         net (fo=159, routed)         0.863     1.994    clk_IBUF_BUFG
    SLICE_X64Y52         FDCE                                         r  clock_count_reg[0]/C

Slack:                    inf
  Source:                 rst
                            (input port)
  Destination:            clock_count_reg[5]/CLR
                            (removal check against rising-edge clock sys_clk  {rise@0.000ns fall@5.000ns period=10.000ns})
  Path Group:             (none)
  Path Type:              Removal (Min at Fast Process Corner)
  Data Path Delay:        0.734ns  (logic 0.230ns (31.294%)  route 0.504ns (68.706%))
  Logic Levels:           1  (IBUF=1)
  Clock Path Skew:        1.993ns (DCD - SCD - CPR)
    Destination Clock Delay (DCD):    1.993ns
    Source Clock Delay      (SCD):    0.000ns
    Clock Pessimism Removal (CPR):    -0.000ns

    Location             Delay type                Incr(ns)  Path(ns)    Netlist Resource(s)
  -------------------------------------------------------------------    -------------------
    J1                                                0.000     0.000 f  rst (IN)
                         net (fo=0)                   0.000     0.000    rst
    J1                   IBUF (Prop_ibuf_I_O)         0.230     0.230 f  rst_IBUF_inst/O
                         net (fo=107, routed)         0.504     0.734    rst_IBUF
    SLICE_X63Y53         FDCE                                         f  clock_count_reg[5]/CLR
  -------------------------------------------------------------------    -------------------

                         (clock sys_clk rise edge)    0.000     0.000 r  
    F14                                               0.000     0.000 r  clk (IN)
                         net (fo=0)                   0.000     0.000    clk
    F14                  IBUF (Prop_ibuf_I_O)         0.414     0.414 r  clk_IBUF_inst/O
                         net (fo=1, routed)           0.689     1.103    clk_IBUF
    BUFGCTRL_X0Y16       BUFG (Prop_bufg_I_O)         0.029     1.132 r  clk_IBUF_BUFG_inst/O
                         net (fo=159, routed)         0.861     1.993    clk_IBUF_BUFG
    SLICE_X63Y53         FDCE                                         r  clock_count_reg[5]/C

Slack:                    inf
  Source:                 rst
                            (input port)
  Destination:            clock_count_reg[6]/CLR
                            (removal check against rising-edge clock sys_clk  {rise@0.000ns fall@5.000ns period=10.000ns})
  Path Group:             (none)
  Path Type:              Removal (Min at Fast Process Corner)
  Data Path Delay:        0.734ns  (logic 0.230ns (31.294%)  route 0.504ns (68.706%))
  Logic Levels:           1  (IBUF=1)
  Clock Path Skew:        1.993ns (DCD - SCD - CPR)
    Destination Clock Delay (DCD):    1.993ns
    Source Clock Delay      (SCD):    0.000ns
    Clock Pessimism Removal (CPR):    -0.000ns

    Location             Delay type                Incr(ns)  Path(ns)    Netlist Resource(s)
  -------------------------------------------------------------------    -------------------
    J1                                                0.000     0.000 f  rst (IN)
                         net (fo=0)                   0.000     0.000    rst
    J1                   IBUF (Prop_ibuf_I_O)         0.230     0.230 f  rst_IBUF_inst/O
                         net (fo=107, routed)         0.504     0.734    rst_IBUF
    SLICE_X63Y53         FDCE                                         f  clock_count_reg[6]/CLR
  -------------------------------------------------------------------    -------------------

                         (clock sys_clk rise edge)    0.000     0.000 r  
    F14                                               0.000     0.000 r  clk (IN)
                         net (fo=0)                   0.000     0.000    clk
    F14                  IBUF (Prop_ibuf_I_O)         0.414     0.414 r  clk_IBUF_inst/O
                         net (fo=1, routed)           0.689     1.103    clk_IBUF
    BUFGCTRL_X0Y16       BUFG (Prop_bufg_I_O)         0.029     1.132 r  clk_IBUF_BUFG_inst/O
                         net (fo=159, routed)         0.861     1.993    clk_IBUF_BUFG
    SLICE_X63Y53         FDCE                                         r  clock_count_reg[6]/C

Slack:                    inf
  Source:                 rst
                            (input port)
  Destination:            clock_count_reg[7]/CLR
                            (removal check against rising-edge clock sys_clk  {rise@0.000ns fall@5.000ns period=10.000ns})
  Path Group:             (none)
  Path Type:              Removal (Min at Fast Process Corner)
  Data Path Delay:        0.734ns  (logic 0.230ns (31.294%)  route 0.504ns (68.706%))
  Logic Levels:           1  (IBUF=1)
  Clock Path Skew:        1.993ns (DCD - SCD - CPR)
    Destination Clock Delay (DCD):    1.993ns
    Source Clock Delay      (SCD):    0.000ns
    Clock Pessimism Removal (CPR):    -0.000ns

    Location             Delay type                Incr(ns)  Path(ns)    Netlist Resource(s)
  -------------------------------------------------------------------    -------------------
    J1                                                0.000     0.000 f  rst (IN)
                         net (fo=0)                   0.000     0.000    rst
    J1                   IBUF (Prop_ibuf_I_O)         0.230     0.230 f  rst_IBUF_inst/O
                         net (fo=107, routed)         0.504     0.734    rst_IBUF
    SLICE_X63Y53         FDCE                                         f  clock_count_reg[7]/CLR
  -------------------------------------------------------------------    -------------------

                         (clock sys_clk rise edge)    0.000     0.000 r  
    F14                                               0.000     0.000 r  clk (IN)
                         net (fo=0)                   0.000     0.000    clk
    F14                  IBUF (Prop_ibuf_I_O)         0.414     0.414 r  clk_IBUF_inst/O
                         net (fo=1, routed)           0.689     1.103    clk_IBUF
    BUFGCTRL_X0Y16       BUFG (Prop_bufg_I_O)         0.029     1.132 r  clk_IBUF_BUFG_inst/O
                         net (fo=159, routed)         0.861     1.993    clk_IBUF_BUFG
    SLICE_X63Y53         FDCE                                         r  clock_count_reg[7]/C

Slack:                    inf
  Source:                 rst
                            (input port)
  Destination:            clock_count_reg[8]/CLR
                            (removal check against rising-edge clock sys_clk  {rise@0.000ns fall@5.000ns period=10.000ns})
  Path Group:             (none)
  Path Type:              Removal (Min at Fast Process Corner)
  Data Path Delay:        0.734ns  (logic 0.230ns (31.294%)  route 0.504ns (68.706%))
  Logic Levels:           1  (IBUF=1)
  Clock Path Skew:        1.993ns (DCD - SCD - CPR)
    Destination Clock Delay (DCD):    1.993ns
    Source Clock Delay      (SCD):    0.000ns
    Clock Pessimism Removal (CPR):    -0.000ns

    Location             Delay type                Incr(ns)  Path(ns)    Netlist Resource(s)
  -------------------------------------------------------------------    -------------------
    J1                                                0.000     0.000 f  rst (IN)
                         net (fo=0)                   0.000     0.000    rst
    J1                   IBUF (Prop_ibuf_I_O)         0.230     0.230 f  rst_IBUF_inst/O
                         net (fo=107, routed)         0.504     0.734    rst_IBUF
    SLICE_X63Y53         FDCE                                         f  clock_count_reg[8]/CLR
  -------------------------------------------------------------------    -------------------

                         (clock sys_clk rise edge)    0.000     0.000 r  
    F14                                               0.000     0.000 r  clk (IN)
                         net (fo=0)                   0.000     0.000    clk
    F14                  IBUF (Prop_ibuf_I_O)         0.414     0.414 r  clk_IBUF_inst/O
                         net (fo=1, routed)           0.689     1.103    clk_IBUF
    BUFGCTRL_X0Y16       BUFG (Prop_bufg_I_O)         0.029     1.132 r  clk_IBUF_BUFG_inst/O
                         net (fo=159, routed)         0.861     1.993    clk_IBUF_BUFG
    SLICE_X63Y53         FDCE                                         r  clock_count_reg[8]/C

Slack:                    inf
  Source:                 choose
                            (input port)
  Destination:            FSM_onehot_state_reg[0]/D
                            (rising edge-triggered cell FDPE clocked by sys_clk  {rise@0.000ns fall@5.000ns period=10.000ns})
  Path Group:             (none)
  Path Type:              Hold (Min at Fast Process Corner)
  Data Path Delay:        0.778ns  (logic 0.274ns (35.152%)  route 0.505ns (64.848%))
  Logic Levels:           2  (IBUF=1 LUT3=1)
  Clock Path Skew:        1.988ns (DCD - SCD - CPR)
    Destination Clock Delay (DCD):    1.988ns
    Source Clock Delay      (SCD):    0.000ns
    Clock Pessimism Removal (CPR):    -0.000ns

    Location             Delay type                Incr(ns)  Path(ns)    Netlist Resource(s)
  -------------------------------------------------------------------    -------------------
    J2                                                0.000     0.000 r  choose (IN)
                         net (fo=0)                   0.000     0.000    choose
    J2                   IBUF (Prop_ibuf_I_O)         0.225     0.225 r  choose_IBUF_inst/O
                         net (fo=3, routed)           0.505     0.729    choose_IBUF
    SLICE_X65Y64         LUT3 (Prop_lut3_I1_O)        0.049     0.778 r  FSM_onehot_state[0]_i_1/O
                         net (fo=1, routed)           0.000     0.778    FSM_onehot_state[0]_i_1_n_0
    SLICE_X65Y64         FDPE                                         r  FSM_onehot_state_reg[0]/D
  -------------------------------------------------------------------    -------------------

                         (clock sys_clk rise edge)    0.000     0.000 r  
    F14                                               0.000     0.000 r  clk (IN)
                         net (fo=0)                   0.000     0.000    clk
    F14                  IBUF (Prop_ibuf_I_O)         0.414     0.414 r  clk_IBUF_inst/O
                         net (fo=1, routed)           0.689     1.103    clk_IBUF
    BUFGCTRL_X0Y16       BUFG (Prop_bufg_I_O)         0.029     1.132 r  clk_IBUF_BUFG_inst/O
                         net (fo=159, routed)         0.856     1.988    clk_IBUF_BUFG
    SLICE_X65Y64         FDPE                                         r  FSM_onehot_state_reg[0]/C

Slack:                    inf
  Source:                 rst
                            (input port)
  Destination:            clock_count_reg[11]/CLR
                            (removal check against rising-edge clock sys_clk  {rise@0.000ns fall@5.000ns period=10.000ns})
  Path Group:             (none)
  Path Type:              Removal (Min at Fast Process Corner)
  Data Path Delay:        0.807ns  (logic 0.230ns (28.454%)  route 0.577ns (71.546%))
  Logic Levels:           1  (IBUF=1)
  Clock Path Skew:        1.993ns (DCD - SCD - CPR)
    Destination Clock Delay (DCD):    1.993ns
    Source Clock Delay      (SCD):    0.000ns
    Clock Pessimism Removal (CPR):    -0.000ns

    Location             Delay type                Incr(ns)  Path(ns)    Netlist Resource(s)
  -------------------------------------------------------------------    -------------------
    J1                                                0.000     0.000 f  rst (IN)
                         net (fo=0)                   0.000     0.000    rst
    J1                   IBUF (Prop_ibuf_I_O)         0.230     0.230 f  rst_IBUF_inst/O
                         net (fo=107, routed)         0.577     0.807    rst_IBUF
    SLICE_X63Y54         FDCE                                         f  clock_count_reg[11]/CLR
  -------------------------------------------------------------------    -------------------

                         (clock sys_clk rise edge)    0.000     0.000 r  
    F14                                               0.000     0.000 r  clk (IN)
                         net (fo=0)                   0.000     0.000    clk
    F14                  IBUF (Prop_ibuf_I_O)         0.414     0.414 r  clk_IBUF_inst/O
                         net (fo=1, routed)           0.689     1.103    clk_IBUF
    BUFGCTRL_X0Y16       BUFG (Prop_bufg_I_O)         0.029     1.132 r  clk_IBUF_BUFG_inst/O
                         net (fo=159, routed)         0.861     1.993    clk_IBUF_BUFG
    SLICE_X63Y54         FDCE                                         r  clock_count_reg[11]/C

Slack:                    inf
  Source:                 rst
                            (input port)
  Destination:            clock_count_reg[9]/CLR
                            (removal check against rising-edge clock sys_clk  {rise@0.000ns fall@5.000ns period=10.000ns})
  Path Group:             (none)
  Path Type:              Removal (Min at Fast Process Corner)
  Data Path Delay:        0.807ns  (logic 0.230ns (28.454%)  route 0.577ns (71.546%))
  Logic Levels:           1  (IBUF=1)
  Clock Path Skew:        1.993ns (DCD - SCD - CPR)
    Destination Clock Delay (DCD):    1.993ns
    Source Clock Delay      (SCD):    0.000ns
    Clock Pessimism Removal (CPR):    -0.000ns

    Location             Delay type                Incr(ns)  Path(ns)    Netlist Resource(s)
  -------------------------------------------------------------------    -------------------
    J1                                                0.000     0.000 f  rst (IN)
                         net (fo=0)                   0.000     0.000    rst
    J1                   IBUF (Prop_ibuf_I_O)         0.230     0.230 f  rst_IBUF_inst/O
                         net (fo=107, routed)         0.577     0.807    rst_IBUF
    SLICE_X63Y54         FDCE                                         f  clock_count_reg[9]/CLR
  -------------------------------------------------------------------    -------------------

                         (clock sys_clk rise edge)    0.000     0.000 r  
    F14                                               0.000     0.000 r  clk (IN)
                         net (fo=0)                   0.000     0.000    clk
    F14                  IBUF (Prop_ibuf_I_O)         0.414     0.414 r  clk_IBUF_inst/O
                         net (fo=1, routed)           0.689     1.103    clk_IBUF
    BUFGCTRL_X0Y16       BUFG (Prop_bufg_I_O)         0.029     1.132 r  clk_IBUF_BUFG_inst/O
                         net (fo=159, routed)         0.861     1.993    clk_IBUF_BUFG
    SLICE_X63Y54         FDCE                                         r  clock_count_reg[9]/C

Slack:                    inf
  Source:                 choose
                            (input port)
  Destination:            FSM_onehot_state_reg[1]/D
                            (rising edge-triggered cell FDCE clocked by sys_clk  {rise@0.000ns fall@5.000ns period=10.000ns})
  Path Group:             (none)
  Path Type:              Hold (Min at Fast Process Corner)
  Data Path Delay:        0.826ns  (logic 0.270ns (32.625%)  route 0.557ns (67.375%))
  Logic Levels:           2  (IBUF=1 LUT3=1)
  Clock Path Skew:        1.988ns (DCD - SCD - CPR)
    Destination Clock Delay (DCD):    1.988ns
    Source Clock Delay      (SCD):    0.000ns
    Clock Pessimism Removal (CPR):    -0.000ns

    Location             Delay type                Incr(ns)  Path(ns)    Netlist Resource(s)
  -------------------------------------------------------------------    -------------------
    J2                                                0.000     0.000 r  choose (IN)
                         net (fo=0)                   0.000     0.000    choose
    J2                   IBUF (Prop_ibuf_I_O)         0.225     0.225 r  choose_IBUF_inst/O
                         net (fo=3, routed)           0.557     0.781    choose_IBUF
    SLICE_X65Y64         LUT3 (Prop_lut3_I1_O)        0.045     0.826 r  FSM_onehot_state[1]_i_1/O
                         net (fo=1, routed)           0.000     0.826    FSM_onehot_state[1]_i_1_n_0
    SLICE_X65Y64         FDCE                                         r  FSM_onehot_state_reg[1]/D
  -------------------------------------------------------------------    -------------------

                         (clock sys_clk rise edge)    0.000     0.000 r  
    F14                                               0.000     0.000 r  clk (IN)
                         net (fo=0)                   0.000     0.000    clk
    F14                  IBUF (Prop_ibuf_I_O)         0.414     0.414 r  clk_IBUF_inst/O
                         net (fo=1, routed)           0.689     1.103    clk_IBUF
    BUFGCTRL_X0Y16       BUFG (Prop_bufg_I_O)         0.029     1.132 r  clk_IBUF_BUFG_inst/O
                         net (fo=159, routed)         0.856     1.988    clk_IBUF_BUFG
    SLICE_X65Y64         FDCE                                         r  FSM_onehot_state_reg[1]/C

Slack:                    inf
  Source:                 choose
                            (input port)
  Destination:            FSM_onehot_state_reg[2]/D
                            (rising edge-triggered cell FDCE clocked by sys_clk  {rise@0.000ns fall@5.000ns period=10.000ns})
  Path Group:             (none)
  Path Type:              Hold (Min at Fast Process Corner)
  Data Path Delay:        0.827ns  (logic 0.271ns (32.707%)  route 0.557ns (67.293%))
  Logic Levels:           2  (IBUF=1 LUT3=1)
  Clock Path Skew:        1.988ns (DCD - SCD - CPR)
    Destination Clock Delay (DCD):    1.988ns
    Source Clock Delay      (SCD):    0.000ns
    Clock Pessimism Removal (CPR):    -0.000ns

    Location             Delay type                Incr(ns)  Path(ns)    Netlist Resource(s)
  -------------------------------------------------------------------    -------------------
    J2                                                0.000     0.000 r  choose (IN)
                         net (fo=0)                   0.000     0.000    choose
    J2                   IBUF (Prop_ibuf_I_O)         0.225     0.225 r  choose_IBUF_inst/O
                         net (fo=3, routed)           0.557     0.781    choose_IBUF
    SLICE_X65Y64         LUT3 (Prop_lut3_I1_O)        0.046     0.827 r  FSM_onehot_state[2]_i_1/O
                         net (fo=1, routed)           0.000     0.827    FSM_onehot_state[2]_i_1_n_0
    SLICE_X65Y64         FDCE                                         r  FSM_onehot_state_reg[2]/D
  -------------------------------------------------------------------    -------------------

                         (clock sys_clk rise edge)    0.000     0.000 r  
    F14                                               0.000     0.000 r  clk (IN)
                         net (fo=0)                   0.000     0.000    clk
    F14                  IBUF (Prop_ibuf_I_O)         0.414     0.414 r  clk_IBUF_inst/O
                         net (fo=1, routed)           0.689     1.103    clk_IBUF
    BUFGCTRL_X0Y16       BUFG (Prop_bufg_I_O)         0.029     1.132 r  clk_IBUF_BUFG_inst/O
                         net (fo=159, routed)         0.856     1.988    clk_IBUF_BUFG
    SLICE_X65Y64         FDCE                                         r  FSM_onehot_state_reg[2]/C





