Copyright 1986-2022 Xilinx, Inc. All Rights Reserved. Copyright 2022-2025 Advanced Micro Devices, Inc. All Rights Reserved.
---------------------------------------------------------------------------------------------------------------------------------------------------------------------------------------------------------------------------------------------------
| Tool Version : Vivado v.2025.2 (win64) Build 6299465 Fri Nov 14 19:35:11 GMT 2025
| Date         : Mon Jul 20 13:24:55 2026
| Host         : Denanath running 64-bit major release  (build 9200)
| Command      : report_timing_summary -max_paths 10 -routable_nets -report_unconstrained -file Digital_clock_timing_summary_routed.rpt -pb Digital_clock_timing_summary_routed.pb -rpx Digital_clock_timing_summary_routed.rpx -warn_on_violation
| Design       : Digital_clock
| Device       : 7s50-csga324
| Speed File   : -1  PRODUCTION 1.23 2018-06-13
| Design State : Routed
---------------------------------------------------------------------------------------------------------------------------------------------------------------------------------------------------------------------------------------------------

Timing Summary Report

------------------------------------------------------------------------------------------------
| Timer Settings
| --------------
------------------------------------------------------------------------------------------------

  Enable Multi Corner Analysis               :  Yes
  Enable Pessimism Removal                   :  Yes
  Pessimism Removal Resolution               :  Nearest Common Node
  Enable Input Delay Default Clock           :  No
  Enable Preset / Clear Arcs                 :  No
  Disable Flight Delays                      :  No
  Ignore I/O Paths                           :  No
  Timing Early Launch at Borrowing Latches   :  No
  Borrow Time for Max Delay Exceptions       :  Yes
  Merge Timing Exceptions                    :  Yes
  Inter-SLR Compensation                     :  Conservative

  Corner  Analyze    Analyze    
  Name    Max Paths  Min Paths  
  ------  ---------  ---------  
  Slow    Yes        Yes        
  Fast    Yes        Yes        


------------------------------------------------------------------------------------------------
| Report Methodology
| ------------------
------------------------------------------------------------------------------------------------

Rule       Severity  Description                     Violations  
---------  --------  ------------------------------  ----------  
TIMING-18  Warning   Missing input or output delay   14          
TIMING-20  Warning   Non-clocked latch               5           
LATCH-1    Advisory  Existing latches in the design  1           

Note: This report is based on the most recent report_methodology run and may not be up-to-date. Run report_methodology on the current design for the latest report.



check_timing report

Table of Contents
-----------------
1. checking no_clock (20)
2. checking constant_clock (0)
3. checking pulse_width_clock (0)
4. checking unconstrained_internal_endpoints (5)
5. checking no_input_delay (4)
6. checking no_output_delay (24)
7. checking multiple_clock (0)
8. checking generated_clocks (0)
9. checking loops (0)
10. checking partial_input_delay (0)
11. checking partial_output_delay (0)
12. checking latch_loops (0)

1. checking no_clock (20)
-------------------------
 There are 5 register/latch pins with no clock driven by root clock pin: decision (HIGH)

 There are 5 register/latch pins with no clock driven by root clock pin: display_unit/clk_div_reg[13]/Q (HIGH)

 There are 5 register/latch pins with no clock driven by root clock pin: display_unit/clk_div_reg[14]/Q (HIGH)

 There are 5 register/latch pins with no clock driven by root clock pin: display_unit/clk_div_reg[15]/Q (HIGH)


2. checking constant_clock (0)
------------------------------
 There are 0 register/latch pins with constant_clock.


3. checking pulse_width_clock (0)
---------------------------------
 There are 0 register/latch pins which need pulse_width check


4. checking unconstrained_internal_endpoints (5)
------------------------------------------------
 There are 5 pins that are not constrained for maximum delay. (HIGH)

 There are 0 pins that are not constrained for maximum delay due to constant clock.


5. checking no_input_delay (4)
------------------------------
 There are 4 input ports with no input delay specified. (HIGH)

 There are 0 input ports with no input delay but user has a false path constraint.


6. checking no_output_delay (24)
--------------------------------
 There are 24 ports with no output delay specified. (HIGH)

 There are 0 ports with no output delay but user has a false path constraint

 There are 0 ports with no output delay but with a timing clock defined on it or propagating through it


7. checking multiple_clock (0)
------------------------------
 There are 0 register/latch pins with multiple clocks.


8. checking generated_clocks (0)
--------------------------------
 There are 0 generated clocks that are not connected to a clock source.


9. checking loops (0)
---------------------
 There are 0 combinational loops in the design.


10. checking partial_input_delay (0)
------------------------------------
 There are 0 input ports with partial input delay specified.


11. checking partial_output_delay (0)
-------------------------------------
 There are 0 ports with partial output delay specified.


12. checking latch_loops (0)
----------------------------
 There are 0 combinational latch loops in the design through latch input



------------------------------------------------------------------------------------------------
| Design Timing Summary
| ---------------------
------------------------------------------------------------------------------------------------

    WNS(ns)      TNS(ns)  TNS Failing Endpoints  TNS Total Endpoints      WHS(ns)      THS(ns)  THS Failing Endpoints  THS Total Endpoints     WPWS(ns)     TPWS(ns)  TPWS Failing Endpoints  TPWS Total Endpoints  
    -------      -------  ---------------------  -------------------      -------      -------  ---------------------  -------------------     --------     --------  ----------------------  --------------------  
      5.280        0.000                      0                  124        0.240        0.000                      0                  124        4.500        0.000                       0                    89  


All user specified timing constraints are met.


------------------------------------------------------------------------------------------------
| Clock Summary
| -------------
------------------------------------------------------------------------------------------------

Clock    Waveform(ns)       Period(ns)      Frequency(MHz)
-----    ------------       ----------      --------------
sys_clk  {0.000 5.000}      10.000          100.000         


------------------------------------------------------------------------------------------------
| Intra Clock Table
| -----------------
------------------------------------------------------------------------------------------------

Clock             WNS(ns)      TNS(ns)  TNS Failing Endpoints  TNS Total Endpoints      WHS(ns)      THS(ns)  THS Failing Endpoints  THS Total Endpoints     WPWS(ns)     TPWS(ns)  TPWS Failing Endpoints  TPWS Total Endpoints  
-----             -------      -------  ---------------------  -------------------      -------      -------  ---------------------  -------------------     --------     --------  ----------------------  --------------------  
sys_clk             5.280        0.000                      0                  124        0.240        0.000                      0                  124        4.500        0.000                       0                    89  


------------------------------------------------------------------------------------------------
| Inter Clock Table
| -----------------
------------------------------------------------------------------------------------------------

From Clock    To Clock          WNS(ns)      TNS(ns)  TNS Failing Endpoints  TNS Total Endpoints      WHS(ns)      THS(ns)  THS Failing Endpoints  THS Total Endpoints  
----------    --------          -------      -------  ---------------------  -------------------      -------      -------  ---------------------  -------------------  


------------------------------------------------------------------------------------------------
| Other Path Groups Table
| -----------------------
------------------------------------------------------------------------------------------------

Path Group    From Clock    To Clock          WNS(ns)      TNS(ns)  TNS Failing Endpoints  TNS Total Endpoints      WHS(ns)      THS(ns)  THS Failing Endpoints  THS Total Endpoints  
----------    ----------    --------          -------      -------  ---------------------  -------------------      -------      -------  ---------------------  -------------------  


------------------------------------------------------------------------------------------------
| User Ignored Path Table
| -----------------------
------------------------------------------------------------------------------------------------

Path Group    From Clock    To Clock    
----------    ----------    --------    


------------------------------------------------------------------------------------------------
| Unconstrained Path Table
| ------------------------
------------------------------------------------------------------------------------------------

Path Group    From Clock    To Clock    
----------    ----------    --------    
(none)                                    
(none)        sys_clk                     
(none)                      sys_clk       


------------------------------------------------------------------------------------------------
| Timing Details
| --------------
------------------------------------------------------------------------------------------------


---------------------------------------------------------------------------------------------------
From Clock:  sys_clk
  To Clock:  sys_clk

Setup :            0  Failing Endpoints,  Worst Slack        5.280ns,  Total Violation        0.000ns
Hold  :            0  Failing Endpoints,  Worst Slack        0.240ns,  Total Violation        0.000ns
PW    :            0  Failing Endpoints,  Worst Slack        4.500ns,  Total Violation        0.000ns
---------------------------------------------------------------------------------------------------


Max Delay Paths
--------------------------------------------------------------------------------------
Slack (MET) :             5.280ns  (required time - arrival time)
  Source:                 sec_ones_reg[1]/C
                            (rising edge-triggered cell FDCE clocked by sys_clk  {rise@0.000ns fall@5.000ns period=10.000ns})
  Destination:            date_tens_reg[1]/CE
                            (rising edge-triggered cell FDCE clocked by sys_clk  {rise@0.000ns fall@5.000ns period=10.000ns})
  Path Group:             sys_clk
  Path Type:              Setup (Max at Slow Process Corner)
  Requirement:            10.000ns  (sys_clk rise@10.000ns - sys_clk rise@0.000ns)
  Data Path Delay:        4.455ns  (logic 1.120ns (25.141%)  route 3.335ns (74.859%))
  Logic Levels:           3  (LUT4=1 LUT6=2)
  Clock Path Skew:        -0.025ns (DCD - SCD + CPR)
    Destination Clock Delay (DCD):    4.850ns = ( 14.850 - 10.000 ) 
    Source Clock Delay      (SCD):    5.147ns
    Clock Pessimism Removal (CPR):    0.272ns
  Clock Uncertainty:      0.035ns  ((TSJ^2 + TIJ^2)^1/2 + DJ) / 2 + PE
    Total System Jitter     (TSJ):    0.071ns
    Total Input Jitter      (TIJ):    0.000ns
    Discrete Jitter          (DJ):    0.000ns
    Phase Error              (PE):    0.000ns

    Location             Delay type                Incr(ns)  Path(ns)    Netlist Resource(s)
  -------------------------------------------------------------------    -------------------
                         (clock sys_clk rise edge)    0.000     0.000 r  
    F14                                               0.000     0.000 r  clk (IN)
                         net (fo=0)                   0.000     0.000    clk
    F14                  IBUF (Prop_ibuf_I_O)         1.458     1.458 r  clk_IBUF_inst/O
                         net (fo=1, routed)           1.972     3.430    clk_IBUF
    BUFGCTRL_X0Y16       BUFG (Prop_bufg_I_O)         0.096     3.526 r  clk_IBUF_BUFG_inst/O
                         net (fo=88, routed)          1.621     5.147    clk_IBUF_BUFG
    SLICE_X60Y60         FDCE                                         r  sec_ones_reg[1]/C
  -------------------------------------------------------------------    -------------------
    SLICE_X60Y60         FDCE (Prop_fdce_C_Q)         0.518     5.665 f  sec_ones_reg[1]/Q
                         net (fo=6, routed)           1.114     6.779    sec_ones_reg_n_0_[1]
    SLICE_X60Y60         LUT4 (Prop_lut4_I3_O)        0.150     6.929 f  hr_ones[3]_i_5/O
                         net (fo=6, routed)           0.849     7.778    hr_ones[3]_i_5_n_0
    SLICE_X59Y61         LUT6 (Prop_lut6_I4_O)        0.328     8.106 f  day[3]_i_3/O
                         net (fo=9, routed)           0.737     8.843    day[3]_i_3_n_0
    SLICE_X61Y59         LUT6 (Prop_lut6_I0_O)        0.124     8.967 r  date_tens[3]_i_1/O
                         net (fo=4, routed)           0.635     9.602    date_tens[0]
    SLICE_X61Y59         FDCE                                         r  date_tens_reg[1]/CE
  -------------------------------------------------------------------    -------------------

                         (clock sys_clk rise edge)   10.000    10.000 r  
    F14                                               0.000    10.000 r  clk (IN)
                         net (fo=0)                   0.000    10.000    clk
    F14                  IBUF (Prop_ibuf_I_O)         1.388    11.388 r  clk_IBUF_inst/O
                         net (fo=1, routed)           1.868    13.256    clk_IBUF
    BUFGCTRL_X0Y16       BUFG (Prop_bufg_I_O)         0.091    13.347 r  clk_IBUF_BUFG_inst/O
                         net (fo=88, routed)          1.503    14.850    clk_IBUF_BUFG
    SLICE_X61Y59         FDCE                                         r  date_tens_reg[1]/C
                         clock pessimism              0.272    15.122    
                         clock uncertainty           -0.035    15.087    
    SLICE_X61Y59         FDCE (Setup_fdce_C_CE)      -0.205    14.882    date_tens_reg[1]
  -------------------------------------------------------------------
                         required time                         14.882    
                         arrival time                          -9.602    
  -------------------------------------------------------------------
                         slack                                  5.280    

Slack (MET) :             5.280ns  (required time - arrival time)
  Source:                 sec_ones_reg[1]/C
                            (rising edge-triggered cell FDCE clocked by sys_clk  {rise@0.000ns fall@5.000ns period=10.000ns})
  Destination:            date_tens_reg[3]/CE
                            (rising edge-triggered cell FDCE clocked by sys_clk  {rise@0.000ns fall@5.000ns period=10.000ns})
  Path Group:             sys_clk
  Path Type:              Setup (Max at Slow Process Corner)
  Requirement:            10.000ns  (sys_clk rise@10.000ns - sys_clk rise@0.000ns)
  Data Path Delay:        4.455ns  (logic 1.120ns (25.141%)  route 3.335ns (74.859%))
  Logic Levels:           3  (LUT4=1 LUT6=2)
  Clock Path Skew:        -0.025ns (DCD - SCD + CPR)
    Destination Clock Delay (DCD):    4.850ns = ( 14.850 - 10.000 ) 
    Source Clock Delay      (SCD):    5.147ns
    Clock Pessimism Removal (CPR):    0.272ns
  Clock Uncertainty:      0.035ns  ((TSJ^2 + TIJ^2)^1/2 + DJ) / 2 + PE
    Total System Jitter     (TSJ):    0.071ns
    Total Input Jitter      (TIJ):    0.000ns
    Discrete Jitter          (DJ):    0.000ns
    Phase Error              (PE):    0.000ns

    Location             Delay type                Incr(ns)  Path(ns)    Netlist Resource(s)
  -------------------------------------------------------------------    -------------------
                         (clock sys_clk rise edge)    0.000     0.000 r  
    F14                                               0.000     0.000 r  clk (IN)
                         net (fo=0)                   0.000     0.000    clk
    F14                  IBUF (Prop_ibuf_I_O)         1.458     1.458 r  clk_IBUF_inst/O
                         net (fo=1, routed)           1.972     3.430    clk_IBUF
    BUFGCTRL_X0Y16       BUFG (Prop_bufg_I_O)         0.096     3.526 r  clk_IBUF_BUFG_inst/O
                         net (fo=88, routed)          1.621     5.147    clk_IBUF_BUFG
    SLICE_X60Y60         FDCE                                         r  sec_ones_reg[1]/C
  -------------------------------------------------------------------    -------------------
    SLICE_X60Y60         FDCE (Prop_fdce_C_Q)         0.518     5.665 f  sec_ones_reg[1]/Q
                         net (fo=6, routed)           1.114     6.779    sec_ones_reg_n_0_[1]
    SLICE_X60Y60         LUT4 (Prop_lut4_I3_O)        0.150     6.929 f  hr_ones[3]_i_5/O
                         net (fo=6, routed)           0.849     7.778    hr_ones[3]_i_5_n_0
    SLICE_X59Y61         LUT6 (Prop_lut6_I4_O)        0.328     8.106 f  day[3]_i_3/O
                         net (fo=9, routed)           0.737     8.843    day[3]_i_3_n_0
    SLICE_X61Y59         LUT6 (Prop_lut6_I0_O)        0.124     8.967 r  date_tens[3]_i_1/O
                         net (fo=4, routed)           0.635     9.602    date_tens[0]
    SLICE_X61Y59         FDCE                                         r  date_tens_reg[3]/CE
  -------------------------------------------------------------------    -------------------

                         (clock sys_clk rise edge)   10.000    10.000 r  
    F14                                               0.000    10.000 r  clk (IN)
                         net (fo=0)                   0.000    10.000    clk
    F14                  IBUF (Prop_ibuf_I_O)         1.388    11.388 r  clk_IBUF_inst/O
                         net (fo=1, routed)           1.868    13.256    clk_IBUF
    BUFGCTRL_X0Y16       BUFG (Prop_bufg_I_O)         0.091    13.347 r  clk_IBUF_BUFG_inst/O
                         net (fo=88, routed)          1.503    14.850    clk_IBUF_BUFG
    SLICE_X61Y59         FDCE                                         r  date_tens_reg[3]/C
                         clock pessimism              0.272    15.122    
                         clock uncertainty           -0.035    15.087    
    SLICE_X61Y59         FDCE (Setup_fdce_C_CE)      -0.205    14.882    date_tens_reg[3]
  -------------------------------------------------------------------
                         required time                         14.882    
                         arrival time                          -9.602    
  -------------------------------------------------------------------
                         slack                                  5.280    

Slack (MET) :             5.358ns  (required time - arrival time)
  Source:                 sec_ones_reg[1]/C
                            (rising edge-triggered cell FDCE clocked by sys_clk  {rise@0.000ns fall@5.000ns period=10.000ns})
  Destination:            min_ones_reg[0]/CE
                            (rising edge-triggered cell FDCE clocked by sys_clk  {rise@0.000ns fall@5.000ns period=10.000ns})
  Path Group:             sys_clk
  Path Type:              Setup (Max at Slow Process Corner)
  Requirement:            10.000ns  (sys_clk rise@10.000ns - sys_clk rise@0.000ns)
  Data Path Delay:        4.376ns  (logic 1.354ns (30.939%)  route 3.022ns (69.061%))
  Logic Levels:           3  (LUT4=1 LUT5=2)
  Clock Path Skew:        -0.025ns (DCD - SCD + CPR)
    Destination Clock Delay (DCD):    4.850ns = ( 14.850 - 10.000 ) 
    Source Clock Delay      (SCD):    5.147ns
    Clock Pessimism Removal (CPR):    0.272ns
  Clock Uncertainty:      0.035ns  ((TSJ^2 + TIJ^2)^1/2 + DJ) / 2 + PE
    Total System Jitter     (TSJ):    0.071ns
    Total Input Jitter      (TIJ):    0.000ns
    Discrete Jitter          (DJ):    0.000ns
    Phase Error              (PE):    0.000ns

    Location             Delay type                Incr(ns)  Path(ns)    Netlist Resource(s)
  -------------------------------------------------------------------    -------------------
                         (clock sys_clk rise edge)    0.000     0.000 r  
    F14                                               0.000     0.000 r  clk (IN)
                         net (fo=0)                   0.000     0.000    clk
    F14                  IBUF (Prop_ibuf_I_O)         1.458     1.458 r  clk_IBUF_inst/O
                         net (fo=1, routed)           1.972     3.430    clk_IBUF
    BUFGCTRL_X0Y16       BUFG (Prop_bufg_I_O)         0.096     3.526 r  clk_IBUF_BUFG_inst/O
                         net (fo=88, routed)          1.621     5.147    clk_IBUF_BUFG
    SLICE_X60Y60         FDCE                                         r  sec_ones_reg[1]/C
  -------------------------------------------------------------------    -------------------
    SLICE_X60Y60         FDCE (Prop_fdce_C_Q)         0.518     5.665 f  sec_ones_reg[1]/Q
                         net (fo=6, routed)           1.114     6.779    sec_ones_reg_n_0_[1]
    SLICE_X60Y60         LUT4 (Prop_lut4_I3_O)        0.150     6.929 f  hr_ones[3]_i_5/O
                         net (fo=6, routed)           0.599     7.528    hr_ones[3]_i_5_n_0
    SLICE_X59Y60         LUT5 (Prop_lut5_I0_O)        0.354     7.882 f  min_ones[3]_i_3/O
                         net (fo=6, routed)           0.760     8.642    min_ones[3]_i_3_n_0
    SLICE_X60Y58         LUT5 (Prop_lut5_I4_O)        0.332     8.974 r  min_ones[3]_i_1/O
                         net (fo=4, routed)           0.550     9.523    min_ones[3]_i_1_n_0
    SLICE_X58Y59         FDCE                                         r  min_ones_reg[0]/CE
  -------------------------------------------------------------------    -------------------

                         (clock sys_clk rise edge)   10.000    10.000 r  
    F14                                               0.000    10.000 r  clk (IN)
                         net (fo=0)                   0.000    10.000    clk
    F14                  IBUF (Prop_ibuf_I_O)         1.388    11.388 r  clk_IBUF_inst/O
                         net (fo=1, routed)           1.868    13.256    clk_IBUF
    BUFGCTRL_X0Y16       BUFG (Prop_bufg_I_O)         0.091    13.347 r  clk_IBUF_BUFG_inst/O
                         net (fo=88, routed)          1.503    14.850    clk_IBUF_BUFG
    SLICE_X58Y59         FDCE                                         r  min_ones_reg[0]/C
                         clock pessimism              0.272    15.122    
                         clock uncertainty           -0.035    15.087    
    SLICE_X58Y59         FDCE (Setup_fdce_C_CE)      -0.205    14.882    min_ones_reg[0]
  -------------------------------------------------------------------
                         required time                         14.882    
                         arrival time                          -9.523    
  -------------------------------------------------------------------
                         slack                                  5.358    

Slack (MET) :             5.358ns  (required time - arrival time)
  Source:                 sec_ones_reg[1]/C
                            (rising edge-triggered cell FDCE clocked by sys_clk  {rise@0.000ns fall@5.000ns period=10.000ns})
  Destination:            min_ones_reg[1]/CE
                            (rising edge-triggered cell FDCE clocked by sys_clk  {rise@0.000ns fall@5.000ns period=10.000ns})
  Path Group:             sys_clk
  Path Type:              Setup (Max at Slow Process Corner)
  Requirement:            10.000ns  (sys_clk rise@10.000ns - sys_clk rise@0.000ns)
  Data Path Delay:        4.376ns  (logic 1.354ns (30.939%)  route 3.022ns (69.061%))
  Logic Levels:           3  (LUT4=1 LUT5=2)
  Clock Path Skew:        -0.025ns (DCD - SCD + CPR)
    Destination Clock Delay (DCD):    4.850ns = ( 14.850 - 10.000 ) 
    Source Clock Delay      (SCD):    5.147ns
    Clock Pessimism Removal (CPR):    0.272ns
  Clock Uncertainty:      0.035ns  ((TSJ^2 + TIJ^2)^1/2 + DJ) / 2 + PE
    Total System Jitter     (TSJ):    0.071ns
    Total Input Jitter      (TIJ):    0.000ns
    Discrete Jitter          (DJ):    0.000ns
    Phase Error              (PE):    0.000ns

    Location             Delay type                Incr(ns)  Path(ns)    Netlist Resource(s)
  -------------------------------------------------------------------    -------------------
                         (clock sys_clk rise edge)    0.000     0.000 r  
    F14                                               0.000     0.000 r  clk (IN)
                         net (fo=0)                   0.000     0.000    clk
    F14                  IBUF (Prop_ibuf_I_O)         1.458     1.458 r  clk_IBUF_inst/O
                         net (fo=1, routed)           1.972     3.430    clk_IBUF
    BUFGCTRL_X0Y16       BUFG (Prop_bufg_I_O)         0.096     3.526 r  clk_IBUF_BUFG_inst/O
                         net (fo=88, routed)          1.621     5.147    clk_IBUF_BUFG
    SLICE_X60Y60         FDCE                                         r  sec_ones_reg[1]/C
  -------------------------------------------------------------------    -------------------
    SLICE_X60Y60         FDCE (Prop_fdce_C_Q)         0.518     5.665 f  sec_ones_reg[1]/Q
                         net (fo=6, routed)           1.114     6.779    sec_ones_reg_n_0_[1]
    SLICE_X60Y60         LUT4 (Prop_lut4_I3_O)        0.150     6.929 f  hr_ones[3]_i_5/O
                         net (fo=6, routed)           0.599     7.528    hr_ones[3]_i_5_n_0
    SLICE_X59Y60         LUT5 (Prop_lut5_I0_O)        0.354     7.882 f  min_ones[3]_i_3/O
                         net (fo=6, routed)           0.760     8.642    min_ones[3]_i_3_n_0
    SLICE_X60Y58         LUT5 (Prop_lut5_I4_O)        0.332     8.974 r  min_ones[3]_i_1/O
                         net (fo=4, routed)           0.550     9.523    min_ones[3]_i_1_n_0
    SLICE_X58Y59         FDCE                                         r  min_ones_reg[1]/CE
  -------------------------------------------------------------------    -------------------

                         (clock sys_clk rise edge)   10.000    10.000 r  
    F14                                               0.000    10.000 r  clk (IN)
                         net (fo=0)                   0.000    10.000    clk
    F14                  IBUF (Prop_ibuf_I_O)         1.388    11.388 r  clk_IBUF_inst/O
                         net (fo=1, routed)           1.868    13.256    clk_IBUF
    BUFGCTRL_X0Y16       BUFG (Prop_bufg_I_O)         0.091    13.347 r  clk_IBUF_BUFG_inst/O
                         net (fo=88, routed)          1.503    14.850    clk_IBUF_BUFG
    SLICE_X58Y59         FDCE                                         r  min_ones_reg[1]/C
                         clock pessimism              0.272    15.122    
                         clock uncertainty           -0.035    15.087    
    SLICE_X58Y59         FDCE (Setup_fdce_C_CE)      -0.205    14.882    min_ones_reg[1]
  -------------------------------------------------------------------
                         required time                         14.882    
                         arrival time                          -9.523    
  -------------------------------------------------------------------
                         slack                                  5.358    

Slack (MET) :             5.358ns  (required time - arrival time)
  Source:                 sec_ones_reg[1]/C
                            (rising edge-triggered cell FDCE clocked by sys_clk  {rise@0.000ns fall@5.000ns period=10.000ns})
  Destination:            min_ones_reg[2]/CE
                            (rising edge-triggered cell FDCE clocked by sys_clk  {rise@0.000ns fall@5.000ns period=10.000ns})
  Path Group:             sys_clk
  Path Type:              Setup (Max at Slow Process Corner)
  Requirement:            10.000ns  (sys_clk rise@10.000ns - sys_clk rise@0.000ns)
  Data Path Delay:        4.376ns  (logic 1.354ns (30.939%)  route 3.022ns (69.061%))
  Logic Levels:           3  (LUT4=1 LUT5=2)
  Clock Path Skew:        -0.025ns (DCD - SCD + CPR)
    Destination Clock Delay (DCD):    4.850ns = ( 14.850 - 10.000 ) 
    Source Clock Delay      (SCD):    5.147ns
    Clock Pessimism Removal (CPR):    0.272ns
  Clock Uncertainty:      0.035ns  ((TSJ^2 + TIJ^2)^1/2 + DJ) / 2 + PE
    Total System Jitter     (TSJ):    0.071ns
    Total Input Jitter      (TIJ):    0.000ns
    Discrete Jitter          (DJ):    0.000ns
    Phase Error              (PE):    0.000ns

    Location             Delay type                Incr(ns)  Path(ns)    Netlist Resource(s)
  -------------------------------------------------------------------    -------------------
                         (clock sys_clk rise edge)    0.000     0.000 r  
    F14                                               0.000     0.000 r  clk (IN)
                         net (fo=0)                   0.000     0.000    clk
    F14                  IBUF (Prop_ibuf_I_O)         1.458     1.458 r  clk_IBUF_inst/O
                         net (fo=1, routed)           1.972     3.430    clk_IBUF
    BUFGCTRL_X0Y16       BUFG (Prop_bufg_I_O)         0.096     3.526 r  clk_IBUF_BUFG_inst/O
                         net (fo=88, routed)          1.621     5.147    clk_IBUF_BUFG
    SLICE_X60Y60         FDCE                                         r  sec_ones_reg[1]/C
  -------------------------------------------------------------------    -------------------
    SLICE_X60Y60         FDCE (Prop_fdce_C_Q)         0.518     5.665 f  sec_ones_reg[1]/Q
                         net (fo=6, routed)           1.114     6.779    sec_ones_reg_n_0_[1]
    SLICE_X60Y60         LUT4 (Prop_lut4_I3_O)        0.150     6.929 f  hr_ones[3]_i_5/O
                         net (fo=6, routed)           0.599     7.528    hr_ones[3]_i_5_n_0
    SLICE_X59Y60         LUT5 (Prop_lut5_I0_O)        0.354     7.882 f  min_ones[3]_i_3/O
                         net (fo=6, routed)           0.760     8.642    min_ones[3]_i_3_n_0
    SLICE_X60Y58         LUT5 (Prop_lut5_I4_O)        0.332     8.974 r  min_ones[3]_i_1/O
                         net (fo=4, routed)           0.550     9.523    min_ones[3]_i_1_n_0
    SLICE_X58Y59         FDCE                                         r  min_ones_reg[2]/CE
  -------------------------------------------------------------------    -------------------

                         (clock sys_clk rise edge)   10.000    10.000 r  
    F14                                               0.000    10.000 r  clk (IN)
                         net (fo=0)                   0.000    10.000    clk
    F14                  IBUF (Prop_ibuf_I_O)         1.388    11.388 r  clk_IBUF_inst/O
                         net (fo=1, routed)           1.868    13.256    clk_IBUF
    BUFGCTRL_X0Y16       BUFG (Prop_bufg_I_O)         0.091    13.347 r  clk_IBUF_BUFG_inst/O
                         net (fo=88, routed)          1.503    14.850    clk_IBUF_BUFG
    SLICE_X58Y59         FDCE                                         r  min_ones_reg[2]/C
                         clock pessimism              0.272    15.122    
                         clock uncertainty           -0.035    15.087    
    SLICE_X58Y59         FDCE (Setup_fdce_C_CE)      -0.205    14.882    min_ones_reg[2]
  -------------------------------------------------------------------
                         required time                         14.882    
                         arrival time                          -9.523    
  -------------------------------------------------------------------
                         slack                                  5.358    

Slack (MET) :             5.358ns  (required time - arrival time)
  Source:                 sec_ones_reg[1]/C
                            (rising edge-triggered cell FDCE clocked by sys_clk  {rise@0.000ns fall@5.000ns period=10.000ns})
  Destination:            min_ones_reg[3]/CE
                            (rising edge-triggered cell FDCE clocked by sys_clk  {rise@0.000ns fall@5.000ns period=10.000ns})
  Path Group:             sys_clk
  Path Type:              Setup (Max at Slow Process Corner)
  Requirement:            10.000ns  (sys_clk rise@10.000ns - sys_clk rise@0.000ns)
  Data Path Delay:        4.376ns  (logic 1.354ns (30.939%)  route 3.022ns (69.061%))
  Logic Levels:           3  (LUT4=1 LUT5=2)
  Clock Path Skew:        -0.025ns (DCD - SCD + CPR)
    Destination Clock Delay (DCD):    4.850ns = ( 14.850 - 10.000 ) 
    Source Clock Delay      (SCD):    5.147ns
    Clock Pessimism Removal (CPR):    0.272ns
  Clock Uncertainty:      0.035ns  ((TSJ^2 + TIJ^2)^1/2 + DJ) / 2 + PE
    Total System Jitter     (TSJ):    0.071ns
    Total Input Jitter      (TIJ):    0.000ns
    Discrete Jitter          (DJ):    0.000ns
    Phase Error              (PE):    0.000ns

    Location             Delay type                Incr(ns)  Path(ns)    Netlist Resource(s)
  -------------------------------------------------------------------    -------------------
                         (clock sys_clk rise edge)    0.000     0.000 r  
    F14                                               0.000     0.000 r  clk (IN)
                         net (fo=0)                   0.000     0.000    clk
    F14                  IBUF (Prop_ibuf_I_O)         1.458     1.458 r  clk_IBUF_inst/O
                         net (fo=1, routed)           1.972     3.430    clk_IBUF
    BUFGCTRL_X0Y16       BUFG (Prop_bufg_I_O)         0.096     3.526 r  clk_IBUF_BUFG_inst/O
                         net (fo=88, routed)          1.621     5.147    clk_IBUF_BUFG
    SLICE_X60Y60         FDCE                                         r  sec_ones_reg[1]/C
  -------------------------------------------------------------------    -------------------
    SLICE_X60Y60         FDCE (Prop_fdce_C_Q)         0.518     5.665 f  sec_ones_reg[1]/Q
                         net (fo=6, routed)           1.114     6.779    sec_ones_reg_n_0_[1]
    SLICE_X60Y60         LUT4 (Prop_lut4_I3_O)        0.150     6.929 f  hr_ones[3]_i_5/O
                         net (fo=6, routed)           0.599     7.528    hr_ones[3]_i_5_n_0
    SLICE_X59Y60         LUT5 (Prop_lut5_I0_O)        0.354     7.882 f  min_ones[3]_i_3/O
                         net (fo=6, routed)           0.760     8.642    min_ones[3]_i_3_n_0
    SLICE_X60Y58         LUT5 (Prop_lut5_I4_O)        0.332     8.974 r  min_ones[3]_i_1/O
                         net (fo=4, routed)           0.550     9.523    min_ones[3]_i_1_n_0
    SLICE_X58Y59         FDCE                                         r  min_ones_reg[3]/CE
  -------------------------------------------------------------------    -------------------

                         (clock sys_clk rise edge)   10.000    10.000 r  
    F14                                               0.000    10.000 r  clk (IN)
                         net (fo=0)                   0.000    10.000    clk
    F14                  IBUF (Prop_ibuf_I_O)         1.388    11.388 r  clk_IBUF_inst/O
                         net (fo=1, routed)           1.868    13.256    clk_IBUF
    BUFGCTRL_X0Y16       BUFG (Prop_bufg_I_O)         0.091    13.347 r  clk_IBUF_BUFG_inst/O
                         net (fo=88, routed)          1.503    14.850    clk_IBUF_BUFG
    SLICE_X58Y59         FDCE                                         r  min_ones_reg[3]/C
                         clock pessimism              0.272    15.122    
                         clock uncertainty           -0.035    15.087    
    SLICE_X58Y59         FDCE (Setup_fdce_C_CE)      -0.205    14.882    min_ones_reg[3]
  -------------------------------------------------------------------
                         required time                         14.882    
                         arrival time                          -9.523    
  -------------------------------------------------------------------
                         slack                                  5.358    

Slack (MET) :             5.390ns  (required time - arrival time)
  Source:                 sec_ones_reg[1]/C
                            (rising edge-triggered cell FDCE clocked by sys_clk  {rise@0.000ns fall@5.000ns period=10.000ns})
  Destination:            day_reg[2]/CE
                            (rising edge-triggered cell FDCE clocked by sys_clk  {rise@0.000ns fall@5.000ns period=10.000ns})
  Path Group:             sys_clk
  Path Type:              Setup (Max at Slow Process Corner)
  Requirement:            10.000ns  (sys_clk rise@10.000ns - sys_clk rise@0.000ns)
  Data Path Delay:        4.332ns  (logic 1.120ns (25.855%)  route 3.212ns (74.145%))
  Logic Levels:           3  (LUT4=1 LUT5=1 LUT6=1)
  Clock Path Skew:        -0.038ns (DCD - SCD + CPR)
    Destination Clock Delay (DCD):    4.851ns = ( 14.851 - 10.000 ) 
    Source Clock Delay      (SCD):    5.147ns
    Clock Pessimism Removal (CPR):    0.258ns
  Clock Uncertainty:      0.035ns  ((TSJ^2 + TIJ^2)^1/2 + DJ) / 2 + PE
    Total System Jitter     (TSJ):    0.071ns
    Total Input Jitter      (TIJ):    0.000ns
    Discrete Jitter          (DJ):    0.000ns
    Phase Error              (PE):    0.000ns

    Location             Delay type                Incr(ns)  Path(ns)    Netlist Resource(s)
  -------------------------------------------------------------------    -------------------
                         (clock sys_clk rise edge)    0.000     0.000 r  
    F14                                               0.000     0.000 r  clk (IN)
                         net (fo=0)                   0.000     0.000    clk
    F14                  IBUF (Prop_ibuf_I_O)         1.458     1.458 r  clk_IBUF_inst/O
                         net (fo=1, routed)           1.972     3.430    clk_IBUF
    BUFGCTRL_X0Y16       BUFG (Prop_bufg_I_O)         0.096     3.526 r  clk_IBUF_BUFG_inst/O
                         net (fo=88, routed)          1.621     5.147    clk_IBUF_BUFG
    SLICE_X60Y60         FDCE                                         r  sec_ones_reg[1]/C
  -------------------------------------------------------------------    -------------------
    SLICE_X60Y60         FDCE (Prop_fdce_C_Q)         0.518     5.665 f  sec_ones_reg[1]/Q
                         net (fo=6, routed)           1.114     6.779    sec_ones_reg_n_0_[1]
    SLICE_X60Y60         LUT4 (Prop_lut4_I3_O)        0.150     6.929 f  hr_ones[3]_i_5/O
                         net (fo=6, routed)           0.849     7.778    hr_ones[3]_i_5_n_0
    SLICE_X59Y61         LUT6 (Prop_lut6_I4_O)        0.328     8.106 f  day[3]_i_3/O
                         net (fo=9, routed)           0.643     8.749    day[3]_i_3_n_0
    SLICE_X64Y59         LUT5 (Prop_lut5_I4_O)        0.124     8.873 r  day[3]_i_1/O
                         net (fo=4, routed)           0.606     9.479    day[0]
    SLICE_X63Y59         FDCE                                         r  day_reg[2]/CE
  -------------------------------------------------------------------    -------------------

                         (clock sys_clk rise edge)   10.000    10.000 r  
    F14                                               0.000    10.000 r  clk (IN)
                         net (fo=0)                   0.000    10.000    clk
    F14                  IBUF (Prop_ibuf_I_O)         1.388    11.388 r  clk_IBUF_inst/O
                         net (fo=1, routed)           1.868    13.256    clk_IBUF
    BUFGCTRL_X0Y16       BUFG (Prop_bufg_I_O)         0.091    13.347 r  clk_IBUF_BUFG_inst/O
                         net (fo=88, routed)          1.504    14.851    clk_IBUF_BUFG
    SLICE_X63Y59         FDCE                                         r  day_reg[2]/C
                         clock pessimism              0.258    15.109    
                         clock uncertainty           -0.035    15.074    
    SLICE_X63Y59         FDCE (Setup_fdce_C_CE)      -0.205    14.869    day_reg[2]
  -------------------------------------------------------------------
                         required time                         14.869    
                         arrival time                          -9.479    
  -------------------------------------------------------------------
                         slack                                  5.390    

Slack (MET) :             5.390ns  (required time - arrival time)
  Source:                 sec_ones_reg[1]/C
                            (rising edge-triggered cell FDCE clocked by sys_clk  {rise@0.000ns fall@5.000ns period=10.000ns})
  Destination:            day_reg[3]/CE
                            (rising edge-triggered cell FDCE clocked by sys_clk  {rise@0.000ns fall@5.000ns period=10.000ns})
  Path Group:             sys_clk
  Path Type:              Setup (Max at Slow Process Corner)
  Requirement:            10.000ns  (sys_clk rise@10.000ns - sys_clk rise@0.000ns)
  Data Path Delay:        4.332ns  (logic 1.120ns (25.855%)  route 3.212ns (74.145%))
  Logic Levels:           3  (LUT4=1 LUT5=1 LUT6=1)
  Clock Path Skew:        -0.038ns (DCD - SCD + CPR)
    Destination Clock Delay (DCD):    4.851ns = ( 14.851 - 10.000 ) 
    Source Clock Delay      (SCD):    5.147ns
    Clock Pessimism Removal (CPR):    0.258ns
  Clock Uncertainty:      0.035ns  ((TSJ^2 + TIJ^2)^1/2 + DJ) / 2 + PE
    Total System Jitter     (TSJ):    0.071ns
    Total Input Jitter      (TIJ):    0.000ns
    Discrete Jitter          (DJ):    0.000ns
    Phase Error              (PE):    0.000ns

    Location             Delay type                Incr(ns)  Path(ns)    Netlist Resource(s)
  -------------------------------------------------------------------    -------------------
                         (clock sys_clk rise edge)    0.000     0.000 r  
    F14                                               0.000     0.000 r  clk (IN)
                         net (fo=0)                   0.000     0.000    clk
    F14                  IBUF (Prop_ibuf_I_O)         1.458     1.458 r  clk_IBUF_inst/O
                         net (fo=1, routed)           1.972     3.430    clk_IBUF
    BUFGCTRL_X0Y16       BUFG (Prop_bufg_I_O)         0.096     3.526 r  clk_IBUF_BUFG_inst/O
                         net (fo=88, routed)          1.621     5.147    clk_IBUF_BUFG
    SLICE_X60Y60         FDCE                                         r  sec_ones_reg[1]/C
  -------------------------------------------------------------------    -------------------
    SLICE_X60Y60         FDCE (Prop_fdce_C_Q)         0.518     5.665 f  sec_ones_reg[1]/Q
                         net (fo=6, routed)           1.114     6.779    sec_ones_reg_n_0_[1]
    SLICE_X60Y60         LUT4 (Prop_lut4_I3_O)        0.150     6.929 f  hr_ones[3]_i_5/O
                         net (fo=6, routed)           0.849     7.778    hr_ones[3]_i_5_n_0
    SLICE_X59Y61         LUT6 (Prop_lut6_I4_O)        0.328     8.106 f  day[3]_i_3/O
                         net (fo=9, routed)           0.643     8.749    day[3]_i_3_n_0
    SLICE_X64Y59         LUT5 (Prop_lut5_I4_O)        0.124     8.873 r  day[3]_i_1/O
                         net (fo=4, routed)           0.606     9.479    day[0]
    SLICE_X63Y59         FDCE                                         r  day_reg[3]/CE
  -------------------------------------------------------------------    -------------------

                         (clock sys_clk rise edge)   10.000    10.000 r  
    F14                                               0.000    10.000 r  clk (IN)
                         net (fo=0)                   0.000    10.000    clk
    F14                  IBUF (Prop_ibuf_I_O)         1.388    11.388 r  clk_IBUF_inst/O
                         net (fo=1, routed)           1.868    13.256    clk_IBUF
    BUFGCTRL_X0Y16       BUFG (Prop_bufg_I_O)         0.091    13.347 r  clk_IBUF_BUFG_inst/O
                         net (fo=88, routed)          1.504    14.851    clk_IBUF_BUFG
    SLICE_X63Y59         FDCE                                         r  day_reg[3]/C
                         clock pessimism              0.258    15.109    
                         clock uncertainty           -0.035    15.074    
    SLICE_X63Y59         FDCE (Setup_fdce_C_CE)      -0.205    14.869    day_reg[3]
  -------------------------------------------------------------------
                         required time                         14.869    
                         arrival time                          -9.479    
  -------------------------------------------------------------------
                         slack                                  5.390    

Slack (MET) :             5.438ns  (required time - arrival time)
  Source:                 sec_ones_reg[1]/C
                            (rising edge-triggered cell FDCE clocked by sys_clk  {rise@0.000ns fall@5.000ns period=10.000ns})
  Destination:            hr_ones_reg[1]/D
                            (rising edge-triggered cell FDCE clocked by sys_clk  {rise@0.000ns fall@5.000ns period=10.000ns})
  Path Group:             sys_clk
  Path Type:              Setup (Max at Slow Process Corner)
  Requirement:            10.000ns  (sys_clk rise@10.000ns - sys_clk rise@0.000ns)
  Data Path Delay:        4.260ns  (logic 1.148ns (26.948%)  route 3.112ns (73.052%))
  Logic Levels:           3  (LUT4=2 LUT5=1)
  Clock Path Skew:        -0.027ns (DCD - SCD + CPR)
    Destination Clock Delay (DCD):    4.848ns = ( 14.848 - 10.000 ) 
    Source Clock Delay      (SCD):    5.147ns
    Clock Pessimism Removal (CPR):    0.272ns
  Clock Uncertainty:      0.035ns  ((TSJ^2 + TIJ^2)^1/2 + DJ) / 2 + PE
    Total System Jitter     (TSJ):    0.071ns
    Total Input Jitter      (TIJ):    0.000ns
    Discrete Jitter          (DJ):    0.000ns
    Phase Error              (PE):    0.000ns

    Location             Delay type                Incr(ns)  Path(ns)    Netlist Resource(s)
  -------------------------------------------------------------------    -------------------
                         (clock sys_clk rise edge)    0.000     0.000 r  
    F14                                               0.000     0.000 r  clk (IN)
                         net (fo=0)                   0.000     0.000    clk
    F14                  IBUF (Prop_ibuf_I_O)         1.458     1.458 r  clk_IBUF_inst/O
                         net (fo=1, routed)           1.972     3.430    clk_IBUF
    BUFGCTRL_X0Y16       BUFG (Prop_bufg_I_O)         0.096     3.526 r  clk_IBUF_BUFG_inst/O
                         net (fo=88, routed)          1.621     5.147    clk_IBUF_BUFG
    SLICE_X60Y60         FDCE                                         r  sec_ones_reg[1]/C
  -------------------------------------------------------------------    -------------------
    SLICE_X60Y60         FDCE (Prop_fdce_C_Q)         0.518     5.665 r  sec_ones_reg[1]/Q
                         net (fo=6, routed)           1.114     6.779    sec_ones_reg_n_0_[1]
    SLICE_X60Y60         LUT4 (Prop_lut4_I3_O)        0.150     6.929 r  hr_ones[3]_i_5/O
                         net (fo=6, routed)           0.837     7.766    hr_ones[3]_i_5_n_0
    SLICE_X60Y61         LUT4 (Prop_lut4_I1_O)        0.328     8.094 r  hr_ones[3]_i_8/O
                         net (fo=5, routed)           0.825     8.919    hr_ones[3]_i_8_n_0
    SLICE_X60Y62         LUT5 (Prop_lut5_I2_O)        0.152     9.071 r  hr_ones[1]_i_1/O
                         net (fo=1, routed)           0.336     9.407    hr_ones[1]_i_1_n_0
    SLICE_X60Y62         FDCE                                         r  hr_ones_reg[1]/D
  -------------------------------------------------------------------    -------------------

                         (clock sys_clk rise edge)   10.000    10.000 r  
    F14                                               0.000    10.000 r  clk (IN)
                         net (fo=0)                   0.000    10.000    clk
    F14                  IBUF (Prop_ibuf_I_O)         1.388    11.388 r  clk_IBUF_inst/O
                         net (fo=1, routed)           1.868    13.256    clk_IBUF
    BUFGCTRL_X0Y16       BUFG (Prop_bufg_I_O)         0.091    13.347 r  clk_IBUF_BUFG_inst/O
                         net (fo=88, routed)          1.501    14.848    clk_IBUF_BUFG
    SLICE_X60Y62         FDCE                                         r  hr_ones_reg[1]/C
                         clock pessimism              0.272    15.120    
                         clock uncertainty           -0.035    15.085    
    SLICE_X60Y62         FDCE (Setup_fdce_C_D)       -0.240    14.845    hr_ones_reg[1]
  -------------------------------------------------------------------
                         required time                         14.845    
                         arrival time                          -9.407    
  -------------------------------------------------------------------
                         slack                                  5.438    

Slack (MET) :             5.444ns  (required time - arrival time)
  Source:                 sec_ones_reg[1]/C
                            (rising edge-triggered cell FDCE clocked by sys_clk  {rise@0.000ns fall@5.000ns period=10.000ns})
  Destination:            date_tens_reg[0]/CE
                            (rising edge-triggered cell FDCE clocked by sys_clk  {rise@0.000ns fall@5.000ns period=10.000ns})
  Path Group:             sys_clk
  Path Type:              Setup (Max at Slow Process Corner)
  Requirement:            10.000ns  (sys_clk rise@10.000ns - sys_clk rise@0.000ns)
  Data Path Delay:        4.315ns  (logic 1.120ns (25.959%)  route 3.195ns (74.041%))
  Logic Levels:           3  (LUT4=1 LUT6=2)
  Clock Path Skew:        -0.037ns (DCD - SCD + CPR)
    Destination Clock Delay (DCD):    4.852ns = ( 14.852 - 10.000 ) 
    Source Clock Delay      (SCD):    5.147ns
    Clock Pessimism Removal (CPR):    0.258ns
  Clock Uncertainty:      0.035ns  ((TSJ^2 + TIJ^2)^1/2 + DJ) / 2 + PE
    Total System Jitter     (TSJ):    0.071ns
    Total Input Jitter      (TIJ):    0.000ns
    Discrete Jitter          (DJ):    0.000ns
    Phase Error              (PE):    0.000ns

    Location             Delay type                Incr(ns)  Path(ns)    Netlist Resource(s)
  -------------------------------------------------------------------    -------------------
                         (clock sys_clk rise edge)    0.000     0.000 r  
    F14                                               0.000     0.000 r  clk (IN)
                         net (fo=0)                   0.000     0.000    clk
    F14                  IBUF (Prop_ibuf_I_O)         1.458     1.458 r  clk_IBUF_inst/O
                         net (fo=1, routed)           1.972     3.430    clk_IBUF
    BUFGCTRL_X0Y16       BUFG (Prop_bufg_I_O)         0.096     3.526 r  clk_IBUF_BUFG_inst/O
                         net (fo=88, routed)          1.621     5.147    clk_IBUF_BUFG
    SLICE_X60Y60         FDCE                                         r  sec_ones_reg[1]/C
  -------------------------------------------------------------------    -------------------
    SLICE_X60Y60         FDCE (Prop_fdce_C_Q)         0.518     5.665 f  sec_ones_reg[1]/Q
                         net (fo=6, routed)           1.114     6.779    sec_ones_reg_n_0_[1]
    SLICE_X60Y60         LUT4 (Prop_lut4_I3_O)        0.150     6.929 f  hr_ones[3]_i_5/O
                         net (fo=6, routed)           0.849     7.778    hr_ones[3]_i_5_n_0
    SLICE_X59Y61         LUT6 (Prop_lut6_I4_O)        0.328     8.106 f  day[3]_i_3/O
                         net (fo=9, routed)           0.737     8.843    day[3]_i_3_n_0
    SLICE_X61Y59         LUT6 (Prop_lut6_I0_O)        0.124     8.967 r  date_tens[3]_i_1/O
                         net (fo=4, routed)           0.494     9.461    date_tens[0]
    SLICE_X64Y58         FDCE                                         r  date_tens_reg[0]/CE
  -------------------------------------------------------------------    -------------------

                         (clock sys_clk rise edge)   10.000    10.000 r  
    F14                                               0.000    10.000 r  clk (IN)
                         net (fo=0)                   0.000    10.000    clk
    F14                  IBUF (Prop_ibuf_I_O)         1.388    11.388 r  clk_IBUF_inst/O
                         net (fo=1, routed)           1.868    13.256    clk_IBUF
    BUFGCTRL_X0Y16       BUFG (Prop_bufg_I_O)         0.091    13.347 r  clk_IBUF_BUFG_inst/O
                         net (fo=88, routed)          1.505    14.852    clk_IBUF_BUFG
    SLICE_X64Y58         FDCE                                         r  date_tens_reg[0]/C
                         clock pessimism              0.258    15.110    
                         clock uncertainty           -0.035    15.075    
    SLICE_X64Y58         FDCE (Setup_fdce_C_CE)      -0.169    14.906    date_tens_reg[0]
  -------------------------------------------------------------------
                         required time                         14.906    
                         arrival time                          -9.461    
  -------------------------------------------------------------------
                         slack                                  5.444    





Min Delay Paths
--------------------------------------------------------------------------------------
Slack (MET) :             0.240ns  (arrival time - required time)
  Source:                 date_ones_reg[1]/C
                            (rising edge-triggered cell FDCE clocked by sys_clk  {rise@0.000ns fall@5.000ns period=10.000ns})
  Destination:            date_ones_reg[1]/D
                            (rising edge-triggered cell FDCE clocked by sys_clk  {rise@0.000ns fall@5.000ns period=10.000ns})
  Path Group:             sys_clk
  Path Type:              Hold (Min at Fast Process Corner)
  Requirement:            0.000ns  (sys_clk rise@0.000ns - sys_clk rise@0.000ns)
  Data Path Delay:        0.332ns  (logic 0.186ns (55.991%)  route 0.146ns (44.009%))
  Logic Levels:           1  (LUT5=1)
  Clock Path Skew:        0.000ns (DCD - SCD - CPR)
    Destination Clock Delay (DCD):    1.991ns
    Source Clock Delay      (SCD):    1.475ns
    Clock Pessimism Removal (CPR):    0.516ns

    Location             Delay type                Incr(ns)  Path(ns)    Netlist Resource(s)
  -------------------------------------------------------------------    -------------------
                         (clock sys_clk rise edge)    0.000     0.000 r  
    F14                                               0.000     0.000 r  clk (IN)
                         net (fo=0)                   0.000     0.000    clk
    F14                  IBUF (Prop_ibuf_I_O)         0.226     0.226 r  clk_IBUF_inst/O
                         net (fo=1, routed)           0.634     0.861    clk_IBUF
    BUFGCTRL_X0Y16       BUFG (Prop_bufg_I_O)         0.026     0.887 r  clk_IBUF_BUFG_inst/O
                         net (fo=88, routed)          0.589     1.475    clk_IBUF_BUFG
    SLICE_X63Y61         FDCE                                         r  date_ones_reg[1]/C
  -------------------------------------------------------------------    -------------------
    SLICE_X63Y61         FDCE (Prop_fdce_C_Q)         0.141     1.616 r  date_ones_reg[1]/Q
                         net (fo=5, routed)           0.146     1.762    date_ones_reg_n_0_[1]
    SLICE_X63Y61         LUT5 (Prop_lut5_I2_O)        0.045     1.807 r  date_ones[1]_i_1/O
                         net (fo=1, routed)           0.000     1.807    date_ones[1]_i_1_n_0
    SLICE_X63Y61         FDCE                                         r  date_ones_reg[1]/D
  -------------------------------------------------------------------    -------------------

                         (clock sys_clk rise edge)    0.000     0.000 r  
    F14                                               0.000     0.000 r  clk (IN)
                         net (fo=0)                   0.000     0.000    clk
    F14                  IBUF (Prop_ibuf_I_O)         0.414     0.414 r  clk_IBUF_inst/O
                         net (fo=1, routed)           0.689     1.103    clk_IBUF
    BUFGCTRL_X0Y16       BUFG (Prop_bufg_I_O)         0.029     1.132 r  clk_IBUF_BUFG_inst/O
                         net (fo=88, routed)          0.860     1.991    clk_IBUF_BUFG
    SLICE_X63Y61         FDCE                                         r  date_ones_reg[1]/C
                         clock pessimism             -0.516     1.475    
    SLICE_X63Y61         FDCE (Hold_fdce_C_D)         0.092     1.567    date_ones_reg[1]
  -------------------------------------------------------------------
                         required time                         -1.567    
                         arrival time                           1.807    
  -------------------------------------------------------------------
                         slack                                  0.240    

Slack (MET) :             0.242ns  (arrival time - required time)
  Source:                 min_ones_reg[2]/C
                            (rising edge-triggered cell FDCE clocked by sys_clk  {rise@0.000ns fall@5.000ns period=10.000ns})
  Destination:            min_ones_reg[3]/D
                            (rising edge-triggered cell FDCE clocked by sys_clk  {rise@0.000ns fall@5.000ns period=10.000ns})
  Path Group:             sys_clk
  Path Type:              Hold (Min at Fast Process Corner)
  Requirement:            0.000ns  (sys_clk rise@0.000ns - sys_clk rise@0.000ns)
  Data Path Delay:        0.333ns  (logic 0.227ns (68.096%)  route 0.106ns (31.904%))
  Logic Levels:           1  (LUT6=1)
  Clock Path Skew:        0.000ns (DCD - SCD - CPR)
    Destination Clock Delay (DCD):    1.990ns
    Source Clock Delay      (SCD):    1.475ns
    Clock Pessimism Removal (CPR):    0.515ns

    Location             Delay type                Incr(ns)  Path(ns)    Netlist Resource(s)
  -------------------------------------------------------------------    -------------------
                         (clock sys_clk rise edge)    0.000     0.000 r  
    F14                                               0.000     0.000 r  clk (IN)
                         net (fo=0)                   0.000     0.000    clk
    F14                  IBUF (Prop_ibuf_I_O)         0.226     0.226 r  clk_IBUF_inst/O
                         net (fo=1, routed)           0.634     0.861    clk_IBUF
    BUFGCTRL_X0Y16       BUFG (Prop_bufg_I_O)         0.026     0.887 r  clk_IBUF_BUFG_inst/O
                         net (fo=88, routed)          0.589     1.475    clk_IBUF_BUFG
    SLICE_X58Y59         FDCE                                         r  min_ones_reg[2]/C
  -------------------------------------------------------------------    -------------------
    SLICE_X58Y59         FDCE (Prop_fdce_C_Q)         0.128     1.603 r  min_ones_reg[2]/Q
                         net (fo=5, routed)           0.106     1.710    min_ones_reg_n_0_[2]
    SLICE_X58Y59         LUT6 (Prop_lut6_I4_O)        0.099     1.809 r  min_ones[3]_i_2/O
                         net (fo=1, routed)           0.000     1.809    min_ones[3]_i_2_n_0
    SLICE_X58Y59         FDCE                                         r  min_ones_reg[3]/D
  -------------------------------------------------------------------    -------------------

                         (clock sys_clk rise edge)    0.000     0.000 r  
    F14                                               0.000     0.000 r  clk (IN)
                         net (fo=0)                   0.000     0.000    clk
    F14                  IBUF (Prop_ibuf_I_O)         0.414     0.414 r  clk_IBUF_inst/O
                         net (fo=1, routed)           0.689     1.103    clk_IBUF
    BUFGCTRL_X0Y16       BUFG (Prop_bufg_I_O)         0.029     1.132 r  clk_IBUF_BUFG_inst/O
                         net (fo=88, routed)          0.859     1.990    clk_IBUF_BUFG
    SLICE_X58Y59         FDCE                                         r  min_ones_reg[3]/C
                         clock pessimism             -0.515     1.475    
    SLICE_X58Y59         FDCE (Hold_fdce_C_D)         0.091     1.566    min_ones_reg[3]
  -------------------------------------------------------------------
                         required time                         -1.566    
                         arrival time                           1.809    
  -------------------------------------------------------------------
                         slack                                  0.242    

Slack (MET) :             0.247ns  (arrival time - required time)
  Source:                 day_reg[0]/C
                            (rising edge-triggered cell FDPE clocked by sys_clk  {rise@0.000ns fall@5.000ns period=10.000ns})
  Destination:            day_reg[3]/D
                            (rising edge-triggered cell FDCE clocked by sys_clk  {rise@0.000ns fall@5.000ns period=10.000ns})
  Path Group:             sys_clk
  Path Type:              Hold (Min at Fast Process Corner)
  Requirement:            0.000ns  (sys_clk rise@0.000ns - sys_clk rise@0.000ns)
  Data Path Delay:        0.355ns  (logic 0.186ns (52.351%)  route 0.169ns (47.649%))
  Logic Levels:           1  (LUT6=1)
  Clock Path Skew:        0.016ns (DCD - SCD - CPR)
    Destination Clock Delay (DCD):    1.992ns
    Source Clock Delay      (SCD):    1.476ns
    Clock Pessimism Removal (CPR):    0.500ns

    Location             Delay type                Incr(ns)  Path(ns)    Netlist Resource(s)
  -------------------------------------------------------------------    -------------------
                         (clock sys_clk rise edge)    0.000     0.000 r  
    F14                                               0.000     0.000 r  clk (IN)
                         net (fo=0)                   0.000     0.000    clk
    F14                  IBUF (Prop_ibuf_I_O)         0.226     0.226 r  clk_IBUF_inst/O
                         net (fo=1, routed)           0.634     0.861    clk_IBUF
    BUFGCTRL_X0Y16       BUFG (Prop_bufg_I_O)         0.026     0.887 r  clk_IBUF_BUFG_inst/O
                         net (fo=88, routed)          0.590     1.476    clk_IBUF_BUFG
    SLICE_X65Y59         FDPE                                         r  day_reg[0]/C
  -------------------------------------------------------------------    -------------------
    SLICE_X65Y59         FDPE (Prop_fdpe_C_Q)         0.141     1.617 r  day_reg[0]/Q
                         net (fo=6, routed)           0.169     1.787    day_reg_n_0_[0]
    SLICE_X63Y59         LUT6 (Prop_lut6_I3_O)        0.045     1.832 r  day[3]_i_2/O
                         net (fo=1, routed)           0.000     1.832    day[3]_i_2_n_0
    SLICE_X63Y59         FDCE                                         r  day_reg[3]/D
  -------------------------------------------------------------------    -------------------

                         (clock sys_clk rise edge)    0.000     0.000 r  
    F14                                               0.000     0.000 r  clk (IN)
                         net (fo=0)                   0.000     0.000    clk
    F14                  IBUF (Prop_ibuf_I_O)         0.414     0.414 r  clk_IBUF_inst/O
                         net (fo=1, routed)           0.689     1.103    clk_IBUF
    BUFGCTRL_X0Y16       BUFG (Prop_bufg_I_O)         0.029     1.132 r  clk_IBUF_BUFG_inst/O
                         net (fo=88, routed)          0.860     1.992    clk_IBUF_BUFG
    SLICE_X63Y59         FDCE                                         r  day_reg[3]/C
                         clock pessimism             -0.500     1.492    
    SLICE_X63Y59         FDCE (Hold_fdce_C_D)         0.092     1.584    day_reg[3]
  -------------------------------------------------------------------
                         required time                         -1.584    
                         arrival time                           1.832    
  -------------------------------------------------------------------
                         slack                                  0.247    

Slack (MET) :             0.253ns  (arrival time - required time)
  Source:                 date_tens_reg[1]/C
                            (rising edge-triggered cell FDCE clocked by sys_clk  {rise@0.000ns fall@5.000ns period=10.000ns})
  Destination:            date_tens_reg[2]/D
                            (rising edge-triggered cell FDCE clocked by sys_clk  {rise@0.000ns fall@5.000ns period=10.000ns})
  Path Group:             sys_clk
  Path Type:              Hold (Min at Fast Process Corner)
  Requirement:            0.000ns  (sys_clk rise@0.000ns - sys_clk rise@0.000ns)
  Data Path Delay:        0.411ns  (logic 0.186ns (45.277%)  route 0.225ns (54.723%))
  Logic Levels:           1  (LUT6=1)
  Clock Path Skew:        0.038ns (DCD - SCD - CPR)
    Destination Clock Delay (DCD):    1.992ns
    Source Clock Delay      (SCD):    1.475ns
    Clock Pessimism Removal (CPR):    0.479ns

    Location             Delay type                Incr(ns)  Path(ns)    Netlist Resource(s)
  -------------------------------------------------------------------    -------------------
                         (clock sys_clk rise edge)    0.000     0.000 r  
    F14                                               0.000     0.000 r  clk (IN)
                         net (fo=0)                   0.000     0.000    clk
    F14                  IBUF (Prop_ibuf_I_O)         0.226     0.226 r  clk_IBUF_inst/O
                         net (fo=1, routed)           0.634     0.861    clk_IBUF
    BUFGCTRL_X0Y16       BUFG (Prop_bufg_I_O)         0.026     0.887 r  clk_IBUF_BUFG_inst/O
                         net (fo=88, routed)          0.589     1.475    clk_IBUF_BUFG
    SLICE_X61Y59         FDCE                                         r  date_tens_reg[1]/C
  -------------------------------------------------------------------    -------------------
    SLICE_X61Y59         FDCE (Prop_fdce_C_Q)         0.141     1.616 r  date_tens_reg[1]/Q
                         net (fo=6, routed)           0.225     1.841    date_tens_reg_n_0_[1]
    SLICE_X64Y59         LUT6 (Prop_lut6_I4_O)        0.045     1.886 r  date_tens[2]_i_1/O
                         net (fo=1, routed)           0.000     1.886    date_tens[2]_i_1_n_0
    SLICE_X64Y59         FDCE                                         r  date_tens_reg[2]/D
  -------------------------------------------------------------------    -------------------

                         (clock sys_clk rise edge)    0.000     0.000 r  
    F14                                               0.000     0.000 r  clk (IN)
                         net (fo=0)                   0.000     0.000    clk
    F14                  IBUF (Prop_ibuf_I_O)         0.414     0.414 r  clk_IBUF_inst/O
                         net (fo=1, routed)           0.689     1.103    clk_IBUF
    BUFGCTRL_X0Y16       BUFG (Prop_bufg_I_O)         0.029     1.132 r  clk_IBUF_BUFG_inst/O
                         net (fo=88, routed)          0.860     1.992    clk_IBUF_BUFG
    SLICE_X64Y59         FDCE                                         r  date_tens_reg[2]/C
                         clock pessimism             -0.479     1.513    
    SLICE_X64Y59         FDCE (Hold_fdce_C_D)         0.120     1.633    date_tens_reg[2]
  -------------------------------------------------------------------
                         required time                         -1.633    
                         arrival time                           1.886    
  -------------------------------------------------------------------
                         slack                                  0.253    

Slack (MET) :             0.261ns  (arrival time - required time)
  Source:                 sec_ones_reg[0]/C
                            (rising edge-triggered cell FDCE clocked by sys_clk  {rise@0.000ns fall@5.000ns period=10.000ns})
  Destination:            sec_ones_reg[3]/D
                            (rising edge-triggered cell FDCE clocked by sys_clk  {rise@0.000ns fall@5.000ns period=10.000ns})
  Path Group:             sys_clk
  Path Type:              Hold (Min at Fast Process Corner)
  Requirement:            0.000ns  (sys_clk rise@0.000ns - sys_clk rise@0.000ns)
  Data Path Delay:        0.392ns  (logic 0.212ns (54.020%)  route 0.180ns (45.980%))
  Logic Levels:           1  (LUT4=1)
  Clock Path Skew:        0.000ns (DCD - SCD - CPR)
    Destination Clock Delay (DCD):    1.989ns
    Source Clock Delay      (SCD):    1.474ns
    Clock Pessimism Removal (CPR):    0.515ns

    Location             Delay type                Incr(ns)  Path(ns)    Netlist Resource(s)
  -------------------------------------------------------------------    -------------------
                         (clock sys_clk rise edge)    0.000     0.000 r  
    F14                                               0.000     0.000 r  clk (IN)
                         net (fo=0)                   0.000     0.000    clk
    F14                  IBUF (Prop_ibuf_I_O)         0.226     0.226 r  clk_IBUF_inst/O
                         net (fo=1, routed)           0.634     0.861    clk_IBUF
    BUFGCTRL_X0Y16       BUFG (Prop_bufg_I_O)         0.026     0.887 r  clk_IBUF_BUFG_inst/O
                         net (fo=88, routed)          0.588     1.474    clk_IBUF_BUFG
    SLICE_X60Y60         FDCE                                         r  sec_ones_reg[0]/C
  -------------------------------------------------------------------    -------------------
    SLICE_X60Y60         FDCE (Prop_fdce_C_Q)         0.164     1.638 r  sec_ones_reg[0]/Q
                         net (fo=7, routed)           0.180     1.819    sec_ones_reg_n_0_[0]
    SLICE_X60Y60         LUT4 (Prop_lut4_I1_O)        0.048     1.867 r  sec_ones[3]_i_1/O
                         net (fo=1, routed)           0.000     1.867    sec_ones[3]_i_1_n_0
    SLICE_X60Y60         FDCE                                         r  sec_ones_reg[3]/D
  -------------------------------------------------------------------    -------------------

                         (clock sys_clk rise edge)    0.000     0.000 r  
    F14                                               0.000     0.000 r  clk (IN)
                         net (fo=0)                   0.000     0.000    clk
    F14                  IBUF (Prop_ibuf_I_O)         0.414     0.414 r  clk_IBUF_inst/O
                         net (fo=1, routed)           0.689     1.103    clk_IBUF
    BUFGCTRL_X0Y16       BUFG (Prop_bufg_I_O)         0.029     1.132 r  clk_IBUF_BUFG_inst/O
                         net (fo=88, routed)          0.858     1.989    clk_IBUF_BUFG
    SLICE_X60Y60         FDCE                                         r  sec_ones_reg[3]/C
                         clock pessimism             -0.515     1.474    
    SLICE_X60Y60         FDCE (Hold_fdce_C_D)         0.131     1.605    sec_ones_reg[3]
  -------------------------------------------------------------------
                         required time                         -1.605    
                         arrival time                           1.867    
  -------------------------------------------------------------------
                         slack                                  0.261    

Slack (MET) :             0.263ns  (arrival time - required time)
  Source:                 hr_tens_reg[0]/C
                            (rising edge-triggered cell FDCE clocked by sys_clk  {rise@0.000ns fall@5.000ns period=10.000ns})
  Destination:            hr_tens_reg[0]/D
                            (rising edge-triggered cell FDCE clocked by sys_clk  {rise@0.000ns fall@5.000ns period=10.000ns})
  Path Group:             sys_clk
  Path Type:              Hold (Min at Fast Process Corner)
  Requirement:            0.000ns  (sys_clk rise@0.000ns - sys_clk rise@0.000ns)
  Data Path Delay:        0.355ns  (logic 0.186ns (52.418%)  route 0.169ns (47.582%))
  Logic Levels:           1  (LUT6=1)
  Clock Path Skew:        0.000ns (DCD - SCD - CPR)
    Destination Clock Delay (DCD):    1.987ns
    Source Clock Delay      (SCD):    1.473ns
    Clock Pessimism Removal (CPR):    0.514ns

    Location             Delay type                Incr(ns)  Path(ns)    Netlist Resource(s)
  -------------------------------------------------------------------    -------------------
                         (clock sys_clk rise edge)    0.000     0.000 r  
    F14                                               0.000     0.000 r  clk (IN)
                         net (fo=0)                   0.000     0.000    clk
    F14                  IBUF (Prop_ibuf_I_O)         0.226     0.226 r  clk_IBUF_inst/O
                         net (fo=1, routed)           0.634     0.861    clk_IBUF
    BUFGCTRL_X0Y16       BUFG (Prop_bufg_I_O)         0.026     0.887 r  clk_IBUF_BUFG_inst/O
                         net (fo=88, routed)          0.587     1.473    clk_IBUF_BUFG
    SLICE_X61Y62         FDCE                                         r  hr_tens_reg[0]/C
  -------------------------------------------------------------------    -------------------
    SLICE_X61Y62         FDCE (Prop_fdce_C_Q)         0.141     1.614 f  hr_tens_reg[0]/Q
                         net (fo=8, routed)           0.169     1.783    hr_tens_reg_n_0_[0]
    SLICE_X61Y62         LUT6 (Prop_lut6_I5_O)        0.045     1.828 r  hr_tens[0]_i_1/O
                         net (fo=1, routed)           0.000     1.828    hr_tens[0]_i_1_n_0
    SLICE_X61Y62         FDCE                                         r  hr_tens_reg[0]/D
  -------------------------------------------------------------------    -------------------

                         (clock sys_clk rise edge)    0.000     0.000 r  
    F14                                               0.000     0.000 r  clk (IN)
                         net (fo=0)                   0.000     0.000    clk
    F14                  IBUF (Prop_ibuf_I_O)         0.414     0.414 r  clk_IBUF_inst/O
                         net (fo=1, routed)           0.689     1.103    clk_IBUF
    BUFGCTRL_X0Y16       BUFG (Prop_bufg_I_O)         0.029     1.132 r  clk_IBUF_BUFG_inst/O
                         net (fo=88, routed)          0.856     1.987    clk_IBUF_BUFG
    SLICE_X61Y62         FDCE                                         r  hr_tens_reg[0]/C
                         clock pessimism             -0.514     1.473    
    SLICE_X61Y62         FDCE (Hold_fdce_C_D)         0.092     1.565    hr_tens_reg[0]
  -------------------------------------------------------------------
                         required time                         -1.565    
                         arrival time                           1.828    
  -------------------------------------------------------------------
                         slack                                  0.263    

Slack (MET) :             0.264ns  (arrival time - required time)
  Source:                 FSM_onehot_state_reg[1]/C
                            (rising edge-triggered cell FDCE clocked by sys_clk  {rise@0.000ns fall@5.000ns period=10.000ns})
  Destination:            FSM_onehot_state_reg[0]/D
                            (rising edge-triggered cell FDPE clocked by sys_clk  {rise@0.000ns fall@5.000ns period=10.000ns})
  Path Group:             sys_clk
  Path Type:              Hold (Min at Fast Process Corner)
  Requirement:            0.000ns  (sys_clk rise@0.000ns - sys_clk rise@0.000ns)
  Data Path Delay:        0.356ns  (logic 0.186ns (52.203%)  route 0.170ns (47.797%))
  Logic Levels:           1  (LUT3=1)
  Clock Path Skew:        0.000ns (DCD - SCD - CPR)
    Destination Clock Delay (DCD):    1.992ns
    Source Clock Delay      (SCD):    1.476ns
    Clock Pessimism Removal (CPR):    0.516ns

    Location             Delay type                Incr(ns)  Path(ns)    Netlist Resource(s)
  -------------------------------------------------------------------    -------------------
                         (clock sys_clk rise edge)    0.000     0.000 r  
    F14                                               0.000     0.000 r  clk (IN)
                         net (fo=0)                   0.000     0.000    clk
    F14                  IBUF (Prop_ibuf_I_O)         0.226     0.226 r  clk_IBUF_inst/O
                         net (fo=1, routed)           0.634     0.861    clk_IBUF
    BUFGCTRL_X0Y16       BUFG (Prop_bufg_I_O)         0.026     0.887 r  clk_IBUF_BUFG_inst/O
                         net (fo=88, routed)          0.590     1.476    clk_IBUF_BUFG
    SLICE_X63Y57         FDCE                                         r  FSM_onehot_state_reg[1]/C
  -------------------------------------------------------------------    -------------------
    SLICE_X63Y57         FDCE (Prop_fdce_C_Q)         0.141     1.617 r  FSM_onehot_state_reg[1]/Q
                         net (fo=9, routed)           0.170     1.788    s2_out_OBUF
    SLICE_X63Y57         LUT3 (Prop_lut3_I0_O)        0.045     1.833 r  FSM_onehot_state[0]_i_1/O
                         net (fo=1, routed)           0.000     1.833    FSM_onehot_state[0]_i_1_n_0
    SLICE_X63Y57         FDPE                                         r  FSM_onehot_state_reg[0]/D
  -------------------------------------------------------------------    -------------------

                         (clock sys_clk rise edge)    0.000     0.000 r  
    F14                                               0.000     0.000 r  clk (IN)
                         net (fo=0)                   0.000     0.000    clk
    F14                  IBUF (Prop_ibuf_I_O)         0.414     0.414 r  clk_IBUF_inst/O
                         net (fo=1, routed)           0.689     1.103    clk_IBUF
    BUFGCTRL_X0Y16       BUFG (Prop_bufg_I_O)         0.029     1.132 r  clk_IBUF_BUFG_inst/O
                         net (fo=88, routed)          0.860     1.992    clk_IBUF_BUFG
    SLICE_X63Y57         FDPE                                         r  FSM_onehot_state_reg[0]/C
                         clock pessimism             -0.516     1.476    
    SLICE_X63Y57         FDPE (Hold_fdpe_C_D)         0.092     1.568    FSM_onehot_state_reg[0]
  -------------------------------------------------------------------
                         required time                         -1.568    
                         arrival time                           1.833    
  -------------------------------------------------------------------
                         slack                                  0.264    

Slack (MET) :             0.265ns  (arrival time - required time)
  Source:                 sec_ones_reg[0]/C
                            (rising edge-triggered cell FDCE clocked by sys_clk  {rise@0.000ns fall@5.000ns period=10.000ns})
  Destination:            sec_ones_reg[1]/D
                            (rising edge-triggered cell FDCE clocked by sys_clk  {rise@0.000ns fall@5.000ns period=10.000ns})
  Path Group:             sys_clk
  Path Type:              Hold (Min at Fast Process Corner)
  Requirement:            0.000ns  (sys_clk rise@0.000ns - sys_clk rise@0.000ns)
  Data Path Delay:        0.385ns  (logic 0.209ns (54.223%)  route 0.176ns (45.777%))
  Logic Levels:           1  (LUT4=1)
  Clock Path Skew:        0.000ns (DCD - SCD - CPR)
    Destination Clock Delay (DCD):    1.989ns
    Source Clock Delay      (SCD):    1.474ns
    Clock Pessimism Removal (CPR):    0.515ns

    Location             Delay type                Incr(ns)  Path(ns)    Netlist Resource(s)
  -------------------------------------------------------------------    -------------------
                         (clock sys_clk rise edge)    0.000     0.000 r  
    F14                                               0.000     0.000 r  clk (IN)
                         net (fo=0)                   0.000     0.000    clk
    F14                  IBUF (Prop_ibuf_I_O)         0.226     0.226 r  clk_IBUF_inst/O
                         net (fo=1, routed)           0.634     0.861    clk_IBUF
    BUFGCTRL_X0Y16       BUFG (Prop_bufg_I_O)         0.026     0.887 r  clk_IBUF_BUFG_inst/O
                         net (fo=88, routed)          0.588     1.474    clk_IBUF_BUFG
    SLICE_X60Y60         FDCE                                         r  sec_ones_reg[0]/C
  -------------------------------------------------------------------    -------------------
    SLICE_X60Y60         FDCE (Prop_fdce_C_Q)         0.164     1.638 r  sec_ones_reg[0]/Q
                         net (fo=7, routed)           0.176     1.815    sec_ones_reg_n_0_[0]
    SLICE_X60Y60         LUT4 (Prop_lut4_I3_O)        0.045     1.860 r  sec_ones[1]_i_1/O
                         net (fo=1, routed)           0.000     1.860    sec_ones[1]_i_1_n_0
    SLICE_X60Y60         FDCE                                         r  sec_ones_reg[1]/D
  -------------------------------------------------------------------    -------------------

                         (clock sys_clk rise edge)    0.000     0.000 r  
    F14                                               0.000     0.000 r  clk (IN)
                         net (fo=0)                   0.000     0.000    clk
    F14                  IBUF (Prop_ibuf_I_O)         0.414     0.414 r  clk_IBUF_inst/O
                         net (fo=1, routed)           0.689     1.103    clk_IBUF
    BUFGCTRL_X0Y16       BUFG (Prop_bufg_I_O)         0.029     1.132 r  clk_IBUF_BUFG_inst/O
                         net (fo=88, routed)          0.858     1.989    clk_IBUF_BUFG
    SLICE_X60Y60         FDCE                                         r  sec_ones_reg[1]/C
                         clock pessimism             -0.515     1.474    
    SLICE_X60Y60         FDCE (Hold_fdce_C_D)         0.120     1.594    sec_ones_reg[1]
  -------------------------------------------------------------------
                         required time                         -1.594    
                         arrival time                           1.860    
  -------------------------------------------------------------------
                         slack                                  0.265    

Slack (MET) :             0.267ns  (arrival time - required time)
  Source:                 min_tens_reg[3]/C
                            (rising edge-triggered cell FDCE clocked by sys_clk  {rise@0.000ns fall@5.000ns period=10.000ns})
  Destination:            min_tens_reg[3]/D
                            (rising edge-triggered cell FDCE clocked by sys_clk  {rise@0.000ns fall@5.000ns period=10.000ns})
  Path Group:             sys_clk
  Path Type:              Hold (Min at Fast Process Corner)
  Requirement:            0.000ns  (sys_clk rise@0.000ns - sys_clk rise@0.000ns)
  Data Path Delay:        0.359ns  (logic 0.186ns (51.801%)  route 0.173ns (48.199%))
  Logic Levels:           1  (LUT4=1)
  Clock Path Skew:        0.000ns (DCD - SCD - CPR)
    Destination Clock Delay (DCD):    1.989ns
    Source Clock Delay      (SCD):    1.474ns
    Clock Pessimism Removal (CPR):    0.515ns

    Location             Delay type                Incr(ns)  Path(ns)    Netlist Resource(s)
  -------------------------------------------------------------------    -------------------
                         (clock sys_clk rise edge)    0.000     0.000 r  
    F14                                               0.000     0.000 r  clk (IN)
                         net (fo=0)                   0.000     0.000    clk
    F14                  IBUF (Prop_ibuf_I_O)         0.226     0.226 r  clk_IBUF_inst/O
                         net (fo=1, routed)           0.634     0.861    clk_IBUF
    BUFGCTRL_X0Y16       BUFG (Prop_bufg_I_O)         0.026     0.887 r  clk_IBUF_BUFG_inst/O
                         net (fo=88, routed)          0.588     1.474    clk_IBUF_BUFG
    SLICE_X58Y61         FDCE                                         r  min_tens_reg[3]/C
  -------------------------------------------------------------------    -------------------
    SLICE_X58Y61         FDCE (Prop_fdce_C_Q)         0.141     1.615 r  min_tens_reg[3]/Q
                         net (fo=4, routed)           0.173     1.788    min_tens_reg_n_0_[3]
    SLICE_X58Y61         LUT4 (Prop_lut4_I0_O)        0.045     1.833 r  min_tens[3]_i_2/O
                         net (fo=1, routed)           0.000     1.833    min_tens[3]_i_2_n_0
    SLICE_X58Y61         FDCE                                         r  min_tens_reg[3]/D
  -------------------------------------------------------------------    -------------------

                         (clock sys_clk rise edge)    0.000     0.000 r  
    F14                                               0.000     0.000 r  clk (IN)
                         net (fo=0)                   0.000     0.000    clk
    F14                  IBUF (Prop_ibuf_I_O)         0.414     0.414 r  clk_IBUF_inst/O
                         net (fo=1, routed)           0.689     1.103    clk_IBUF
    BUFGCTRL_X0Y16       BUFG (Prop_bufg_I_O)         0.029     1.132 r  clk_IBUF_BUFG_inst/O
                         net (fo=88, routed)          0.858     1.989    clk_IBUF_BUFG
    SLICE_X58Y61         FDCE                                         r  min_tens_reg[3]/C
                         clock pessimism             -0.515     1.474    
    SLICE_X58Y61         FDCE (Hold_fdce_C_D)         0.092     1.566    min_tens_reg[3]
  -------------------------------------------------------------------
                         required time                         -1.566    
                         arrival time                           1.833    
  -------------------------------------------------------------------
                         slack                                  0.267    

Slack (MET) :             0.268ns  (arrival time - required time)
  Source:                 sec_ones_reg[0]/C
                            (rising edge-triggered cell FDCE clocked by sys_clk  {rise@0.000ns fall@5.000ns period=10.000ns})
  Destination:            sec_ones_reg[2]/D
                            (rising edge-triggered cell FDCE clocked by sys_clk  {rise@0.000ns fall@5.000ns period=10.000ns})
  Path Group:             sys_clk
  Path Type:              Hold (Min at Fast Process Corner)
  Requirement:            0.000ns  (sys_clk rise@0.000ns - sys_clk rise@0.000ns)
  Data Path Delay:        0.389ns  (logic 0.209ns (53.666%)  route 0.180ns (46.334%))
  Logic Levels:           1  (LUT3=1)
  Clock Path Skew:        0.000ns (DCD - SCD - CPR)
    Destination Clock Delay (DCD):    1.989ns
    Source Clock Delay      (SCD):    1.474ns
    Clock Pessimism Removal (CPR):    0.515ns

    Location             Delay type                Incr(ns)  Path(ns)    Netlist Resource(s)
  -------------------------------------------------------------------    -------------------
                         (clock sys_clk rise edge)    0.000     0.000 r  
    F14                                               0.000     0.000 r  clk (IN)
                         net (fo=0)                   0.000     0.000    clk
    F14                  IBUF (Prop_ibuf_I_O)         0.226     0.226 r  clk_IBUF_inst/O
                         net (fo=1, routed)           0.634     0.861    clk_IBUF
    BUFGCTRL_X0Y16       BUFG (Prop_bufg_I_O)         0.026     0.887 r  clk_IBUF_BUFG_inst/O
                         net (fo=88, routed)          0.588     1.474    clk_IBUF_BUFG
    SLICE_X60Y60         FDCE                                         r  sec_ones_reg[0]/C
  -------------------------------------------------------------------    -------------------
    SLICE_X60Y60         FDCE (Prop_fdce_C_Q)         0.164     1.638 r  sec_ones_reg[0]/Q
                         net (fo=7, routed)           0.180     1.819    sec_ones_reg_n_0_[0]
    SLICE_X60Y60         LUT3 (Prop_lut3_I1_O)        0.045     1.864 r  sec_ones[2]_i_1/O
                         net (fo=1, routed)           0.000     1.864    sec_ones[2]_i_1_n_0
    SLICE_X60Y60         FDCE                                         r  sec_ones_reg[2]/D
  -------------------------------------------------------------------    -------------------

                         (clock sys_clk rise edge)    0.000     0.000 r  
    F14                                               0.000     0.000 r  clk (IN)
                         net (fo=0)                   0.000     0.000    clk
    F14                  IBUF (Prop_ibuf_I_O)         0.414     0.414 r  clk_IBUF_inst/O
                         net (fo=1, routed)           0.689     1.103    clk_IBUF
    BUFGCTRL_X0Y16       BUFG (Prop_bufg_I_O)         0.029     1.132 r  clk_IBUF_BUFG_inst/O
                         net (fo=88, routed)          0.858     1.989    clk_IBUF_BUFG
    SLICE_X60Y60         FDCE                                         r  sec_ones_reg[2]/C
                         clock pessimism             -0.515     1.474    
    SLICE_X60Y60         FDCE (Hold_fdce_C_D)         0.121     1.595    sec_ones_reg[2]
  -------------------------------------------------------------------
                         required time                         -1.595    
                         arrival time                           1.864    
  -------------------------------------------------------------------
                         slack                                  0.268    





Pulse Width Checks
--------------------------------------------------------------------------------------
Clock Name:         sys_clk
Waveform(ns):       { 0.000 5.000 }
Period(ns):         10.000
Sources:            { clk }

Check Type        Corner  Lib Pin  Reference Pin  Required(ns)  Actual(ns)  Slack(ns)  Location        Pin
Min Period        n/a     BUFG/I   n/a            2.155         10.000      7.845      BUFGCTRL_X0Y16  clk_IBUF_BUFG_inst/I
Min Period        n/a     FDPE/C   n/a            1.000         10.000      9.000      SLICE_X63Y57    FSM_onehot_state_reg[0]/C
Min Period        n/a     FDCE/C   n/a            1.000         10.000      9.000      SLICE_X63Y57    FSM_onehot_state_reg[1]/C
Min Period        n/a     FDCE/C   n/a            1.000         10.000      9.000      SLICE_X63Y57    FSM_onehot_state_reg[2]/C
Min Period        n/a     FDCE/C   n/a            1.000         10.000      9.000      SLICE_X63Y50    clock_count_reg[0]/C
Min Period        n/a     FDCE/C   n/a            1.000         10.000      9.000      SLICE_X63Y52    clock_count_reg[10]/C
Min Period        n/a     FDCE/C   n/a            1.000         10.000      9.000      SLICE_X65Y52    clock_count_reg[11]/C
Min Period        n/a     FDCE/C   n/a            1.000         10.000      9.000      SLICE_X65Y52    clock_count_reg[12]/C
Min Period        n/a     FDCE/C   n/a            1.000         10.000      9.000      SLICE_X65Y53    clock_count_reg[13]/C
Min Period        n/a     FDCE/C   n/a            1.000         10.000      9.000      SLICE_X65Y53    clock_count_reg[14]/C
Low Pulse Width   Slow    FDPE/C   n/a            0.500         5.000       4.500      SLICE_X63Y57    FSM_onehot_state_reg[0]/C
Low Pulse Width   Fast    FDPE/C   n/a            0.500         5.000       4.500      SLICE_X63Y57    FSM_onehot_state_reg[0]/C
Low Pulse Width   Slow    FDCE/C   n/a            0.500         5.000       4.500      SLICE_X63Y57    FSM_onehot_state_reg[1]/C
Low Pulse Width   Fast    FDCE/C   n/a            0.500         5.000       4.500      SLICE_X63Y57    FSM_onehot_state_reg[1]/C
Low Pulse Width   Slow    FDCE/C   n/a            0.500         5.000       4.500      SLICE_X63Y57    FSM_onehot_state_reg[2]/C
Low Pulse Width   Fast    FDCE/C   n/a            0.500         5.000       4.500      SLICE_X63Y57    FSM_onehot_state_reg[2]/C
Low Pulse Width   Slow    FDCE/C   n/a            0.500         5.000       4.500      SLICE_X63Y50    clock_count_reg[0]/C
Low Pulse Width   Fast    FDCE/C   n/a            0.500         5.000       4.500      SLICE_X63Y50    clock_count_reg[0]/C
Low Pulse Width   Slow    FDCE/C   n/a            0.500         5.000       4.500      SLICE_X63Y52    clock_count_reg[10]/C
Low Pulse Width   Fast    FDCE/C   n/a            0.500         5.000       4.500      SLICE_X63Y52    clock_count_reg[10]/C
High Pulse Width  Slow    FDPE/C   n/a            0.500         5.000       4.500      SLICE_X63Y57    FSM_onehot_state_reg[0]/C
High Pulse Width  Fast    FDPE/C   n/a            0.500         5.000       4.500      SLICE_X63Y57    FSM_onehot_state_reg[0]/C
High Pulse Width  Slow    FDCE/C   n/a            0.500         5.000       4.500      SLICE_X63Y57    FSM_onehot_state_reg[1]/C
High Pulse Width  Fast    FDCE/C   n/a            0.500         5.000       4.500      SLICE_X63Y57    FSM_onehot_state_reg[1]/C
High Pulse Width  Slow    FDCE/C   n/a            0.500         5.000       4.500      SLICE_X63Y57    FSM_onehot_state_reg[2]/C
High Pulse Width  Fast    FDCE/C   n/a            0.500         5.000       4.500      SLICE_X63Y57    FSM_onehot_state_reg[2]/C
High Pulse Width  Slow    FDCE/C   n/a            0.500         5.000       4.500      SLICE_X63Y50    clock_count_reg[0]/C
High Pulse Width  Fast    FDCE/C   n/a            0.500         5.000       4.500      SLICE_X63Y50    clock_count_reg[0]/C
High Pulse Width  Slow    FDCE/C   n/a            0.500         5.000       4.500      SLICE_X63Y52    clock_count_reg[10]/C
High Pulse Width  Fast    FDCE/C   n/a            0.500         5.000       4.500      SLICE_X63Y52    clock_count_reg[10]/C



--------------------------------------------------------------------------------------
Path Group:  (none)
From Clock:  
  To Clock:  

Max Delay            25 Endpoints
Min Delay            25 Endpoints
--------------------------------------------------------------------------------------


Max Delay Paths
--------------------------------------------------------------------------------------
Slack:                    inf
  Source:                 decision
                            (input port)
  Destination:            AN[4]
                            (output port)
  Path Group:             (none)
  Path Type:              Max at Slow Process Corner
  Data Path Delay:        10.861ns  (logic 5.104ns (46.989%)  route 5.758ns (53.011%))
  Logic Levels:           3  (IBUF=1 LUT4=1 OBUF=1)

    Location             Delay type                Incr(ns)  Path(ns)    Netlist Resource(s)
  -------------------------------------------------------------------    -------------------
    V2                                                0.000     0.000 r  decision (IN)
                         net (fo=0)                   0.000     0.000    decision
    V2                   IBUF (Prop_ibuf_I_O)         1.461     1.461 r  decision_IBUF_inst/O
                         net (fo=27, routed)          3.254     4.715    display_unit/decision_IBUF
    SLICE_X64Y62         LUT4 (Prop_lut4_I3_O)        0.124     4.839 r  display_unit/AN_OBUF[4]_inst_i_1/O
                         net (fo=1, routed)           2.503     7.342    AN_OBUF[4]
    D5                   OBUF (Prop_obuf_I_O)         3.519    10.861 r  AN_OBUF[4]_inst/O
                         net (fo=0)                   0.000    10.861    AN[4]
    D5                                                                r  AN[4] (OUT)
  -------------------------------------------------------------------    -------------------

Slack:                    inf
  Source:                 decision
                            (input port)
  Destination:            AN[5]
                            (output port)
  Path Group:             (none)
  Path Type:              Max at Slow Process Corner
  Data Path Delay:        10.542ns  (logic 5.109ns (48.462%)  route 5.433ns (51.538%))
  Logic Levels:           3  (IBUF=1 LUT4=1 OBUF=1)

    Location             Delay type                Incr(ns)  Path(ns)    Netlist Resource(s)
  -------------------------------------------------------------------    -------------------
    V2                                                0.000     0.000 r  decision (IN)
                         net (fo=0)                   0.000     0.000    decision
    V2                   IBUF (Prop_ibuf_I_O)         1.461     1.461 r  decision_IBUF_inst/O
                         net (fo=27, routed)          2.941     4.401    display_unit/decision_IBUF
    SLICE_X63Y62         LUT4 (Prop_lut4_I3_O)        0.124     4.525 r  display_unit/AN_OBUF[5]_inst_i_1/O
                         net (fo=1, routed)           2.492     7.018    AN_OBUF[5]
    C4                   OBUF (Prop_obuf_I_O)         3.524    10.542 r  AN_OBUF[5]_inst/O
                         net (fo=0)                   0.000    10.542    AN[5]
    C4                                                                r  AN[5] (OUT)
  -------------------------------------------------------------------    -------------------

Slack:                    inf
  Source:                 decision
                            (input port)
  Destination:            AN[3]
                            (output port)
  Path Group:             (none)
  Path Type:              Max at Slow Process Corner
  Data Path Delay:        10.234ns  (logic 5.335ns (52.133%)  route 4.899ns (47.867%))
  Logic Levels:           3  (IBUF=1 LUT4=1 OBUF=1)

    Location             Delay type                Incr(ns)  Path(ns)    Netlist Resource(s)
  -------------------------------------------------------------------    -------------------
    V2                                                0.000     0.000 r  decision (IN)
                         net (fo=0)                   0.000     0.000    decision
    V2                   IBUF (Prop_ibuf_I_O)         1.461     1.461 r  decision_IBUF_inst/O
                         net (fo=27, routed)          2.980     4.441    display_unit/decision_IBUF
    SLICE_X64Y62         LUT4 (Prop_lut4_I0_O)        0.148     4.589 r  display_unit/AN_OBUF[3]_inst_i_1/O
                         net (fo=1, routed)           1.918     6.507    AN_OBUF[3]
    E4                   OBUF (Prop_obuf_I_O)         3.727    10.234 r  AN_OBUF[3]_inst/O
                         net (fo=0)                   0.000    10.234    AN[3]
    E4                                                                r  AN[3] (OUT)
  -------------------------------------------------------------------    -------------------

Slack:                    inf
  Source:                 decision
                            (input port)
  Destination:            AN[2]
                            (output port)
  Path Group:             (none)
  Path Type:              Max at Slow Process Corner
  Data Path Delay:        9.722ns  (logic 5.113ns (52.591%)  route 4.609ns (47.409%))
  Logic Levels:           3  (IBUF=1 LUT4=1 OBUF=1)

    Location             Delay type                Incr(ns)  Path(ns)    Netlist Resource(s)
  -------------------------------------------------------------------    -------------------
    V2                                                0.000     0.000 r  decision (IN)
                         net (fo=0)                   0.000     0.000    decision
    V2                   IBUF (Prop_ibuf_I_O)         1.461     1.461 r  decision_IBUF_inst/O
                         net (fo=27, routed)          2.745     4.206    display_unit/decision_IBUF
    SLICE_X64Y62         LUT4 (Prop_lut4_I0_O)        0.124     4.330 r  display_unit/AN_OBUF[2]_inst_i_1/O
                         net (fo=1, routed)           1.864     6.194    AN_OBUF[2]
    F3                   OBUF (Prop_obuf_I_O)         3.528     9.722 r  AN_OBUF[2]_inst/O
                         net (fo=0)                   0.000     9.722    AN[2]
    F3                                                                r  AN[2] (OUT)
  -------------------------------------------------------------------    -------------------

Slack:                    inf
  Source:                 display_unit/display_bcd_reg[1]/G
                            (positive level-sensitive latch)
  Destination:            seg1[3]
                            (output port)
  Path Group:             (none)
  Path Type:              Max at Slow Process Corner
  Data Path Delay:        8.700ns  (logic 4.743ns (54.515%)  route 3.957ns (45.485%))
  Logic Levels:           3  (LDCE=1 LUT4=1 OBUF=1)

    Location             Delay type                Incr(ns)  Path(ns)    Netlist Resource(s)
  -------------------------------------------------------------------    -------------------
    SLICE_X64Y63         LDCE                         0.000     0.000 r  display_unit/display_bcd_reg[1]/G
    SLICE_X64Y63         LDCE (EnToQ_ldce_G_Q)        0.827     0.827 r  display_unit/display_bcd_reg[1]/Q
                         net (fo=7, routed)           1.029     1.856    display_unit/decoder/Q[1]
    SLICE_X64Y64         LUT4 (Prop_lut4_I3_O)        0.152     2.008 r  display_unit/decoder/seg_OBUF[3]_inst_i_1/O
                         net (fo=2, routed)           2.928     4.936    seg1_OBUF[3]
    B7                   OBUF (Prop_obuf_I_O)         3.764     8.700 r  seg1_OBUF[3]_inst/O
                         net (fo=0)                   0.000     8.700    seg1[3]
    B7                                                                r  seg1[3] (OUT)
  -------------------------------------------------------------------    -------------------

Slack:                    inf
  Source:                 display_unit/display_bcd_reg[1]/G
                            (positive level-sensitive latch)
  Destination:            seg1[1]
                            (output port)
  Path Group:             (none)
  Path Type:              Max at Slow Process Corner
  Data Path Delay:        8.597ns  (logic 4.699ns (54.656%)  route 3.898ns (45.344%))
  Logic Levels:           3  (LDCE=1 LUT4=1 OBUF=1)

    Location             Delay type                Incr(ns)  Path(ns)    Netlist Resource(s)
  -------------------------------------------------------------------    -------------------
    SLICE_X64Y63         LDCE                         0.000     0.000 r  display_unit/display_bcd_reg[1]/G
    SLICE_X64Y63         LDCE (EnToQ_ldce_G_Q)        0.827     0.827 r  display_unit/display_bcd_reg[1]/Q
                         net (fo=7, routed)           1.039     1.866    display_unit/decoder/Q[1]
    SLICE_X64Y64         LUT4 (Prop_lut4_I2_O)        0.150     2.016 r  display_unit/decoder/seg_OBUF[1]_inst_i_1/O
                         net (fo=2, routed)           2.859     4.875    seg1_OBUF[1]
    C5                   OBUF (Prop_obuf_I_O)         3.722     8.597 r  seg1_OBUF[1]_inst/O
                         net (fo=0)                   0.000     8.597    seg1[1]
    C5                                                                r  seg1[1] (OUT)
  -------------------------------------------------------------------    -------------------

Slack:                    inf
  Source:                 display_unit/display_bcd_reg[2]/G
                            (positive level-sensitive latch)
  Destination:            seg1[5]
                            (output port)
  Path Group:             (none)
  Path Type:              Max at Slow Process Corner
  Data Path Delay:        8.251ns  (logic 4.636ns (56.180%)  route 3.616ns (43.820%))
  Logic Levels:           3  (LDCE=1 LUT4=1 OBUF=1)

    Location             Delay type                Incr(ns)  Path(ns)    Netlist Resource(s)
  -------------------------------------------------------------------    -------------------
    SLICE_X62Y63         LDCE                         0.000     0.000 r  display_unit/display_bcd_reg[2]/G
    SLICE_X62Y63         LDCE (EnToQ_ldce_G_Q)        0.761     0.761 r  display_unit/display_bcd_reg[2]/Q
                         net (fo=7, routed)           0.971     1.732    display_unit/decoder/Q[2]
    SLICE_X64Y64         LUT4 (Prop_lut4_I1_O)        0.153     1.885 r  display_unit/decoder/seg_OBUF[5]_inst_i_1/O
                         net (fo=2, routed)           2.644     4.530    seg1_OBUF[5]
    D6                   OBUF (Prop_obuf_I_O)         3.722     8.251 r  seg1_OBUF[5]_inst/O
                         net (fo=0)                   0.000     8.251    seg1[5]
    D6                                                                r  seg1[5] (OUT)
  -------------------------------------------------------------------    -------------------

Slack:                    inf
  Source:                 display_unit/display_bcd_reg[1]/G
                            (positive level-sensitive latch)
  Destination:            seg1[0]
                            (output port)
  Path Group:             (none)
  Path Type:              Max at Slow Process Corner
  Data Path Delay:        8.246ns  (logic 4.477ns (54.287%)  route 3.770ns (45.713%))
  Logic Levels:           3  (LDCE=1 LUT4=1 OBUF=1)

    Location             Delay type                Incr(ns)  Path(ns)    Netlist Resource(s)
  -------------------------------------------------------------------    -------------------
    SLICE_X64Y63         LDCE                         0.000     0.000 r  display_unit/display_bcd_reg[1]/G
    SLICE_X64Y63         LDCE (EnToQ_ldce_G_Q)        0.827     0.827 r  display_unit/display_bcd_reg[1]/Q
                         net (fo=7, routed)           1.039     1.866    display_unit/decoder/Q[1]
    SLICE_X64Y64         LUT4 (Prop_lut4_I3_O)        0.124     1.990 r  display_unit/decoder/seg_OBUF[0]_inst_i_1/O
                         net (fo=2, routed)           2.730     4.721    seg1_OBUF[0]
    D7                   OBUF (Prop_obuf_I_O)         3.526     8.246 r  seg1_OBUF[0]_inst/O
                         net (fo=0)                   0.000     8.246    seg1[0]
    D7                                                                r  seg1[0] (OUT)
  -------------------------------------------------------------------    -------------------

Slack:                    inf
  Source:                 display_unit/display_bcd_reg[2]/G
                            (positive level-sensitive latch)
  Destination:            seg1[6]
                            (output port)
  Path Group:             (none)
  Path Type:              Max at Slow Process Corner
  Data Path Delay:        8.246ns  (logic 4.405ns (53.413%)  route 3.842ns (46.587%))
  Logic Levels:           3  (LDCE=1 LUT4=1 OBUF=1)

    Location             Delay type                Incr(ns)  Path(ns)    Netlist Resource(s)
  -------------------------------------------------------------------    -------------------
    SLICE_X62Y63         LDCE                         0.000     0.000 r  display_unit/display_bcd_reg[2]/G
    SLICE_X62Y63         LDCE (EnToQ_ldce_G_Q)        0.761     0.761 r  display_unit/display_bcd_reg[2]/Q
                         net (fo=7, routed)           0.985     1.746    display_unit/decoder/Q[2]
    SLICE_X64Y64         LUT4 (Prop_lut4_I2_O)        0.124     1.870 r  display_unit/decoder/seg_OBUF[6]_inst_i_1/O
                         net (fo=2, routed)           2.856     4.727    seg1_OBUF[6]
    B5                   OBUF (Prop_obuf_I_O)         3.520     8.246 r  seg1_OBUF[6]_inst/O
                         net (fo=0)                   0.000     8.246    seg1[6]
    B5                                                                r  seg1[6] (OUT)
  -------------------------------------------------------------------    -------------------

Slack:                    inf
  Source:                 display_unit/display_bcd_reg[2]/G
                            (positive level-sensitive latch)
  Destination:            seg1[4]
                            (output port)
  Path Group:             (none)
  Path Type:              Max at Slow Process Corner
  Data Path Delay:        8.214ns  (logic 4.420ns (53.809%)  route 3.794ns (46.191%))
  Logic Levels:           3  (LDCE=1 LUT4=1 OBUF=1)

    Location             Delay type                Incr(ns)  Path(ns)    Netlist Resource(s)
  -------------------------------------------------------------------    -------------------
    SLICE_X62Y63         LDCE                         0.000     0.000 r  display_unit/display_bcd_reg[2]/G
    SLICE_X62Y63         LDCE (EnToQ_ldce_G_Q)        0.761     0.761 r  display_unit/display_bcd_reg[2]/Q
                         net (fo=7, routed)           0.971     1.732    display_unit/decoder/Q[2]
    SLICE_X64Y64         LUT4 (Prop_lut4_I2_O)        0.124     1.856 r  display_unit/decoder/seg_OBUF[4]_inst_i_1/O
                         net (fo=2, routed)           2.823     4.679    seg1_OBUF[4]
    A7                   OBUF (Prop_obuf_I_O)         3.535     8.214 r  seg1_OBUF[4]_inst/O
                         net (fo=0)                   0.000     8.214    seg1[4]
    A7                                                                r  seg1[4] (OUT)
  -------------------------------------------------------------------    -------------------





Min Delay Paths
--------------------------------------------------------------------------------------
Slack:                    inf
  Source:                 decision
                            (input port)
  Destination:            display_unit/display_bcd_reg[1]/D
  Path Group:             (none)
  Path Type:              Min at Fast Process Corner
  Data Path Delay:        1.717ns  (logic 0.319ns (18.555%)  route 1.399ns (81.445%))
  Logic Levels:           3  (IBUF=1 LUT5=2)

    Location             Delay type                Incr(ns)  Path(ns)    Netlist Resource(s)
  -------------------------------------------------------------------    -------------------
    V2                                                0.000     0.000 f  decision (IN)
                         net (fo=0)                   0.000     0.000    decision
    V2                   IBUF (Prop_ibuf_I_O)         0.229     0.229 f  decision_IBUF_inst/O
                         net (fo=27, routed)          1.089     1.317    display_unit/decision_IBUF
    SLICE_X64Y60         LUT5 (Prop_lut5_I1_O)        0.045     1.362 r  display_unit/display_bcd_reg[1]_i_2/O
                         net (fo=1, routed)           0.153     1.515    display_unit/display_bcd_reg[1]_i_2_n_0
    SLICE_X63Y62         LUT5 (Prop_lut5_I4_O)        0.045     1.560 r  display_unit/display_bcd_reg[1]_i_1/O
                         net (fo=1, routed)           0.157     1.717    display_unit/display_bcd_reg[1]_i_1_n_0
    SLICE_X64Y63         LDCE                                         r  display_unit/display_bcd_reg[1]/D
  -------------------------------------------------------------------    -------------------

Slack:                    inf
  Source:                 decision
                            (input port)
  Destination:            display_unit/dp_reg/D
  Path Group:             (none)
  Path Type:              Min at Fast Process Corner
  Data Path Delay:        1.742ns  (logic 0.274ns (15.706%)  route 1.469ns (84.294%))
  Logic Levels:           2  (IBUF=1 LUT4=1)

    Location             Delay type                Incr(ns)  Path(ns)    Netlist Resource(s)
  -------------------------------------------------------------------    -------------------
    V2                                                0.000     0.000 f  decision (IN)
                         net (fo=0)                   0.000     0.000    decision
    V2                   IBUF (Prop_ibuf_I_O)         0.229     0.229 f  decision_IBUF_inst/O
                         net (fo=27, routed)          1.349     1.578    display_unit/decision_IBUF
    SLICE_X64Y62         LUT4 (Prop_lut4_I0_O)        0.045     1.623 r  display_unit/dp_reg_i_1/O
                         net (fo=1, routed)           0.119     1.742    display_unit/dp_reg_i_1_n_0
    SLICE_X64Y62         LDCE                                         r  display_unit/dp_reg/D
  -------------------------------------------------------------------    -------------------

Slack:                    inf
  Source:                 decision
                            (input port)
  Destination:            display_unit/display_bcd_reg[2]/D
  Path Group:             (none)
  Path Type:              Min at Fast Process Corner
  Data Path Delay:        1.862ns  (logic 0.319ns (17.115%)  route 1.543ns (82.885%))
  Logic Levels:           3  (IBUF=1 LUT5=2)

    Location             Delay type                Incr(ns)  Path(ns)    Netlist Resource(s)
  -------------------------------------------------------------------    -------------------
    V2                                                0.000     0.000 f  decision (IN)
                         net (fo=0)                   0.000     0.000    decision
    V2                   IBUF (Prop_ibuf_I_O)         0.229     0.229 f  decision_IBUF_inst/O
                         net (fo=27, routed)          1.080     1.309    display_unit/decision_IBUF
    SLICE_X61Y60         LUT5 (Prop_lut5_I1_O)        0.045     1.354 r  display_unit/display_bcd_reg[2]_i_2/O
                         net (fo=1, routed)           0.341     1.695    display_unit/display_bcd_reg[2]_i_2_n_0
    SLICE_X62Y63         LUT5 (Prop_lut5_I4_O)        0.045     1.740 r  display_unit/display_bcd_reg[2]_i_1/O
                         net (fo=1, routed)           0.122     1.862    display_unit/display_bcd_reg[2]_i_1_n_0
    SLICE_X62Y63         LDCE                                         r  display_unit/display_bcd_reg[2]/D
  -------------------------------------------------------------------    -------------------

Slack:                    inf
  Source:                 decision
                            (input port)
  Destination:            display_unit/display_bcd_reg[0]/D
  Path Group:             (none)
  Path Type:              Min at Fast Process Corner
  Data Path Delay:        1.862ns  (logic 0.319ns (17.112%)  route 1.544ns (82.888%))
  Logic Levels:           3  (IBUF=1 LUT5=2)

    Location             Delay type                Incr(ns)  Path(ns)    Netlist Resource(s)
  -------------------------------------------------------------------    -------------------
    V2                                                0.000     0.000 f  decision (IN)
                         net (fo=0)                   0.000     0.000    decision
    V2                   IBUF (Prop_ibuf_I_O)         0.229     0.229 f  decision_IBUF_inst/O
                         net (fo=27, routed)          1.081     1.310    display_unit/decision_IBUF
    SLICE_X61Y60         LUT5 (Prop_lut5_I1_O)        0.045     1.355 r  display_unit/display_bcd_reg[0]_i_2/O
                         net (fo=1, routed)           0.287     1.642    display_unit/display_bcd_reg[0]_i_2_n_0
    SLICE_X62Y63         LUT5 (Prop_lut5_I4_O)        0.045     1.687 r  display_unit/display_bcd_reg[0]_i_1/O
                         net (fo=1, routed)           0.176     1.862    display_unit/display_bcd_reg[0]_i_1_n_0
    SLICE_X64Y63         LDCE                                         r  display_unit/display_bcd_reg[0]/D
  -------------------------------------------------------------------    -------------------

Slack:                    inf
  Source:                 decision
                            (input port)
  Destination:            display_unit/display_bcd_reg[3]/D
  Path Group:             (none)
  Path Type:              Min at Fast Process Corner
  Data Path Delay:        1.966ns  (logic 0.319ns (16.209%)  route 1.647ns (83.791%))
  Logic Levels:           3  (IBUF=1 LUT5=2)

    Location             Delay type                Incr(ns)  Path(ns)    Netlist Resource(s)
  -------------------------------------------------------------------    -------------------
    V2                                                0.000     0.000 f  decision (IN)
                         net (fo=0)                   0.000     0.000    decision
    V2                   IBUF (Prop_ibuf_I_O)         0.229     0.229 f  decision_IBUF_inst/O
                         net (fo=27, routed)          1.250     1.479    display_unit/decision_IBUF
    SLICE_X61Y60         LUT5 (Prop_lut5_I1_O)        0.045     1.524 r  display_unit/display_bcd_reg[3]_i_3/O
                         net (fo=1, routed)           0.281     1.805    display_unit/display_bcd_reg[3]_i_3_n_0
    SLICE_X62Y63         LUT5 (Prop_lut5_I4_O)        0.045     1.850 r  display_unit/display_bcd_reg[3]_i_1/O
                         net (fo=1, routed)           0.116     1.966    display_unit/display_bcd_reg[3]_i_1_n_0
    SLICE_X62Y63         LDCE                                         r  display_unit/display_bcd_reg[3]/D
  -------------------------------------------------------------------    -------------------

Slack:                    inf
  Source:                 display_unit/display_bcd_reg[2]/G
                            (positive level-sensitive latch)
  Destination:            seg[2]
                            (output port)
  Path Group:             (none)
  Path Type:              Min at Fast Process Corner
  Data Path Delay:        2.043ns  (logic 1.510ns (73.906%)  route 0.533ns (26.094%))
  Logic Levels:           3  (LDCE=1 LUT4=1 OBUF=1)

    Location             Delay type                Incr(ns)  Path(ns)    Netlist Resource(s)
  -------------------------------------------------------------------    -------------------
    SLICE_X62Y63         LDCE                         0.000     0.000 r  display_unit/display_bcd_reg[2]/G
    SLICE_X62Y63         LDCE (EnToQ_ldce_G_Q)        0.220     0.220 r  display_unit/display_bcd_reg[2]/Q
                         net (fo=7, routed)           0.157     0.377    display_unit/decoder/Q[2]
    SLICE_X64Y64         LUT4 (Prop_lut4_I3_O)        0.045     0.422 r  display_unit/decoder/seg_OBUF[2]_inst_i_1/O
                         net (fo=2, routed)           0.376     0.798    seg1_OBUF[2]
    D2                   OBUF (Prop_obuf_I_O)         1.245     2.043 r  seg_OBUF[2]_inst/O
                         net (fo=0)                   0.000     2.043    seg[2]
    D2                                                                r  seg[2] (OUT)
  -------------------------------------------------------------------    -------------------

Slack:                    inf
  Source:                 display_unit/display_bcd_reg[1]/G
                            (positive level-sensitive latch)
  Destination:            seg[6]
                            (output port)
  Path Group:             (none)
  Path Type:              Min at Fast Process Corner
  Data Path Delay:        2.095ns  (logic 1.506ns (71.885%)  route 0.589ns (28.115%))
  Logic Levels:           3  (LDCE=1 LUT4=1 OBUF=1)

    Location             Delay type                Incr(ns)  Path(ns)    Netlist Resource(s)
  -------------------------------------------------------------------    -------------------
    SLICE_X64Y63         LDCE                         0.000     0.000 r  display_unit/display_bcd_reg[1]/G
    SLICE_X64Y63         LDCE (EnToQ_ldce_G_Q)        0.240     0.240 r  display_unit/display_bcd_reg[1]/Q
                         net (fo=7, routed)           0.117     0.357    display_unit/decoder/Q[1]
    SLICE_X64Y64         LUT4 (Prop_lut4_I3_O)        0.045     0.402 r  display_unit/decoder/seg_OBUF[6]_inst_i_1/O
                         net (fo=2, routed)           0.472     0.874    seg1_OBUF[6]
    D1                   OBUF (Prop_obuf_I_O)         1.221     2.095 r  seg_OBUF[6]_inst/O
                         net (fo=0)                   0.000     2.095    seg[6]
    D1                                                                r  seg[6] (OUT)
  -------------------------------------------------------------------    -------------------

Slack:                    inf
  Source:                 display_unit/display_bcd_reg[2]/G
                            (positive level-sensitive latch)
  Destination:            seg[1]
                            (output port)
  Path Group:             (none)
  Path Type:              Min at Fast Process Corner
  Data Path Delay:        2.107ns  (logic 1.524ns (72.325%)  route 0.583ns (27.675%))
  Logic Levels:           3  (LDCE=1 LUT4=1 OBUF=1)

    Location             Delay type                Incr(ns)  Path(ns)    Netlist Resource(s)
  -------------------------------------------------------------------    -------------------
    SLICE_X62Y63         LDCE                         0.000     0.000 r  display_unit/display_bcd_reg[2]/G
    SLICE_X62Y63         LDCE (EnToQ_ldce_G_Q)        0.220     0.220 r  display_unit/display_bcd_reg[2]/Q
                         net (fo=7, routed)           0.153     0.373    display_unit/decoder/Q[2]
    SLICE_X64Y64         LUT4 (Prop_lut4_I1_O)        0.048     0.421 r  display_unit/decoder/seg_OBUF[1]_inst_i_1/O
                         net (fo=2, routed)           0.430     0.851    seg1_OBUF[1]
    J3                   OBUF (Prop_obuf_I_O)         1.256     2.107 r  seg_OBUF[1]_inst/O
                         net (fo=0)                   0.000     2.107    seg[1]
    J3                                                                r  seg[1] (OUT)
  -------------------------------------------------------------------    -------------------

Slack:                    inf
  Source:                 display_unit/display_bcd_reg[2]/G
                            (positive level-sensitive latch)
  Destination:            seg[0]
                            (output port)
  Path Group:             (none)
  Path Type:              Min at Fast Process Corner
  Data Path Delay:        2.157ns  (logic 1.491ns (69.097%)  route 0.667ns (30.903%))
  Logic Levels:           3  (LDCE=1 LUT4=1 OBUF=1)

    Location             Delay type                Incr(ns)  Path(ns)    Netlist Resource(s)
  -------------------------------------------------------------------    -------------------
    SLICE_X62Y63         LDCE                         0.000     0.000 r  display_unit/display_bcd_reg[2]/G
    SLICE_X62Y63         LDCE (EnToQ_ldce_G_Q)        0.220     0.220 r  display_unit/display_bcd_reg[2]/Q
                         net (fo=7, routed)           0.153     0.373    display_unit/decoder/Q[2]
    SLICE_X64Y64         LUT4 (Prop_lut4_I1_O)        0.045     0.418 r  display_unit/decoder/seg_OBUF[0]_inst_i_1/O
                         net (fo=2, routed)           0.513     0.932    seg1_OBUF[0]
    F4                   OBUF (Prop_obuf_I_O)         1.226     2.157 r  seg_OBUF[0]_inst/O
                         net (fo=0)                   0.000     2.157    seg[0]
    F4                                                                r  seg[0] (OUT)
  -------------------------------------------------------------------    -------------------

Slack:                    inf
  Source:                 display_unit/display_bcd_reg[2]/G
                            (positive level-sensitive latch)
  Destination:            seg1[2]
                            (output port)
  Path Group:             (none)
  Path Type:              Min at Fast Process Corner
  Data Path Delay:        2.240ns  (logic 1.509ns (67.352%)  route 0.731ns (32.648%))
  Logic Levels:           3  (LDCE=1 LUT4=1 OBUF=1)

    Location             Delay type                Incr(ns)  Path(ns)    Netlist Resource(s)
  -------------------------------------------------------------------    -------------------
    SLICE_X62Y63         LDCE                         0.000     0.000 r  display_unit/display_bcd_reg[2]/G
    SLICE_X62Y63         LDCE (EnToQ_ldce_G_Q)        0.220     0.220 r  display_unit/display_bcd_reg[2]/Q
                         net (fo=7, routed)           0.157     0.377    display_unit/decoder/Q[2]
    SLICE_X64Y64         LUT4 (Prop_lut4_I3_O)        0.045     0.422 r  display_unit/decoder/seg_OBUF[2]_inst_i_1/O
                         net (fo=2, routed)           0.574     0.996    seg1_OBUF[2]
    A5                   OBUF (Prop_obuf_I_O)         1.244     2.240 r  seg1_OBUF[2]_inst/O
                         net (fo=0)                   0.000     2.240    seg1[2]
    A5                                                                r  seg1[2] (OUT)
  -------------------------------------------------------------------    -------------------





--------------------------------------------------------------------------------------
Path Group:  (none)
From Clock:  sys_clk
  To Clock:  

Max Delay            13 Endpoints
Min Delay            13 Endpoints
--------------------------------------------------------------------------------------


Max Delay Paths
--------------------------------------------------------------------------------------
Slack:                    inf
  Source:                 display_unit/clk_div_reg[14]/C
                            (rising edge-triggered cell FDCE clocked by sys_clk  {rise@0.000ns fall@5.000ns period=10.000ns})
  Destination:            AN[4]
                            (output port)
  Path Group:             (none)
  Path Type:              Max at Slow Process Corner
  Data Path Delay:        7.617ns  (logic 4.099ns (53.815%)  route 3.518ns (46.185%))
  Logic Levels:           2  (LUT4=1 OBUF=1)
  Clock Uncertainty:      0.025ns  ((TSJ^2 + TIJ^2)^1/2 + DJ) / 2 + PE
    Total System Jitter     (TSJ):    0.050ns
    Total Input Jitter      (TIJ):    0.000ns
    Discrete Jitter          (DJ):    0.000ns
    Phase Error              (PE):    0.000ns

    Location             Delay type                Incr(ns)  Path(ns)    Netlist Resource(s)
  -------------------------------------------------------------------    -------------------
                         (clock sys_clk rise edge)    0.000     0.000 r  
    F14                                               0.000     0.000 r  clk (IN)
                         net (fo=0)                   0.000     0.000    clk
    F14                  IBUF (Prop_ibuf_I_O)         1.458     1.458 r  clk_IBUF_inst/O
                         net (fo=1, routed)           1.972     3.430    clk_IBUF
    BUFGCTRL_X0Y16       BUFG (Prop_bufg_I_O)         0.096     3.526 r  clk_IBUF_BUFG_inst/O
                         net (fo=88, routed)          1.620     5.146    display_unit/CLK
    SLICE_X62Y62         FDCE                                         r  display_unit/clk_div_reg[14]/C
  -------------------------------------------------------------------    -------------------
    SLICE_X62Y62         FDCE (Prop_fdce_C_Q)         0.456     5.602 r  display_unit/clk_div_reg[14]/Q
                         net (fo=22, routed)          1.015     6.617    display_unit/display_selection[1]
    SLICE_X64Y62         LUT4 (Prop_lut4_I1_O)        0.124     6.741 r  display_unit/AN_OBUF[4]_inst_i_1/O
                         net (fo=1, routed)           2.503     9.244    AN_OBUF[4]
    D5                   OBUF (Prop_obuf_I_O)         3.519    12.763 r  AN_OBUF[4]_inst/O
                         net (fo=0)                   0.000    12.763    AN[4]
    D5                                                                r  AN[4] (OUT)
  -------------------------------------------------------------------    -------------------

Slack:                    inf
  Source:                 display_unit/clk_div_reg[15]/C
                            (rising edge-triggered cell FDCE clocked by sys_clk  {rise@0.000ns fall@5.000ns period=10.000ns})
  Destination:            AN[3]
                            (output port)
  Path Group:             (none)
  Path Type:              Max at Slow Process Corner
  Data Path Delay:        7.434ns  (logic 4.333ns (58.284%)  route 3.101ns (41.716%))
  Logic Levels:           2  (LUT4=1 OBUF=1)
  Clock Uncertainty:      0.025ns  ((TSJ^2 + TIJ^2)^1/2 + DJ) / 2 + PE
    Total System Jitter     (TSJ):    0.050ns
    Total Input Jitter      (TIJ):    0.000ns
    Discrete Jitter          (DJ):    0.000ns
    Phase Error              (PE):    0.000ns

    Location             Delay type                Incr(ns)  Path(ns)    Netlist Resource(s)
  -------------------------------------------------------------------    -------------------
                         (clock sys_clk rise edge)    0.000     0.000 r  
    F14                                               0.000     0.000 r  clk (IN)
                         net (fo=0)                   0.000     0.000    clk
    F14                  IBUF (Prop_ibuf_I_O)         1.458     1.458 r  clk_IBUF_inst/O
                         net (fo=1, routed)           1.972     3.430    clk_IBUF
    BUFGCTRL_X0Y16       BUFG (Prop_bufg_I_O)         0.096     3.526 r  clk_IBUF_BUFG_inst/O
                         net (fo=88, routed)          1.620     5.146    display_unit/CLK
    SLICE_X62Y62         FDCE                                         r  display_unit/clk_div_reg[15]/C
  -------------------------------------------------------------------    -------------------
    SLICE_X62Y62         FDCE (Prop_fdce_C_Q)         0.456     5.602 r  display_unit/clk_div_reg[15]/Q
                         net (fo=14, routed)          1.183     6.785    display_unit/display_selection[2]
    SLICE_X64Y62         LUT4 (Prop_lut4_I2_O)        0.150     6.935 r  display_unit/AN_OBUF[3]_inst_i_1/O
                         net (fo=1, routed)           1.918     8.853    AN_OBUF[3]
    E4                   OBUF (Prop_obuf_I_O)         3.727    12.580 r  AN_OBUF[3]_inst/O
                         net (fo=0)                   0.000    12.580    AN[3]
    E4                                                                r  AN[3] (OUT)
  -------------------------------------------------------------------    -------------------

Slack:                    inf
  Source:                 display_unit/clk_div_reg[15]/C
                            (rising edge-triggered cell FDCE clocked by sys_clk  {rise@0.000ns fall@5.000ns period=10.000ns})
  Destination:            AN[5]
                            (output port)
  Path Group:             (none)
  Path Type:              Max at Slow Process Corner
  Data Path Delay:        7.324ns  (logic 4.104ns (56.037%)  route 3.220ns (43.963%))
  Logic Levels:           2  (LUT4=1 OBUF=1)
  Clock Uncertainty:      0.025ns  ((TSJ^2 + TIJ^2)^1/2 + DJ) / 2 + PE
    Total System Jitter     (TSJ):    0.050ns
    Total Input Jitter      (TIJ):    0.000ns
    Discrete Jitter          (DJ):    0.000ns
    Phase Error              (PE):    0.000ns

    Location             Delay type                Incr(ns)  Path(ns)    Netlist Resource(s)
  -------------------------------------------------------------------    -------------------
                         (clock sys_clk rise edge)    0.000     0.000 r  
    F14                                               0.000     0.000 r  clk (IN)
                         net (fo=0)                   0.000     0.000    clk
    F14                  IBUF (Prop_ibuf_I_O)         1.458     1.458 r  clk_IBUF_inst/O
                         net (fo=1, routed)           1.972     3.430    clk_IBUF
    BUFGCTRL_X0Y16       BUFG (Prop_bufg_I_O)         0.096     3.526 r  clk_IBUF_BUFG_inst/O
                         net (fo=88, routed)          1.620     5.146    display_unit/CLK
    SLICE_X62Y62         FDCE                                         r  display_unit/clk_div_reg[15]/C
  -------------------------------------------------------------------    -------------------
    SLICE_X62Y62         FDCE (Prop_fdce_C_Q)         0.456     5.602 f  display_unit/clk_div_reg[15]/Q
                         net (fo=14, routed)          0.728     6.330    display_unit/display_selection[2]
    SLICE_X63Y62         LUT4 (Prop_lut4_I2_O)        0.124     6.454 r  display_unit/AN_OBUF[5]_inst_i_1/O
                         net (fo=1, routed)           2.492     8.946    AN_OBUF[5]
    C4                   OBUF (Prop_obuf_I_O)         3.524    12.470 r  AN_OBUF[5]_inst/O
                         net (fo=0)                   0.000    12.470    AN[5]
    C4                                                                r  AN[5] (OUT)
  -------------------------------------------------------------------    -------------------

Slack:                    inf
  Source:                 display_unit/clk_div_reg[14]/C
                            (rising edge-triggered cell FDCE clocked by sys_clk  {rise@0.000ns fall@5.000ns period=10.000ns})
  Destination:            AN[2]
                            (output port)
  Path Group:             (none)
  Path Type:              Max at Slow Process Corner
  Data Path Delay:        6.970ns  (logic 4.108ns (58.945%)  route 2.862ns (41.055%))
  Logic Levels:           2  (LUT4=1 OBUF=1)
  Clock Uncertainty:      0.025ns  ((TSJ^2 + TIJ^2)^1/2 + DJ) / 2 + PE
    Total System Jitter     (TSJ):    0.050ns
    Total Input Jitter      (TIJ):    0.000ns
    Discrete Jitter          (DJ):    0.000ns
    Phase Error              (PE):    0.000ns

    Location             Delay type                Incr(ns)  Path(ns)    Netlist Resource(s)
  -------------------------------------------------------------------    -------------------
                         (clock sys_clk rise edge)    0.000     0.000 r  
    F14                                               0.000     0.000 r  clk (IN)
                         net (fo=0)                   0.000     0.000    clk
    F14                  IBUF (Prop_ibuf_I_O)         1.458     1.458 r  clk_IBUF_inst/O
                         net (fo=1, routed)           1.972     3.430    clk_IBUF
    BUFGCTRL_X0Y16       BUFG (Prop_bufg_I_O)         0.096     3.526 r  clk_IBUF_BUFG_inst/O
                         net (fo=88, routed)          1.620     5.146    display_unit/CLK
    SLICE_X62Y62         FDCE                                         r  display_unit/clk_div_reg[14]/C
  -------------------------------------------------------------------    -------------------
    SLICE_X62Y62         FDCE (Prop_fdce_C_Q)         0.456     5.602 f  display_unit/clk_div_reg[14]/Q
                         net (fo=22, routed)          0.998     6.600    display_unit/display_selection[1]
    SLICE_X64Y62         LUT4 (Prop_lut4_I1_O)        0.124     6.724 r  display_unit/AN_OBUF[2]_inst_i_1/O
                         net (fo=1, routed)           1.864     8.587    AN_OBUF[2]
    F3                   OBUF (Prop_obuf_I_O)         3.528    12.116 r  AN_OBUF[2]_inst/O
                         net (fo=0)                   0.000    12.116    AN[2]
    F3                                                                r  AN[2] (OUT)
  -------------------------------------------------------------------    -------------------

Slack:                    inf
  Source:                 display_unit/clk_div_reg[14]/C
                            (rising edge-triggered cell FDCE clocked by sys_clk  {rise@0.000ns fall@5.000ns period=10.000ns})
  Destination:            AN[0]
                            (output port)
  Path Group:             (none)
  Path Type:              Max at Slow Process Corner
  Data Path Delay:        6.929ns  (logic 4.091ns (59.047%)  route 2.838ns (40.953%))
  Logic Levels:           2  (LUT3=1 OBUF=1)
  Clock Uncertainty:      0.025ns  ((TSJ^2 + TIJ^2)^1/2 + DJ) / 2 + PE
    Total System Jitter     (TSJ):    0.050ns
    Total Input Jitter      (TIJ):    0.000ns
    Discrete Jitter          (DJ):    0.000ns
    Phase Error              (PE):    0.000ns

    Location             Delay type                Incr(ns)  Path(ns)    Netlist Resource(s)
  -------------------------------------------------------------------    -------------------
                         (clock sys_clk rise edge)    0.000     0.000 r  
    F14                                               0.000     0.000 r  clk (IN)
                         net (fo=0)                   0.000     0.000    clk
    F14                  IBUF (Prop_ibuf_I_O)         1.458     1.458 r  clk_IBUF_inst/O
                         net (fo=1, routed)           1.972     3.430    clk_IBUF
    BUFGCTRL_X0Y16       BUFG (Prop_bufg_I_O)         0.096     3.526 r  clk_IBUF_BUFG_inst/O
                         net (fo=88, routed)          1.620     5.146    display_unit/CLK
    SLICE_X62Y62         FDCE                                         r  display_unit/clk_div_reg[14]/C
  -------------------------------------------------------------------    -------------------
    SLICE_X62Y62         FDCE (Prop_fdce_C_Q)         0.456     5.602 r  display_unit/clk_div_reg[14]/Q
                         net (fo=22, routed)          1.034     6.636    display_unit/display_selection[1]
    SLICE_X64Y62         LUT3 (Prop_lut3_I2_O)        0.124     6.760 r  display_unit/AN_OBUF[0]_inst_i_1/O
                         net (fo=1, routed)           1.804     8.563    AN_OBUF[0]
    H3                   OBUF (Prop_obuf_I_O)         3.511    12.075 r  AN_OBUF[0]_inst/O
                         net (fo=0)                   0.000    12.075    AN[0]
    H3                                                                r  AN[0] (OUT)
  -------------------------------------------------------------------    -------------------

Slack:                    inf
  Source:                 display_unit/clk_div_reg[15]/C
                            (rising edge-triggered cell FDCE clocked by sys_clk  {rise@0.000ns fall@5.000ns period=10.000ns})
  Destination:            AN[1]
                            (output port)
  Path Group:             (none)
  Path Type:              Max at Slow Process Corner
  Data Path Delay:        6.920ns  (logic 4.071ns (58.838%)  route 2.848ns (41.162%))
  Logic Levels:           2  (LUT3=1 OBUF=1)
  Clock Uncertainty:      0.025ns  ((TSJ^2 + TIJ^2)^1/2 + DJ) / 2 + PE
    Total System Jitter     (TSJ):    0.050ns
    Total Input Jitter      (TIJ):    0.000ns
    Discrete Jitter          (DJ):    0.000ns
    Phase Error              (PE):    0.000ns

    Location             Delay type                Incr(ns)  Path(ns)    Netlist Resource(s)
  -------------------------------------------------------------------    -------------------
                         (clock sys_clk rise edge)    0.000     0.000 r  
    F14                                               0.000     0.000 r  clk (IN)
                         net (fo=0)                   0.000     0.000    clk
    F14                  IBUF (Prop_ibuf_I_O)         1.458     1.458 r  clk_IBUF_inst/O
                         net (fo=1, routed)           1.972     3.430    clk_IBUF
    BUFGCTRL_X0Y16       BUFG (Prop_bufg_I_O)         0.096     3.526 r  clk_IBUF_BUFG_inst/O
                         net (fo=88, routed)          1.620     5.146    display_unit/CLK
    SLICE_X62Y62         FDCE                                         r  display_unit/clk_div_reg[15]/C
  -------------------------------------------------------------------    -------------------
    SLICE_X62Y62         FDCE (Prop_fdce_C_Q)         0.456     5.602 r  display_unit/clk_div_reg[15]/Q
                         net (fo=14, routed)          1.183     6.785    display_unit/display_selection[2]
    SLICE_X64Y62         LUT3 (Prop_lut3_I0_O)        0.124     6.909 r  display_unit/AN_OBUF[1]_inst_i_1/O
                         net (fo=1, routed)           1.666     8.574    AN_OBUF[1]
    J4                   OBUF (Prop_obuf_I_O)         3.491    12.066 r  AN_OBUF[1]_inst/O
                         net (fo=0)                   0.000    12.066    AN[1]
    J4                                                                r  AN[1] (OUT)
  -------------------------------------------------------------------    -------------------

Slack:                    inf
  Source:                 FSM_onehot_state_reg[1]/C
                            (rising edge-triggered cell FDCE clocked by sys_clk  {rise@0.000ns fall@5.000ns period=10.000ns})
  Destination:            s2_out
                            (output port)
  Path Group:             (none)
  Path Type:              Max at Slow Process Corner
  Data Path Delay:        5.863ns  (logic 3.976ns (67.816%)  route 1.887ns (32.184%))
  Logic Levels:           1  (OBUF=1)
  Clock Uncertainty:      0.025ns  ((TSJ^2 + TIJ^2)^1/2 + DJ) / 2 + PE
    Total System Jitter     (TSJ):    0.050ns
    Total Input Jitter      (TIJ):    0.000ns
    Discrete Jitter          (DJ):    0.000ns
    Phase Error              (PE):    0.000ns

    Location             Delay type                Incr(ns)  Path(ns)    Netlist Resource(s)
  -------------------------------------------------------------------    -------------------
                         (clock sys_clk rise edge)    0.000     0.000 r  
    F14                                               0.000     0.000 r  clk (IN)
                         net (fo=0)                   0.000     0.000    clk
    F14                  IBUF (Prop_ibuf_I_O)         1.458     1.458 r  clk_IBUF_inst/O
                         net (fo=1, routed)           1.972     3.430    clk_IBUF
    BUFGCTRL_X0Y16       BUFG (Prop_bufg_I_O)         0.096     3.526 r  clk_IBUF_BUFG_inst/O
                         net (fo=88, routed)          1.623     5.149    clk_IBUF_BUFG
    SLICE_X63Y57         FDCE                                         r  FSM_onehot_state_reg[1]/C
  -------------------------------------------------------------------    -------------------
    SLICE_X63Y57         FDCE (Prop_fdce_C_Q)         0.456     5.605 r  FSM_onehot_state_reg[1]/Q
                         net (fo=9, routed)           1.887     7.492    s2_out_OBUF
    G2                   OBUF (Prop_obuf_I_O)         3.520    11.012 r  s2_out_OBUF_inst/O
                         net (fo=0)                   0.000    11.012    s2_out
    G2                                                                r  s2_out (OUT)
  -------------------------------------------------------------------    -------------------

Slack:                    inf
  Source:                 FSM_onehot_state_reg[2]/C
                            (rising edge-triggered cell FDCE clocked by sys_clk  {rise@0.000ns fall@5.000ns period=10.000ns})
  Destination:            s1_out
                            (output port)
  Path Group:             (none)
  Path Type:              Max at Slow Process Corner
  Data Path Delay:        5.793ns  (logic 4.114ns (71.019%)  route 1.679ns (28.981%))
  Logic Levels:           1  (OBUF=1)
  Clock Uncertainty:      0.025ns  ((TSJ^2 + TIJ^2)^1/2 + DJ) / 2 + PE
    Total System Jitter     (TSJ):    0.050ns
    Total Input Jitter      (TIJ):    0.000ns
    Discrete Jitter          (DJ):    0.000ns
    Phase Error              (PE):    0.000ns

    Location             Delay type                Incr(ns)  Path(ns)    Netlist Resource(s)
  -------------------------------------------------------------------    -------------------
                         (clock sys_clk rise edge)    0.000     0.000 r  
    F14                                               0.000     0.000 r  clk (IN)
                         net (fo=0)                   0.000     0.000    clk
    F14                  IBUF (Prop_ibuf_I_O)         1.458     1.458 r  clk_IBUF_inst/O
                         net (fo=1, routed)           1.972     3.430    clk_IBUF
    BUFGCTRL_X0Y16       BUFG (Prop_bufg_I_O)         0.096     3.526 r  clk_IBUF_BUFG_inst/O
                         net (fo=88, routed)          1.623     5.149    clk_IBUF_BUFG
    SLICE_X63Y57         FDCE                                         r  FSM_onehot_state_reg[2]/C
  -------------------------------------------------------------------    -------------------
    SLICE_X63Y57         FDCE (Prop_fdce_C_Q)         0.419     5.568 r  FSM_onehot_state_reg[2]/Q
                         net (fo=9, routed)           1.679     7.247    s1_out_OBUF
    G1                   OBUF (Prop_obuf_I_O)         3.695    10.942 r  s1_out_OBUF_inst/O
                         net (fo=0)                   0.000    10.942    s1_out
    G1                                                                r  s1_out (OUT)
  -------------------------------------------------------------------    -------------------

Slack:                    inf
  Source:                 display_unit/clk_div_reg[14]/C
                            (rising edge-triggered cell FDCE clocked by sys_clk  {rise@0.000ns fall@5.000ns period=10.000ns})
  Destination:            display_unit/display_bcd_reg[2]/D
  Path Group:             (none)
  Path Type:              Max at Slow Process Corner
  Data Path Delay:        4.318ns  (logic 0.828ns (19.175%)  route 3.490ns (80.825%))
  Logic Levels:           3  (LUT5=2 LUT6=1)
  Clock Uncertainty:      0.025ns  ((TSJ^2 + TIJ^2)^1/2 + DJ) / 2 + PE
    Total System Jitter     (TSJ):    0.050ns
    Total Input Jitter      (TIJ):    0.000ns
    Discrete Jitter          (DJ):    0.000ns
    Phase Error              (PE):    0.000ns

    Location             Delay type                Incr(ns)  Path(ns)    Netlist Resource(s)
  -------------------------------------------------------------------    -------------------
                         (clock sys_clk rise edge)    0.000     0.000 r  
    F14                                               0.000     0.000 r  clk (IN)
                         net (fo=0)                   0.000     0.000    clk
    F14                  IBUF (Prop_ibuf_I_O)         1.458     1.458 r  clk_IBUF_inst/O
                         net (fo=1, routed)           1.972     3.430    clk_IBUF
    BUFGCTRL_X0Y16       BUFG (Prop_bufg_I_O)         0.096     3.526 r  clk_IBUF_BUFG_inst/O
                         net (fo=88, routed)          1.620     5.146    display_unit/CLK
    SLICE_X62Y62         FDCE                                         r  display_unit/clk_div_reg[14]/C
  -------------------------------------------------------------------    -------------------
    SLICE_X62Y62         FDCE (Prop_fdce_C_Q)         0.456     5.602 r  display_unit/clk_div_reg[14]/Q
                         net (fo=22, routed)          1.356     6.958    display_unit/display_selection[1]
    SLICE_X58Y60         LUT6 (Prop_lut6_I2_O)        0.124     7.082 r  display_unit/display_bcd_reg[2]_i_4/O
                         net (fo=1, routed)           0.789     7.871    display_unit/display_bcd_reg[2]_i_4_n_0
    SLICE_X61Y60         LUT5 (Prop_lut5_I4_O)        0.124     7.995 r  display_unit/display_bcd_reg[2]_i_2/O
                         net (fo=1, routed)           0.960     8.955    display_unit/display_bcd_reg[2]_i_2_n_0
    SLICE_X62Y63         LUT5 (Prop_lut5_I4_O)        0.124     9.079 r  display_unit/display_bcd_reg[2]_i_1/O
                         net (fo=1, routed)           0.385     9.464    display_unit/display_bcd_reg[2]_i_1_n_0
    SLICE_X62Y63         LDCE                                         r  display_unit/display_bcd_reg[2]/D
  -------------------------------------------------------------------    -------------------

Slack:                    inf
  Source:                 date_tens_reg[0]/C
                            (rising edge-triggered cell FDCE clocked by sys_clk  {rise@0.000ns fall@5.000ns period=10.000ns})
  Destination:            display_unit/display_bcd_reg[0]/D
  Path Group:             (none)
  Path Type:              Max at Slow Process Corner
  Data Path Delay:        4.180ns  (logic 0.890ns (21.291%)  route 3.290ns (78.709%))
  Logic Levels:           3  (LUT5=2 LUT6=1)
  Clock Uncertainty:      0.025ns  ((TSJ^2 + TIJ^2)^1/2 + DJ) / 2 + PE
    Total System Jitter     (TSJ):    0.050ns
    Total Input Jitter      (TIJ):    0.000ns
    Discrete Jitter          (DJ):    0.000ns
    Phase Error              (PE):    0.000ns

    Location             Delay type                Incr(ns)  Path(ns)    Netlist Resource(s)
  -------------------------------------------------------------------    -------------------
                         (clock sys_clk rise edge)    0.000     0.000 r  
    F14                                               0.000     0.000 r  clk (IN)
                         net (fo=0)                   0.000     0.000    clk
    F14                  IBUF (Prop_ibuf_I_O)         1.458     1.458 r  clk_IBUF_inst/O
                         net (fo=1, routed)           1.972     3.430    clk_IBUF
    BUFGCTRL_X0Y16       BUFG (Prop_bufg_I_O)         0.096     3.526 r  clk_IBUF_BUFG_inst/O
                         net (fo=88, routed)          1.623     5.149    clk_IBUF_BUFG
    SLICE_X64Y58         FDCE                                         r  date_tens_reg[0]/C
  -------------------------------------------------------------------    -------------------
    SLICE_X64Y58         FDCE (Prop_fdce_C_Q)         0.518     5.667 r  date_tens_reg[0]/Q
                         net (fo=7, routed)           1.133     6.799    display_unit/display_bcd_reg[3]_i_3_6[0]
    SLICE_X63Y60         LUT6 (Prop_lut6_I5_O)        0.124     6.923 r  display_unit/display_bcd_reg[0]_i_3/O
                         net (fo=1, routed)           0.814     7.738    display_unit/display_bcd_reg[0]_i_3_n_0
    SLICE_X61Y60         LUT5 (Prop_lut5_I0_O)        0.124     7.862 r  display_unit/display_bcd_reg[0]_i_2/O
                         net (fo=1, routed)           0.807     8.669    display_unit/display_bcd_reg[0]_i_2_n_0
    SLICE_X62Y63         LUT5 (Prop_lut5_I4_O)        0.124     8.793 r  display_unit/display_bcd_reg[0]_i_1/O
                         net (fo=1, routed)           0.537     9.329    display_unit/display_bcd_reg[0]_i_1_n_0
    SLICE_X64Y63         LDCE                                         r  display_unit/display_bcd_reg[0]/D
  -------------------------------------------------------------------    -------------------





Min Delay Paths
--------------------------------------------------------------------------------------
Slack:                    inf
  Source:                 display_unit/clk_div_reg[15]/C
                            (rising edge-triggered cell FDCE clocked by sys_clk  {rise@0.000ns fall@5.000ns period=10.000ns})
  Destination:            display_unit/display_bcd_reg[1]/D
  Path Group:             (none)
  Path Type:              Min at Fast Process Corner
  Data Path Delay:        0.488ns  (logic 0.186ns (38.135%)  route 0.302ns (61.865%))
  Logic Levels:           1  (LUT5=1)
  Clock Uncertainty:      0.025ns  ((TSJ^2 + TIJ^2)^1/2 + DJ) / 2 + PE
    Total System Jitter     (TSJ):    0.050ns
    Total Input Jitter      (TIJ):    0.000ns
    Discrete Jitter          (DJ):    0.000ns
    Phase Error              (PE):    0.000ns

    Location             Delay type                Incr(ns)  Path(ns)    Netlist Resource(s)
  -------------------------------------------------------------------    -------------------
                         (clock sys_clk rise edge)    0.000     0.000 r  
    F14                                               0.000     0.000 r  clk (IN)
                         net (fo=0)                   0.000     0.000    clk
    F14                  IBUF (Prop_ibuf_I_O)         0.226     0.226 r  clk_IBUF_inst/O
                         net (fo=1, routed)           0.634     0.861    clk_IBUF
    BUFGCTRL_X0Y16       BUFG (Prop_bufg_I_O)         0.026     0.887 r  clk_IBUF_BUFG_inst/O
                         net (fo=88, routed)          0.588     1.474    display_unit/CLK
    SLICE_X62Y62         FDCE                                         r  display_unit/clk_div_reg[15]/C
  -------------------------------------------------------------------    -------------------
    SLICE_X62Y62         FDCE (Prop_fdce_C_Q)         0.141     1.615 r  display_unit/clk_div_reg[15]/Q
                         net (fo=14, routed)          0.145     1.760    display_unit/display_selection[2]
    SLICE_X63Y62         LUT5 (Prop_lut5_I3_O)        0.045     1.805 r  display_unit/display_bcd_reg[1]_i_1/O
                         net (fo=1, routed)           0.157     1.962    display_unit/display_bcd_reg[1]_i_1_n_0
    SLICE_X64Y63         LDCE                                         r  display_unit/display_bcd_reg[1]/D
  -------------------------------------------------------------------    -------------------

Slack:                    inf
  Source:                 display_unit/clk_div_reg[15]/C
                            (rising edge-triggered cell FDCE clocked by sys_clk  {rise@0.000ns fall@5.000ns period=10.000ns})
  Destination:            display_unit/display_bcd_reg[2]/D
  Path Group:             (none)
  Path Type:              Min at Fast Process Corner
  Data Path Delay:        0.490ns  (logic 0.186ns (37.964%)  route 0.304ns (62.036%))
  Logic Levels:           1  (LUT5=1)
  Clock Uncertainty:      0.025ns  ((TSJ^2 + TIJ^2)^1/2 + DJ) / 2 + PE
    Total System Jitter     (TSJ):    0.050ns
    Total Input Jitter      (TIJ):    0.000ns
    Discrete Jitter          (DJ):    0.000ns
    Phase Error              (PE):    0.000ns

    Location             Delay type                Incr(ns)  Path(ns)    Netlist Resource(s)
  -------------------------------------------------------------------    -------------------
                         (clock sys_clk rise edge)    0.000     0.000 r  
    F14                                               0.000     0.000 r  clk (IN)
                         net (fo=0)                   0.000     0.000    clk
    F14                  IBUF (Prop_ibuf_I_O)         0.226     0.226 r  clk_IBUF_inst/O
                         net (fo=1, routed)           0.634     0.861    clk_IBUF
    BUFGCTRL_X0Y16       BUFG (Prop_bufg_I_O)         0.026     0.887 r  clk_IBUF_BUFG_inst/O
                         net (fo=88, routed)          0.588     1.474    display_unit/CLK
    SLICE_X62Y62         FDCE                                         r  display_unit/clk_div_reg[15]/C
  -------------------------------------------------------------------    -------------------
    SLICE_X62Y62         FDCE (Prop_fdce_C_Q)         0.141     1.615 r  display_unit/clk_div_reg[15]/Q
                         net (fo=14, routed)          0.182     1.797    display_unit/display_selection[2]
    SLICE_X62Y63         LUT5 (Prop_lut5_I3_O)        0.045     1.842 r  display_unit/display_bcd_reg[2]_i_1/O
                         net (fo=1, routed)           0.122     1.964    display_unit/display_bcd_reg[2]_i_1_n_0
    SLICE_X62Y63         LDCE                                         r  display_unit/display_bcd_reg[2]/D
  -------------------------------------------------------------------    -------------------

Slack:                    inf
  Source:                 hr_ones_reg[3]/C
                            (rising edge-triggered cell FDCE clocked by sys_clk  {rise@0.000ns fall@5.000ns period=10.000ns})
  Destination:            display_unit/display_bcd_reg[3]/D
  Path Group:             (none)
  Path Type:              Min at Fast Process Corner
  Data Path Delay:        0.545ns  (logic 0.209ns (38.365%)  route 0.336ns (61.635%))
  Logic Levels:           1  (LUT5=1)
  Clock Uncertainty:      0.025ns  ((TSJ^2 + TIJ^2)^1/2 + DJ) / 2 + PE
    Total System Jitter     (TSJ):    0.050ns
    Total Input Jitter      (TIJ):    0.000ns
    Discrete Jitter          (DJ):    0.000ns
    Phase Error              (PE):    0.000ns

    Location             Delay type                Incr(ns)  Path(ns)    Netlist Resource(s)
  -------------------------------------------------------------------    -------------------
                         (clock sys_clk rise edge)    0.000     0.000 r  
    F14                                               0.000     0.000 r  clk (IN)
                         net (fo=0)                   0.000     0.000    clk
    F14                  IBUF (Prop_ibuf_I_O)         0.226     0.226 r  clk_IBUF_inst/O
                         net (fo=1, routed)           0.634     0.861    clk_IBUF
    BUFGCTRL_X0Y16       BUFG (Prop_bufg_I_O)         0.026     0.887 r  clk_IBUF_BUFG_inst/O
                         net (fo=88, routed)          0.587     1.473    clk_IBUF_BUFG
    SLICE_X60Y62         FDCE                                         r  hr_ones_reg[3]/C
  -------------------------------------------------------------------    -------------------
    SLICE_X60Y62         FDCE (Prop_fdce_C_Q)         0.164     1.637 r  hr_ones_reg[3]/Q
                         net (fo=5, routed)           0.219     1.857    display_unit/display_bcd_reg[3]_0[3]
    SLICE_X62Y63         LUT5 (Prop_lut5_I2_O)        0.045     1.902 r  display_unit/display_bcd_reg[3]_i_1/O
                         net (fo=1, routed)           0.116     2.018    display_unit/display_bcd_reg[3]_i_1_n_0
    SLICE_X62Y63         LDCE                                         r  display_unit/display_bcd_reg[3]/D
  -------------------------------------------------------------------    -------------------

Slack:                    inf
  Source:                 hr_ones_reg[0]/C
                            (rising edge-triggered cell FDCE clocked by sys_clk  {rise@0.000ns fall@5.000ns period=10.000ns})
  Destination:            display_unit/display_bcd_reg[0]/D
  Path Group:             (none)
  Path Type:              Min at Fast Process Corner
  Data Path Delay:        0.550ns  (logic 0.186ns (33.815%)  route 0.364ns (66.185%))
  Logic Levels:           1  (LUT5=1)
  Clock Uncertainty:      0.025ns  ((TSJ^2 + TIJ^2)^1/2 + DJ) / 2 + PE
    Total System Jitter     (TSJ):    0.050ns
    Total Input Jitter      (TIJ):    0.000ns
    Discrete Jitter          (DJ):    0.000ns
    Phase Error              (PE):    0.000ns

    Location             Delay type                Incr(ns)  Path(ns)    Netlist Resource(s)
  -------------------------------------------------------------------    -------------------
                         (clock sys_clk rise edge)    0.000     0.000 r  
    F14                                               0.000     0.000 r  clk (IN)
                         net (fo=0)                   0.000     0.000    clk
    F14                  IBUF (Prop_ibuf_I_O)         0.226     0.226 r  clk_IBUF_inst/O
                         net (fo=1, routed)           0.634     0.861    clk_IBUF
    BUFGCTRL_X0Y16       BUFG (Prop_bufg_I_O)         0.026     0.887 r  clk_IBUF_BUFG_inst/O
                         net (fo=88, routed)          0.588     1.474    clk_IBUF_BUFG
    SLICE_X63Y62         FDCE                                         r  hr_ones_reg[0]/C
  -------------------------------------------------------------------    -------------------
    SLICE_X63Y62         FDCE (Prop_fdce_C_Q)         0.141     1.615 r  hr_ones_reg[0]/Q
                         net (fo=9, routed)           0.188     1.804    display_unit/display_bcd_reg[3]_0[0]
    SLICE_X62Y63         LUT5 (Prop_lut5_I2_O)        0.045     1.849 r  display_unit/display_bcd_reg[0]_i_1/O
                         net (fo=1, routed)           0.176     2.024    display_unit/display_bcd_reg[0]_i_1_n_0
    SLICE_X64Y63         LDCE                                         r  display_unit/display_bcd_reg[0]/D
  -------------------------------------------------------------------    -------------------

Slack:                    inf
  Source:                 display_unit/clk_div_reg[13]/C
                            (rising edge-triggered cell FDCE clocked by sys_clk  {rise@0.000ns fall@5.000ns period=10.000ns})
  Destination:            display_unit/dp_reg/D
  Path Group:             (none)
  Path Type:              Min at Fast Process Corner
  Data Path Delay:        0.570ns  (logic 0.184ns (32.288%)  route 0.386ns (67.712%))
  Logic Levels:           1  (LUT4=1)
  Clock Uncertainty:      0.025ns  ((TSJ^2 + TIJ^2)^1/2 + DJ) / 2 + PE
    Total System Jitter     (TSJ):    0.050ns
    Total Input Jitter      (TIJ):    0.000ns
    Discrete Jitter          (DJ):    0.000ns
    Phase Error              (PE):    0.000ns

    Location             Delay type                Incr(ns)  Path(ns)    Netlist Resource(s)
  -------------------------------------------------------------------    -------------------
                         (clock sys_clk rise edge)    0.000     0.000 r  
    F14                                               0.000     0.000 r  clk (IN)
                         net (fo=0)                   0.000     0.000    clk
    F14                  IBUF (Prop_ibuf_I_O)         0.226     0.226 r  clk_IBUF_inst/O
                         net (fo=1, routed)           0.634     0.861    clk_IBUF
    BUFGCTRL_X0Y16       BUFG (Prop_bufg_I_O)         0.026     0.887 r  clk_IBUF_BUFG_inst/O
                         net (fo=88, routed)          0.588     1.474    display_unit/CLK
    SLICE_X62Y62         FDCE                                         r  display_unit/clk_div_reg[13]/C
  -------------------------------------------------------------------    -------------------
    SLICE_X62Y62         FDCE (Prop_fdce_C_Q)         0.141     1.615 f  display_unit/clk_div_reg[13]/Q
                         net (fo=26, routed)          0.267     1.882    display_unit/display_selection[0]
    SLICE_X64Y62         LUT4 (Prop_lut4_I3_O)        0.043     1.925 r  display_unit/dp_reg_i_1/O
                         net (fo=1, routed)           0.119     2.044    display_unit/dp_reg_i_1_n_0
    SLICE_X64Y62         LDCE                                         r  display_unit/dp_reg/D
  -------------------------------------------------------------------    -------------------

Slack:                    inf
  Source:                 FSM_onehot_state_reg[2]/C
                            (rising edge-triggered cell FDCE clocked by sys_clk  {rise@0.000ns fall@5.000ns period=10.000ns})
  Destination:            s1_out
                            (output port)
  Path Group:             (none)
  Path Type:              Min at Fast Process Corner
  Data Path Delay:        1.748ns  (logic 1.403ns (80.272%)  route 0.345ns (19.728%))
  Logic Levels:           1  (OBUF=1)
  Clock Uncertainty:      0.025ns  ((TSJ^2 + TIJ^2)^1/2 + DJ) / 2 + PE
    Total System Jitter     (TSJ):    0.050ns
    Total Input Jitter      (TIJ):    0.000ns
    Discrete Jitter          (DJ):    0.000ns
    Phase Error              (PE):    0.000ns

    Location             Delay type                Incr(ns)  Path(ns)    Netlist Resource(s)
  -------------------------------------------------------------------    -------------------
                         (clock sys_clk rise edge)    0.000     0.000 r  
    F14                                               0.000     0.000 r  clk (IN)
                         net (fo=0)                   0.000     0.000    clk
    F14                  IBUF (Prop_ibuf_I_O)         0.226     0.226 r  clk_IBUF_inst/O
                         net (fo=1, routed)           0.634     0.861    clk_IBUF
    BUFGCTRL_X0Y16       BUFG (Prop_bufg_I_O)         0.026     0.887 r  clk_IBUF_BUFG_inst/O
                         net (fo=88, routed)          0.590     1.476    clk_IBUF_BUFG
    SLICE_X63Y57         FDCE                                         r  FSM_onehot_state_reg[2]/C
  -------------------------------------------------------------------    -------------------
    SLICE_X63Y57         FDCE (Prop_fdce_C_Q)         0.128     1.604 r  FSM_onehot_state_reg[2]/Q
                         net (fo=9, routed)           0.345     1.949    s1_out_OBUF
    G1                   OBUF (Prop_obuf_I_O)         1.275     3.224 r  s1_out_OBUF_inst/O
                         net (fo=0)                   0.000     3.224    s1_out
    G1                                                                r  s1_out (OUT)
  -------------------------------------------------------------------    -------------------

Slack:                    inf
  Source:                 FSM_onehot_state_reg[1]/C
                            (rising edge-triggered cell FDCE clocked by sys_clk  {rise@0.000ns fall@5.000ns period=10.000ns})
  Destination:            s2_out
                            (output port)
  Path Group:             (none)
  Path Type:              Min at Fast Process Corner
  Data Path Delay:        1.817ns  (logic 1.362ns (74.961%)  route 0.455ns (25.039%))
  Logic Levels:           1  (OBUF=1)
  Clock Uncertainty:      0.025ns  ((TSJ^2 + TIJ^2)^1/2 + DJ) / 2 + PE
    Total System Jitter     (TSJ):    0.050ns
    Total Input Jitter      (TIJ):    0.000ns
    Discrete Jitter          (DJ):    0.000ns
    Phase Error              (PE):    0.000ns

    Location             Delay type                Incr(ns)  Path(ns)    Netlist Resource(s)
  -------------------------------------------------------------------    -------------------
                         (clock sys_clk rise edge)    0.000     0.000 r  
    F14                                               0.000     0.000 r  clk (IN)
                         net (fo=0)                   0.000     0.000    clk
    F14                  IBUF (Prop_ibuf_I_O)         0.226     0.226 r  clk_IBUF_inst/O
                         net (fo=1, routed)           0.634     0.861    clk_IBUF
    BUFGCTRL_X0Y16       BUFG (Prop_bufg_I_O)         0.026     0.887 r  clk_IBUF_BUFG_inst/O
                         net (fo=88, routed)          0.590     1.476    clk_IBUF_BUFG
    SLICE_X63Y57         FDCE                                         r  FSM_onehot_state_reg[1]/C
  -------------------------------------------------------------------    -------------------
    SLICE_X63Y57         FDCE (Prop_fdce_C_Q)         0.141     1.617 r  FSM_onehot_state_reg[1]/Q
                         net (fo=9, routed)           0.455     2.072    s2_out_OBUF
    G2                   OBUF (Prop_obuf_I_O)         1.221     3.293 r  s2_out_OBUF_inst/O
                         net (fo=0)                   0.000     3.293    s2_out
    G2                                                                r  s2_out (OUT)
  -------------------------------------------------------------------    -------------------

Slack:                    inf
  Source:                 display_unit/clk_div_reg[13]/C
                            (rising edge-triggered cell FDCE clocked by sys_clk  {rise@0.000ns fall@5.000ns period=10.000ns})
  Destination:            AN[1]
                            (output port)
  Path Group:             (none)
  Path Type:              Min at Fast Process Corner
  Data Path Delay:        1.912ns  (logic 1.379ns (72.114%)  route 0.533ns (27.886%))
  Logic Levels:           2  (LUT3=1 OBUF=1)
  Clock Uncertainty:      0.025ns  ((TSJ^2 + TIJ^2)^1/2 + DJ) / 2 + PE
    Total System Jitter     (TSJ):    0.050ns
    Total Input Jitter      (TIJ):    0.000ns
    Discrete Jitter          (DJ):    0.000ns
    Phase Error              (PE):    0.000ns

    Location             Delay type                Incr(ns)  Path(ns)    Netlist Resource(s)
  -------------------------------------------------------------------    -------------------
                         (clock sys_clk rise edge)    0.000     0.000 r  
    F14                                               0.000     0.000 r  clk (IN)
                         net (fo=0)                   0.000     0.000    clk
    F14                  IBUF (Prop_ibuf_I_O)         0.226     0.226 r  clk_IBUF_inst/O
                         net (fo=1, routed)           0.634     0.861    clk_IBUF
    BUFGCTRL_X0Y16       BUFG (Prop_bufg_I_O)         0.026     0.887 r  clk_IBUF_BUFG_inst/O
                         net (fo=88, routed)          0.588     1.474    display_unit/CLK
    SLICE_X62Y62         FDCE                                         r  display_unit/clk_div_reg[13]/C
  -------------------------------------------------------------------    -------------------
    SLICE_X62Y62         FDCE (Prop_fdce_C_Q)         0.141     1.615 f  display_unit/clk_div_reg[13]/Q
                         net (fo=26, routed)          0.201     1.816    display_unit/display_selection[0]
    SLICE_X64Y62         LUT3 (Prop_lut3_I1_O)        0.045     1.861 r  display_unit/AN_OBUF[1]_inst_i_1/O
                         net (fo=1, routed)           0.333     2.193    AN_OBUF[1]
    J4                   OBUF (Prop_obuf_I_O)         1.193     3.386 r  AN_OBUF[1]_inst/O
                         net (fo=0)                   0.000     3.386    AN[1]
    J4                                                                r  AN[1] (OUT)
  -------------------------------------------------------------------    -------------------

Slack:                    inf
  Source:                 display_unit/clk_div_reg[15]/C
                            (rising edge-triggered cell FDCE clocked by sys_clk  {rise@0.000ns fall@5.000ns period=10.000ns})
  Destination:            AN[0]
                            (output port)
  Path Group:             (none)
  Path Type:              Min at Fast Process Corner
  Data Path Delay:        1.971ns  (logic 1.398ns (70.948%)  route 0.573ns (29.052%))
  Logic Levels:           2  (LUT3=1 OBUF=1)
  Clock Uncertainty:      0.025ns  ((TSJ^2 + TIJ^2)^1/2 + DJ) / 2 + PE
    Total System Jitter     (TSJ):    0.050ns
    Total Input Jitter      (TIJ):    0.000ns
    Discrete Jitter          (DJ):    0.000ns
    Phase Error              (PE):    0.000ns

    Location             Delay type                Incr(ns)  Path(ns)    Netlist Resource(s)
  -------------------------------------------------------------------    -------------------
                         (clock sys_clk rise edge)    0.000     0.000 r  
    F14                                               0.000     0.000 r  clk (IN)
                         net (fo=0)                   0.000     0.000    clk
    F14                  IBUF (Prop_ibuf_I_O)         0.226     0.226 r  clk_IBUF_inst/O
                         net (fo=1, routed)           0.634     0.861    clk_IBUF
    BUFGCTRL_X0Y16       BUFG (Prop_bufg_I_O)         0.026     0.887 r  clk_IBUF_BUFG_inst/O
                         net (fo=88, routed)          0.588     1.474    display_unit/CLK
    SLICE_X62Y62         FDCE                                         r  display_unit/clk_div_reg[15]/C
  -------------------------------------------------------------------    -------------------
    SLICE_X62Y62         FDCE (Prop_fdce_C_Q)         0.141     1.615 r  display_unit/clk_div_reg[15]/Q
                         net (fo=14, routed)          0.177     1.792    display_unit/display_selection[2]
    SLICE_X64Y62         LUT3 (Prop_lut3_I0_O)        0.045     1.837 r  display_unit/AN_OBUF[0]_inst_i_1/O
                         net (fo=1, routed)           0.396     2.233    AN_OBUF[0]
    H3                   OBUF (Prop_obuf_I_O)         1.212     3.445 r  AN_OBUF[0]_inst/O
                         net (fo=0)                   0.000     3.445    AN[0]
    H3                                                                r  AN[0] (OUT)
  -------------------------------------------------------------------    -------------------

Slack:                    inf
  Source:                 display_unit/clk_div_reg[15]/C
                            (rising edge-triggered cell FDCE clocked by sys_clk  {rise@0.000ns fall@5.000ns period=10.000ns})
  Destination:            AN[2]
                            (output port)
  Path Group:             (none)
  Path Type:              Min at Fast Process Corner
  Data Path Delay:        2.103ns  (logic 1.415ns (67.303%)  route 0.688ns (32.697%))
  Logic Levels:           2  (LUT4=1 OBUF=1)
  Clock Uncertainty:      0.025ns  ((TSJ^2 + TIJ^2)^1/2 + DJ) / 2 + PE
    Total System Jitter     (TSJ):    0.050ns
    Total Input Jitter      (TIJ):    0.000ns
    Discrete Jitter          (DJ):    0.000ns
    Phase Error              (PE):    0.000ns

    Location             Delay type                Incr(ns)  Path(ns)    Netlist Resource(s)
  -------------------------------------------------------------------    -------------------
                         (clock sys_clk rise edge)    0.000     0.000 r  
    F14                                               0.000     0.000 r  clk (IN)
                         net (fo=0)                   0.000     0.000    clk
    F14                  IBUF (Prop_ibuf_I_O)         0.226     0.226 r  clk_IBUF_inst/O
                         net (fo=1, routed)           0.634     0.861    clk_IBUF
    BUFGCTRL_X0Y16       BUFG (Prop_bufg_I_O)         0.026     0.887 r  clk_IBUF_BUFG_inst/O
                         net (fo=88, routed)          0.588     1.474    display_unit/CLK
    SLICE_X62Y62         FDCE                                         r  display_unit/clk_div_reg[15]/C
  -------------------------------------------------------------------    -------------------
    SLICE_X62Y62         FDCE (Prop_fdce_C_Q)         0.141     1.615 r  display_unit/clk_div_reg[15]/Q
                         net (fo=14, routed)          0.264     1.879    display_unit/display_selection[2]
    SLICE_X64Y62         LUT4 (Prop_lut4_I2_O)        0.045     1.924 r  display_unit/AN_OBUF[2]_inst_i_1/O
                         net (fo=1, routed)           0.424     2.348    AN_OBUF[2]
    F3                   OBUF (Prop_obuf_I_O)         1.229     3.577 r  AN_OBUF[2]_inst/O
                         net (fo=0)                   0.000     3.577    AN[2]
    F3                                                                r  AN[2] (OUT)
  -------------------------------------------------------------------    -------------------





--------------------------------------------------------------------------------------
Path Group:  (none)
From Clock:  
  To Clock:  sys_clk

Max Delay           134 Endpoints
Min Delay           134 Endpoints
--------------------------------------------------------------------------------------


Max Delay Paths
--------------------------------------------------------------------------------------
Slack:                    inf
  Source:                 decision
                            (input port)
  Destination:            hr_tens_reg[0]/CE
                            (rising edge-triggered cell FDCE clocked by sys_clk  {rise@0.000ns fall@5.000ns period=10.000ns})
  Path Group:             (none)
  Path Type:              Setup (Max at Slow Process Corner)
  Data Path Delay:        6.825ns  (logic 2.061ns (30.191%)  route 4.765ns (69.809%))
  Logic Levels:           4  (IBUF=1 LUT3=1 LUT6=2)
  Clock Path Skew:        4.848ns (DCD - SCD + CPR)
    Destination Clock Delay (DCD):    4.848ns
    Source Clock Delay      (SCD):    0.000ns
    Clock Pessimism Removal (CPR):    0.000ns
  Clock Uncertainty:      0.025ns  ((TSJ^2 + TIJ^2)^1/2 + DJ) / 2 + PE
    Total System Jitter     (TSJ):    0.050ns
    Total Input Jitter      (TIJ):    0.000ns
    Discrete Jitter          (DJ):    0.000ns
    Phase Error              (PE):    0.000ns

    Location             Delay type                Incr(ns)  Path(ns)    Netlist Resource(s)
  -------------------------------------------------------------------    -------------------
    V2                                                0.000     0.000 f  decision (IN)
                         net (fo=0)                   0.000     0.000    decision
    V2                   IBUF (Prop_ibuf_I_O)         1.461     1.461 f  decision_IBUF_inst/O
                         net (fo=27, routed)          2.790     4.251    decision_IBUF
    SLICE_X63Y61         LUT3 (Prop_lut3_I0_O)        0.150     4.401 r  hr_ones[3]_i_3/O
                         net (fo=5, routed)           1.029     5.430    hr_ones[3]_i_3_n_0
    SLICE_X60Y61         LUT6 (Prop_lut6_I1_O)        0.326     5.756 r  hr_ones[3]_i_1/O
                         net (fo=5, routed)           0.567     6.322    hr_ones[0]
    SLICE_X61Y62         LUT6 (Prop_lut6_I0_O)        0.124     6.446 r  hr_tens[3]_i_1/O
                         net (fo=4, routed)           0.379     6.825    hr_tens[3]_i_1_n_0
    SLICE_X61Y62         FDCE                                         r  hr_tens_reg[0]/CE
  -------------------------------------------------------------------    -------------------

                         (clock sys_clk rise edge)    0.000     0.000 r  
    F14                                               0.000     0.000 r  clk (IN)
                         net (fo=0)                   0.000     0.000    clk
    F14                  IBUF (Prop_ibuf_I_O)         1.388     1.388 r  clk_IBUF_inst/O
                         net (fo=1, routed)           1.868     3.256    clk_IBUF
    BUFGCTRL_X0Y16       BUFG (Prop_bufg_I_O)         0.091     3.347 r  clk_IBUF_BUFG_inst/O
                         net (fo=88, routed)          1.501     4.848    clk_IBUF_BUFG
    SLICE_X61Y62         FDCE                                         r  hr_tens_reg[0]/C

Slack:                    inf
  Source:                 decision
                            (input port)
  Destination:            hr_tens_reg[1]/CE
                            (rising edge-triggered cell FDCE clocked by sys_clk  {rise@0.000ns fall@5.000ns period=10.000ns})
  Path Group:             (none)
  Path Type:              Setup (Max at Slow Process Corner)
  Data Path Delay:        6.825ns  (logic 2.061ns (30.191%)  route 4.765ns (69.809%))
  Logic Levels:           4  (IBUF=1 LUT3=1 LUT6=2)
  Clock Path Skew:        4.848ns (DCD - SCD + CPR)
    Destination Clock Delay (DCD):    4.848ns
    Source Clock Delay      (SCD):    0.000ns
    Clock Pessimism Removal (CPR):    0.000ns
  Clock Uncertainty:      0.025ns  ((TSJ^2 + TIJ^2)^1/2 + DJ) / 2 + PE
    Total System Jitter     (TSJ):    0.050ns
    Total Input Jitter      (TIJ):    0.000ns
    Discrete Jitter          (DJ):    0.000ns
    Phase Error              (PE):    0.000ns

    Location             Delay type                Incr(ns)  Path(ns)    Netlist Resource(s)
  -------------------------------------------------------------------    -------------------
    V2                                                0.000     0.000 f  decision (IN)
                         net (fo=0)                   0.000     0.000    decision
    V2                   IBUF (Prop_ibuf_I_O)         1.461     1.461 f  decision_IBUF_inst/O
                         net (fo=27, routed)          2.790     4.251    decision_IBUF
    SLICE_X63Y61         LUT3 (Prop_lut3_I0_O)        0.150     4.401 r  hr_ones[3]_i_3/O
                         net (fo=5, routed)           1.029     5.430    hr_ones[3]_i_3_n_0
    SLICE_X60Y61         LUT6 (Prop_lut6_I1_O)        0.326     5.756 r  hr_ones[3]_i_1/O
                         net (fo=5, routed)           0.567     6.322    hr_ones[0]
    SLICE_X61Y62         LUT6 (Prop_lut6_I0_O)        0.124     6.446 r  hr_tens[3]_i_1/O
                         net (fo=4, routed)           0.379     6.825    hr_tens[3]_i_1_n_0
    SLICE_X61Y62         FDCE                                         r  hr_tens_reg[1]/CE
  -------------------------------------------------------------------    -------------------

                         (clock sys_clk rise edge)    0.000     0.000 r  
    F14                                               0.000     0.000 r  clk (IN)
                         net (fo=0)                   0.000     0.000    clk
    F14                  IBUF (Prop_ibuf_I_O)         1.388     1.388 r  clk_IBUF_inst/O
                         net (fo=1, routed)           1.868     3.256    clk_IBUF
    BUFGCTRL_X0Y16       BUFG (Prop_bufg_I_O)         0.091     3.347 r  clk_IBUF_BUFG_inst/O
                         net (fo=88, routed)          1.501     4.848    clk_IBUF_BUFG
    SLICE_X61Y62         FDCE                                         r  hr_tens_reg[1]/C

Slack:                    inf
  Source:                 decision
                            (input port)
  Destination:            hr_tens_reg[2]/CE
                            (rising edge-triggered cell FDCE clocked by sys_clk  {rise@0.000ns fall@5.000ns period=10.000ns})
  Path Group:             (none)
  Path Type:              Setup (Max at Slow Process Corner)
  Data Path Delay:        6.825ns  (logic 2.061ns (30.191%)  route 4.765ns (69.809%))
  Logic Levels:           4  (IBUF=1 LUT3=1 LUT6=2)
  Clock Path Skew:        4.848ns (DCD - SCD + CPR)
    Destination Clock Delay (DCD):    4.848ns
    Source Clock Delay      (SCD):    0.000ns
    Clock Pessimism Removal (CPR):    0.000ns
  Clock Uncertainty:      0.025ns  ((TSJ^2 + TIJ^2)^1/2 + DJ) / 2 + PE
    Total System Jitter     (TSJ):    0.050ns
    Total Input Jitter      (TIJ):    0.000ns
    Discrete Jitter          (DJ):    0.000ns
    Phase Error              (PE):    0.000ns

    Location             Delay type                Incr(ns)  Path(ns)    Netlist Resource(s)
  -------------------------------------------------------------------    -------------------
    V2                                                0.000     0.000 f  decision (IN)
                         net (fo=0)                   0.000     0.000    decision
    V2                   IBUF (Prop_ibuf_I_O)         1.461     1.461 f  decision_IBUF_inst/O
                         net (fo=27, routed)          2.790     4.251    decision_IBUF
    SLICE_X63Y61         LUT3 (Prop_lut3_I0_O)        0.150     4.401 r  hr_ones[3]_i_3/O
                         net (fo=5, routed)           1.029     5.430    hr_ones[3]_i_3_n_0
    SLICE_X60Y61         LUT6 (Prop_lut6_I1_O)        0.326     5.756 r  hr_ones[3]_i_1/O
                         net (fo=5, routed)           0.567     6.322    hr_ones[0]
    SLICE_X61Y62         LUT6 (Prop_lut6_I0_O)        0.124     6.446 r  hr_tens[3]_i_1/O
                         net (fo=4, routed)           0.379     6.825    hr_tens[3]_i_1_n_0
    SLICE_X61Y62         FDCE                                         r  hr_tens_reg[2]/CE
  -------------------------------------------------------------------    -------------------

                         (clock sys_clk rise edge)    0.000     0.000 r  
    F14                                               0.000     0.000 r  clk (IN)
                         net (fo=0)                   0.000     0.000    clk
    F14                  IBUF (Prop_ibuf_I_O)         1.388     1.388 r  clk_IBUF_inst/O
                         net (fo=1, routed)           1.868     3.256    clk_IBUF
    BUFGCTRL_X0Y16       BUFG (Prop_bufg_I_O)         0.091     3.347 r  clk_IBUF_BUFG_inst/O
                         net (fo=88, routed)          1.501     4.848    clk_IBUF_BUFG
    SLICE_X61Y62         FDCE                                         r  hr_tens_reg[2]/C

Slack:                    inf
  Source:                 decision
                            (input port)
  Destination:            hr_tens_reg[3]/CE
                            (rising edge-triggered cell FDCE clocked by sys_clk  {rise@0.000ns fall@5.000ns period=10.000ns})
  Path Group:             (none)
  Path Type:              Setup (Max at Slow Process Corner)
  Data Path Delay:        6.825ns  (logic 2.061ns (30.191%)  route 4.765ns (69.809%))
  Logic Levels:           4  (IBUF=1 LUT3=1 LUT6=2)
  Clock Path Skew:        4.848ns (DCD - SCD + CPR)
    Destination Clock Delay (DCD):    4.848ns
    Source Clock Delay      (SCD):    0.000ns
    Clock Pessimism Removal (CPR):    0.000ns
  Clock Uncertainty:      0.025ns  ((TSJ^2 + TIJ^2)^1/2 + DJ) / 2 + PE
    Total System Jitter     (TSJ):    0.050ns
    Total Input Jitter      (TIJ):    0.000ns
    Discrete Jitter          (DJ):    0.000ns
    Phase Error              (PE):    0.000ns

    Location             Delay type                Incr(ns)  Path(ns)    Netlist Resource(s)
  -------------------------------------------------------------------    -------------------
    V2                                                0.000     0.000 f  decision (IN)
                         net (fo=0)                   0.000     0.000    decision
    V2                   IBUF (Prop_ibuf_I_O)         1.461     1.461 f  decision_IBUF_inst/O
                         net (fo=27, routed)          2.790     4.251    decision_IBUF
    SLICE_X63Y61         LUT3 (Prop_lut3_I0_O)        0.150     4.401 r  hr_ones[3]_i_3/O
                         net (fo=5, routed)           1.029     5.430    hr_ones[3]_i_3_n_0
    SLICE_X60Y61         LUT6 (Prop_lut6_I1_O)        0.326     5.756 r  hr_ones[3]_i_1/O
                         net (fo=5, routed)           0.567     6.322    hr_ones[0]
    SLICE_X61Y62         LUT6 (Prop_lut6_I0_O)        0.124     6.446 r  hr_tens[3]_i_1/O
                         net (fo=4, routed)           0.379     6.825    hr_tens[3]_i_1_n_0
    SLICE_X61Y62         FDCE                                         r  hr_tens_reg[3]/CE
  -------------------------------------------------------------------    -------------------

                         (clock sys_clk rise edge)    0.000     0.000 r  
    F14                                               0.000     0.000 r  clk (IN)
                         net (fo=0)                   0.000     0.000    clk
    F14                  IBUF (Prop_ibuf_I_O)         1.388     1.388 r  clk_IBUF_inst/O
                         net (fo=1, routed)           1.868     3.256    clk_IBUF
    BUFGCTRL_X0Y16       BUFG (Prop_bufg_I_O)         0.091     3.347 r  clk_IBUF_BUFG_inst/O
                         net (fo=88, routed)          1.501     4.848    clk_IBUF_BUFG
    SLICE_X61Y62         FDCE                                         r  hr_tens_reg[3]/C

Slack:                    inf
  Source:                 decision
                            (input port)
  Destination:            hr_ones_reg[1]/CE
                            (rising edge-triggered cell FDCE clocked by sys_clk  {rise@0.000ns fall@5.000ns period=10.000ns})
  Path Group:             (none)
  Path Type:              Setup (Max at Slow Process Corner)
  Data Path Delay:        6.300ns  (logic 1.937ns (30.742%)  route 4.363ns (69.258%))
  Logic Levels:           3  (IBUF=1 LUT3=1 LUT6=1)
  Clock Path Skew:        4.848ns (DCD - SCD + CPR)
    Destination Clock Delay (DCD):    4.848ns
    Source Clock Delay      (SCD):    0.000ns
    Clock Pessimism Removal (CPR):    0.000ns
  Clock Uncertainty:      0.025ns  ((TSJ^2 + TIJ^2)^1/2 + DJ) / 2 + PE
    Total System Jitter     (TSJ):    0.050ns
    Total Input Jitter      (TIJ):    0.000ns
    Discrete Jitter          (DJ):    0.000ns
    Phase Error              (PE):    0.000ns

    Location             Delay type                Incr(ns)  Path(ns)    Netlist Resource(s)
  -------------------------------------------------------------------    -------------------
    V2                                                0.000     0.000 f  decision (IN)
                         net (fo=0)                   0.000     0.000    decision
    V2                   IBUF (Prop_ibuf_I_O)         1.461     1.461 f  decision_IBUF_inst/O
                         net (fo=27, routed)          2.790     4.251    decision_IBUF
    SLICE_X63Y61         LUT3 (Prop_lut3_I0_O)        0.150     4.401 r  hr_ones[3]_i_3/O
                         net (fo=5, routed)           1.029     5.430    hr_ones[3]_i_3_n_0
    SLICE_X60Y61         LUT6 (Prop_lut6_I1_O)        0.326     5.756 r  hr_ones[3]_i_1/O
                         net (fo=5, routed)           0.544     6.300    hr_ones[0]
    SLICE_X60Y62         FDCE                                         r  hr_ones_reg[1]/CE
  -------------------------------------------------------------------    -------------------

                         (clock sys_clk rise edge)    0.000     0.000 r  
    F14                                               0.000     0.000 r  clk (IN)
                         net (fo=0)                   0.000     0.000    clk
    F14                  IBUF (Prop_ibuf_I_O)         1.388     1.388 r  clk_IBUF_inst/O
                         net (fo=1, routed)           1.868     3.256    clk_IBUF
    BUFGCTRL_X0Y16       BUFG (Prop_bufg_I_O)         0.091     3.347 r  clk_IBUF_BUFG_inst/O
                         net (fo=88, routed)          1.501     4.848    clk_IBUF_BUFG
    SLICE_X60Y62         FDCE                                         r  hr_ones_reg[1]/C

Slack:                    inf
  Source:                 decision
                            (input port)
  Destination:            hr_ones_reg[2]/CE
                            (rising edge-triggered cell FDCE clocked by sys_clk  {rise@0.000ns fall@5.000ns period=10.000ns})
  Path Group:             (none)
  Path Type:              Setup (Max at Slow Process Corner)
  Data Path Delay:        6.300ns  (logic 1.937ns (30.742%)  route 4.363ns (69.258%))
  Logic Levels:           3  (IBUF=1 LUT3=1 LUT6=1)
  Clock Path Skew:        4.848ns (DCD - SCD + CPR)
    Destination Clock Delay (DCD):    4.848ns
    Source Clock Delay      (SCD):    0.000ns
    Clock Pessimism Removal (CPR):    0.000ns
  Clock Uncertainty:      0.025ns  ((TSJ^2 + TIJ^2)^1/2 + DJ) / 2 + PE
    Total System Jitter     (TSJ):    0.050ns
    Total Input Jitter      (TIJ):    0.000ns
    Discrete Jitter          (DJ):    0.000ns
    Phase Error              (PE):    0.000ns

    Location             Delay type                Incr(ns)  Path(ns)    Netlist Resource(s)
  -------------------------------------------------------------------    -------------------
    V2                                                0.000     0.000 f  decision (IN)
                         net (fo=0)                   0.000     0.000    decision
    V2                   IBUF (Prop_ibuf_I_O)         1.461     1.461 f  decision_IBUF_inst/O
                         net (fo=27, routed)          2.790     4.251    decision_IBUF
    SLICE_X63Y61         LUT3 (Prop_lut3_I0_O)        0.150     4.401 r  hr_ones[3]_i_3/O
                         net (fo=5, routed)           1.029     5.430    hr_ones[3]_i_3_n_0
    SLICE_X60Y61         LUT6 (Prop_lut6_I1_O)        0.326     5.756 r  hr_ones[3]_i_1/O
                         net (fo=5, routed)           0.544     6.300    hr_ones[0]
    SLICE_X60Y62         FDCE                                         r  hr_ones_reg[2]/CE
  -------------------------------------------------------------------    -------------------

                         (clock sys_clk rise edge)    0.000     0.000 r  
    F14                                               0.000     0.000 r  clk (IN)
                         net (fo=0)                   0.000     0.000    clk
    F14                  IBUF (Prop_ibuf_I_O)         1.388     1.388 r  clk_IBUF_inst/O
                         net (fo=1, routed)           1.868     3.256    clk_IBUF
    BUFGCTRL_X0Y16       BUFG (Prop_bufg_I_O)         0.091     3.347 r  clk_IBUF_BUFG_inst/O
                         net (fo=88, routed)          1.501     4.848    clk_IBUF_BUFG
    SLICE_X60Y62         FDCE                                         r  hr_ones_reg[2]/C

Slack:                    inf
  Source:                 decision
                            (input port)
  Destination:            hr_ones_reg[3]/CE
                            (rising edge-triggered cell FDCE clocked by sys_clk  {rise@0.000ns fall@5.000ns period=10.000ns})
  Path Group:             (none)
  Path Type:              Setup (Max at Slow Process Corner)
  Data Path Delay:        6.300ns  (logic 1.937ns (30.742%)  route 4.363ns (69.258%))
  Logic Levels:           3  (IBUF=1 LUT3=1 LUT6=1)
  Clock Path Skew:        4.848ns (DCD - SCD + CPR)
    Destination Clock Delay (DCD):    4.848ns
    Source Clock Delay      (SCD):    0.000ns
    Clock Pessimism Removal (CPR):    0.000ns
  Clock Uncertainty:      0.025ns  ((TSJ^2 + TIJ^2)^1/2 + DJ) / 2 + PE
    Total System Jitter     (TSJ):    0.050ns
    Total Input Jitter      (TIJ):    0.000ns
    Discrete Jitter          (DJ):    0.000ns
    Phase Error              (PE):    0.000ns

    Location             Delay type                Incr(ns)  Path(ns)    Netlist Resource(s)
  -------------------------------------------------------------------    -------------------
    V2                                                0.000     0.000 f  decision (IN)
                         net (fo=0)                   0.000     0.000    decision
    V2                   IBUF (Prop_ibuf_I_O)         1.461     1.461 f  decision_IBUF_inst/O
                         net (fo=27, routed)          2.790     4.251    decision_IBUF
    SLICE_X63Y61         LUT3 (Prop_lut3_I0_O)        0.150     4.401 r  hr_ones[3]_i_3/O
                         net (fo=5, routed)           1.029     5.430    hr_ones[3]_i_3_n_0
    SLICE_X60Y61         LUT6 (Prop_lut6_I1_O)        0.326     5.756 r  hr_ones[3]_i_1/O
                         net (fo=5, routed)           0.544     6.300    hr_ones[0]
    SLICE_X60Y62         FDCE                                         r  hr_ones_reg[3]/CE
  -------------------------------------------------------------------    -------------------

                         (clock sys_clk rise edge)    0.000     0.000 r  
    F14                                               0.000     0.000 r  clk (IN)
                         net (fo=0)                   0.000     0.000    clk
    F14                  IBUF (Prop_ibuf_I_O)         1.388     1.388 r  clk_IBUF_inst/O
                         net (fo=1, routed)           1.868     3.256    clk_IBUF
    BUFGCTRL_X0Y16       BUFG (Prop_bufg_I_O)         0.091     3.347 r  clk_IBUF_BUFG_inst/O
                         net (fo=88, routed)          1.501     4.848    clk_IBUF_BUFG
    SLICE_X60Y62         FDCE                                         r  hr_ones_reg[3]/C

Slack:                    inf
  Source:                 decision
                            (input port)
  Destination:            hr_ones_reg[0]/CE
                            (rising edge-triggered cell FDCE clocked by sys_clk  {rise@0.000ns fall@5.000ns period=10.000ns})
  Path Group:             (none)
  Path Type:              Setup (Max at Slow Process Corner)
  Data Path Delay:        6.249ns  (logic 1.937ns (30.990%)  route 4.312ns (69.010%))
  Logic Levels:           3  (IBUF=1 LUT3=1 LUT6=1)
  Clock Path Skew:        4.849ns (DCD - SCD + CPR)
    Destination Clock Delay (DCD):    4.849ns
    Source Clock Delay      (SCD):    0.000ns
    Clock Pessimism Removal (CPR):    0.000ns
  Clock Uncertainty:      0.025ns  ((TSJ^2 + TIJ^2)^1/2 + DJ) / 2 + PE
    Total System Jitter     (TSJ):    0.050ns
    Total Input Jitter      (TIJ):    0.000ns
    Discrete Jitter          (DJ):    0.000ns
    Phase Error              (PE):    0.000ns

    Location             Delay type                Incr(ns)  Path(ns)    Netlist Resource(s)
  -------------------------------------------------------------------    -------------------
    V2                                                0.000     0.000 f  decision (IN)
                         net (fo=0)                   0.000     0.000    decision
    V2                   IBUF (Prop_ibuf_I_O)         1.461     1.461 f  decision_IBUF_inst/O
                         net (fo=27, routed)          2.790     4.251    decision_IBUF
    SLICE_X63Y61         LUT3 (Prop_lut3_I0_O)        0.150     4.401 r  hr_ones[3]_i_3/O
                         net (fo=5, routed)           1.029     5.430    hr_ones[3]_i_3_n_0
    SLICE_X60Y61         LUT6 (Prop_lut6_I1_O)        0.326     5.756 r  hr_ones[3]_i_1/O
                         net (fo=5, routed)           0.493     6.249    hr_ones[0]
    SLICE_X63Y62         FDCE                                         r  hr_ones_reg[0]/CE
  -------------------------------------------------------------------    -------------------

                         (clock sys_clk rise edge)    0.000     0.000 r  
    F14                                               0.000     0.000 r  clk (IN)
                         net (fo=0)                   0.000     0.000    clk
    F14                  IBUF (Prop_ibuf_I_O)         1.388     1.388 r  clk_IBUF_inst/O
                         net (fo=1, routed)           1.868     3.256    clk_IBUF
    BUFGCTRL_X0Y16       BUFG (Prop_bufg_I_O)         0.091     3.347 r  clk_IBUF_BUFG_inst/O
                         net (fo=88, routed)          1.502     4.849    clk_IBUF_BUFG
    SLICE_X63Y62         FDCE                                         r  hr_ones_reg[0]/C

Slack:                    inf
  Source:                 decision
                            (input port)
  Destination:            hr_ones_reg[1]/D
                            (rising edge-triggered cell FDCE clocked by sys_clk  {rise@0.000ns fall@5.000ns period=10.000ns})
  Path Group:             (none)
  Path Type:              Setup (Max at Slow Process Corner)
  Data Path Delay:        5.865ns  (logic 1.963ns (33.462%)  route 3.903ns (66.538%))
  Logic Levels:           3  (IBUF=1 LUT3=1 LUT5=1)
  Clock Path Skew:        4.848ns (DCD - SCD + CPR)
    Destination Clock Delay (DCD):    4.848ns
    Source Clock Delay      (SCD):    0.000ns
    Clock Pessimism Removal (CPR):    0.000ns
  Clock Uncertainty:      0.025ns  ((TSJ^2 + TIJ^2)^1/2 + DJ) / 2 + PE
    Total System Jitter     (TSJ):    0.050ns
    Total Input Jitter      (TIJ):    0.000ns
    Discrete Jitter          (DJ):    0.000ns
    Phase Error              (PE):    0.000ns

    Location             Delay type                Incr(ns)  Path(ns)    Netlist Resource(s)
  -------------------------------------------------------------------    -------------------
    V2                                                0.000     0.000 r  decision (IN)
                         net (fo=0)                   0.000     0.000    decision
    V2                   IBUF (Prop_ibuf_I_O)         1.461     1.461 r  decision_IBUF_inst/O
                         net (fo=27, routed)          2.790     4.251    decision_IBUF
    SLICE_X63Y61         LUT3 (Prop_lut3_I0_O)        0.150     4.401 f  hr_ones[3]_i_3/O
                         net (fo=5, routed)           0.777     5.177    hr_ones[3]_i_3_n_0
    SLICE_X60Y62         LUT5 (Prop_lut5_I1_O)        0.352     5.529 r  hr_ones[1]_i_1/O
                         net (fo=1, routed)           0.336     5.865    hr_ones[1]_i_1_n_0
    SLICE_X60Y62         FDCE                                         r  hr_ones_reg[1]/D
  -------------------------------------------------------------------    -------------------

                         (clock sys_clk rise edge)    0.000     0.000 r  
    F14                                               0.000     0.000 r  clk (IN)
                         net (fo=0)                   0.000     0.000    clk
    F14                  IBUF (Prop_ibuf_I_O)         1.388     1.388 r  clk_IBUF_inst/O
                         net (fo=1, routed)           1.868     3.256    clk_IBUF
    BUFGCTRL_X0Y16       BUFG (Prop_bufg_I_O)         0.091     3.347 r  clk_IBUF_BUFG_inst/O
                         net (fo=88, routed)          1.501     4.848    clk_IBUF_BUFG
    SLICE_X60Y62         FDCE                                         r  hr_ones_reg[1]/C

Slack:                    inf
  Source:                 decision
                            (input port)
  Destination:            min_tens_reg[1]/D
                            (rising edge-triggered cell FDCE clocked by sys_clk  {rise@0.000ns fall@5.000ns period=10.000ns})
  Path Group:             (none)
  Path Type:              Setup (Max at Slow Process Corner)
  Data Path Delay:        5.806ns  (logic 1.989ns (34.254%)  route 3.817ns (65.746%))
  Logic Levels:           3  (IBUF=1 LUT3=1 LUT5=1)
  Clock Path Skew:        4.849ns (DCD - SCD + CPR)
    Destination Clock Delay (DCD):    4.849ns
    Source Clock Delay      (SCD):    0.000ns
    Clock Pessimism Removal (CPR):    0.000ns
  Clock Uncertainty:      0.025ns  ((TSJ^2 + TIJ^2)^1/2 + DJ) / 2 + PE
    Total System Jitter     (TSJ):    0.050ns
    Total Input Jitter      (TIJ):    0.000ns
    Discrete Jitter          (DJ):    0.000ns
    Phase Error              (PE):    0.000ns

    Location             Delay type                Incr(ns)  Path(ns)    Netlist Resource(s)
  -------------------------------------------------------------------    -------------------
    V2                                                0.000     0.000 r  decision (IN)
                         net (fo=0)                   0.000     0.000    decision
    V2                   IBUF (Prop_ibuf_I_O)         1.461     1.461 r  decision_IBUF_inst/O
                         net (fo=27, routed)          2.677     4.138    decision_IBUF
    SLICE_X64Y59         LUT3 (Prop_lut3_I0_O)        0.152     4.290 f  min_ones[3]_i_4/O
                         net (fo=4, routed)           1.140     5.430    min_ones[3]_i_4_n_0
    SLICE_X58Y61         LUT5 (Prop_lut5_I3_O)        0.376     5.806 r  min_tens[1]_i_1/O
                         net (fo=1, routed)           0.000     5.806    min_tens[1]_i_1_n_0
    SLICE_X58Y61         FDCE                                         r  min_tens_reg[1]/D
  -------------------------------------------------------------------    -------------------

                         (clock sys_clk rise edge)    0.000     0.000 r  
    F14                                               0.000     0.000 r  clk (IN)
                         net (fo=0)                   0.000     0.000    clk
    F14                  IBUF (Prop_ibuf_I_O)         1.388     1.388 r  clk_IBUF_inst/O
                         net (fo=1, routed)           1.868     3.256    clk_IBUF
    BUFGCTRL_X0Y16       BUFG (Prop_bufg_I_O)         0.091     3.347 r  clk_IBUF_BUFG_inst/O
                         net (fo=88, routed)          1.502     4.849    clk_IBUF_BUFG
    SLICE_X58Y61         FDCE                                         r  min_tens_reg[1]/C





Min Delay Paths
--------------------------------------------------------------------------------------
Slack:                    inf
  Source:                 rst
                            (input port)
  Destination:            clock_count_reg[16]/CLR
                            (removal check against rising-edge clock sys_clk  {rise@0.000ns fall@5.000ns period=10.000ns})
  Path Group:             (none)
  Path Type:              Removal (Min at Fast Process Corner)
  Data Path Delay:        0.609ns  (logic 0.230ns (37.687%)  route 0.380ns (62.313%))
  Logic Levels:           1  (IBUF=1)
  Clock Path Skew:        1.993ns (DCD - SCD - CPR)
    Destination Clock Delay (DCD):    1.993ns
    Source Clock Delay      (SCD):    0.000ns
    Clock Pessimism Removal (CPR):    -0.000ns

    Location             Delay type                Incr(ns)  Path(ns)    Netlist Resource(s)
  -------------------------------------------------------------------    -------------------
    J1                                                0.000     0.000 f  rst (IN)
                         net (fo=0)                   0.000     0.000    rst
    J1                   IBUF (Prop_ibuf_I_O)         0.230     0.230 f  rst_IBUF_inst/O
                         net (fo=88, routed)          0.380     0.609    rst_IBUF
    SLICE_X63Y53         FDCE                                         f  clock_count_reg[16]/CLR
  -------------------------------------------------------------------    -------------------

                         (clock sys_clk rise edge)    0.000     0.000 r  
    F14                                               0.000     0.000 r  clk (IN)
                         net (fo=0)                   0.000     0.000    clk
    F14                  IBUF (Prop_ibuf_I_O)         0.414     0.414 r  clk_IBUF_inst/O
                         net (fo=1, routed)           0.689     1.103    clk_IBUF
    BUFGCTRL_X0Y16       BUFG (Prop_bufg_I_O)         0.029     1.132 r  clk_IBUF_BUFG_inst/O
                         net (fo=88, routed)          0.861     1.993    clk_IBUF_BUFG
    SLICE_X63Y53         FDCE                                         r  clock_count_reg[16]/C

Slack:                    inf
  Source:                 rst
                            (input port)
  Destination:            clock_count_reg[10]/CLR
                            (removal check against rising-edge clock sys_clk  {rise@0.000ns fall@5.000ns period=10.000ns})
  Path Group:             (none)
  Path Type:              Removal (Min at Fast Process Corner)
  Data Path Delay:        0.663ns  (logic 0.230ns (34.596%)  route 0.434ns (65.404%))
  Logic Levels:           1  (IBUF=1)
  Clock Path Skew:        1.994ns (DCD - SCD - CPR)
    Destination Clock Delay (DCD):    1.994ns
    Source Clock Delay      (SCD):    0.000ns
    Clock Pessimism Removal (CPR):    -0.000ns

    Location             Delay type                Incr(ns)  Path(ns)    Netlist Resource(s)
  -------------------------------------------------------------------    -------------------
    J1                                                0.000     0.000 f  rst (IN)
                         net (fo=0)                   0.000     0.000    rst
    J1                   IBUF (Prop_ibuf_I_O)         0.230     0.230 f  rst_IBUF_inst/O
                         net (fo=88, routed)          0.434     0.663    rst_IBUF
    SLICE_X63Y52         FDCE                                         f  clock_count_reg[10]/CLR
  -------------------------------------------------------------------    -------------------

                         (clock sys_clk rise edge)    0.000     0.000 r  
    F14                                               0.000     0.000 r  clk (IN)
                         net (fo=0)                   0.000     0.000    clk
    F14                  IBUF (Prop_ibuf_I_O)         0.414     0.414 r  clk_IBUF_inst/O
                         net (fo=1, routed)           0.689     1.103    clk_IBUF
    BUFGCTRL_X0Y16       BUFG (Prop_bufg_I_O)         0.029     1.132 r  clk_IBUF_BUFG_inst/O
                         net (fo=88, routed)          0.863     1.994    clk_IBUF_BUFG
    SLICE_X63Y52         FDCE                                         r  clock_count_reg[10]/C

Slack:                    inf
  Source:                 rst
                            (input port)
  Destination:            clock_count_reg[5]/CLR
                            (removal check against rising-edge clock sys_clk  {rise@0.000ns fall@5.000ns period=10.000ns})
  Path Group:             (none)
  Path Type:              Removal (Min at Fast Process Corner)
  Data Path Delay:        0.677ns  (logic 0.230ns (33.908%)  route 0.447ns (66.092%))
  Logic Levels:           1  (IBUF=1)
  Clock Path Skew:        1.994ns (DCD - SCD - CPR)
    Destination Clock Delay (DCD):    1.994ns
    Source Clock Delay      (SCD):    0.000ns
    Clock Pessimism Removal (CPR):    -0.000ns

    Location             Delay type                Incr(ns)  Path(ns)    Netlist Resource(s)
  -------------------------------------------------------------------    -------------------
    J1                                                0.000     0.000 f  rst (IN)
                         net (fo=0)                   0.000     0.000    rst
    J1                   IBUF (Prop_ibuf_I_O)         0.230     0.230 f  rst_IBUF_inst/O
                         net (fo=88, routed)          0.447     0.677    rst_IBUF
    SLICE_X65Y51         FDCE                                         f  clock_count_reg[5]/CLR
  -------------------------------------------------------------------    -------------------

                         (clock sys_clk rise edge)    0.000     0.000 r  
    F14                                               0.000     0.000 r  clk (IN)
                         net (fo=0)                   0.000     0.000    clk
    F14                  IBUF (Prop_ibuf_I_O)         0.414     0.414 r  clk_IBUF_inst/O
                         net (fo=1, routed)           0.689     1.103    clk_IBUF
    BUFGCTRL_X0Y16       BUFG (Prop_bufg_I_O)         0.029     1.132 r  clk_IBUF_BUFG_inst/O
                         net (fo=88, routed)          0.863     1.994    clk_IBUF_BUFG
    SLICE_X65Y51         FDCE                                         r  clock_count_reg[5]/C

Slack:                    inf
  Source:                 rst
                            (input port)
  Destination:            clock_count_reg[6]/CLR
                            (removal check against rising-edge clock sys_clk  {rise@0.000ns fall@5.000ns period=10.000ns})
  Path Group:             (none)
  Path Type:              Removal (Min at Fast Process Corner)
  Data Path Delay:        0.677ns  (logic 0.230ns (33.908%)  route 0.447ns (66.092%))
  Logic Levels:           1  (IBUF=1)
  Clock Path Skew:        1.994ns (DCD - SCD - CPR)
    Destination Clock Delay (DCD):    1.994ns
    Source Clock Delay      (SCD):    0.000ns
    Clock Pessimism Removal (CPR):    -0.000ns

    Location             Delay type                Incr(ns)  Path(ns)    Netlist Resource(s)
  -------------------------------------------------------------------    -------------------
    J1                                                0.000     0.000 f  rst (IN)
                         net (fo=0)                   0.000     0.000    rst
    J1                   IBUF (Prop_ibuf_I_O)         0.230     0.230 f  rst_IBUF_inst/O
                         net (fo=88, routed)          0.447     0.677    rst_IBUF
    SLICE_X65Y51         FDCE                                         f  clock_count_reg[6]/CLR
  -------------------------------------------------------------------    -------------------

                         (clock sys_clk rise edge)    0.000     0.000 r  
    F14                                               0.000     0.000 r  clk (IN)
                         net (fo=0)                   0.000     0.000    clk
    F14                  IBUF (Prop_ibuf_I_O)         0.414     0.414 r  clk_IBUF_inst/O
                         net (fo=1, routed)           0.689     1.103    clk_IBUF
    BUFGCTRL_X0Y16       BUFG (Prop_bufg_I_O)         0.029     1.132 r  clk_IBUF_BUFG_inst/O
                         net (fo=88, routed)          0.863     1.994    clk_IBUF_BUFG
    SLICE_X65Y51         FDCE                                         r  clock_count_reg[6]/C

Slack:                    inf
  Source:                 rst
                            (input port)
  Destination:            clock_count_reg[7]/CLR
                            (removal check against rising-edge clock sys_clk  {rise@0.000ns fall@5.000ns period=10.000ns})
  Path Group:             (none)
  Path Type:              Removal (Min at Fast Process Corner)
  Data Path Delay:        0.677ns  (logic 0.230ns (33.908%)  route 0.447ns (66.092%))
  Logic Levels:           1  (IBUF=1)
  Clock Path Skew:        1.994ns (DCD - SCD - CPR)
    Destination Clock Delay (DCD):    1.994ns
    Source Clock Delay      (SCD):    0.000ns
    Clock Pessimism Removal (CPR):    -0.000ns

    Location             Delay type                Incr(ns)  Path(ns)    Netlist Resource(s)
  -------------------------------------------------------------------    -------------------
    J1                                                0.000     0.000 f  rst (IN)
                         net (fo=0)                   0.000     0.000    rst
    J1                   IBUF (Prop_ibuf_I_O)         0.230     0.230 f  rst_IBUF_inst/O
                         net (fo=88, routed)          0.447     0.677    rst_IBUF
    SLICE_X65Y51         FDCE                                         f  clock_count_reg[7]/CLR
  -------------------------------------------------------------------    -------------------

                         (clock sys_clk rise edge)    0.000     0.000 r  
    F14                                               0.000     0.000 r  clk (IN)
                         net (fo=0)                   0.000     0.000    clk
    F14                  IBUF (Prop_ibuf_I_O)         0.414     0.414 r  clk_IBUF_inst/O
                         net (fo=1, routed)           0.689     1.103    clk_IBUF
    BUFGCTRL_X0Y16       BUFG (Prop_bufg_I_O)         0.029     1.132 r  clk_IBUF_BUFG_inst/O
                         net (fo=88, routed)          0.863     1.994    clk_IBUF_BUFG
    SLICE_X65Y51         FDCE                                         r  clock_count_reg[7]/C

Slack:                    inf
  Source:                 rst
                            (input port)
  Destination:            clock_count_reg[20]/CLR
                            (removal check against rising-edge clock sys_clk  {rise@0.000ns fall@5.000ns period=10.000ns})
  Path Group:             (none)
  Path Type:              Removal (Min at Fast Process Corner)
  Data Path Delay:        0.688ns  (logic 0.230ns (33.362%)  route 0.459ns (66.638%))
  Logic Levels:           1  (IBUF=1)
  Clock Path Skew:        1.993ns (DCD - SCD - CPR)
    Destination Clock Delay (DCD):    1.993ns
    Source Clock Delay      (SCD):    0.000ns
    Clock Pessimism Removal (CPR):    -0.000ns

    Location             Delay type                Incr(ns)  Path(ns)    Netlist Resource(s)
  -------------------------------------------------------------------    -------------------
    J1                                                0.000     0.000 f  rst (IN)
                         net (fo=0)                   0.000     0.000    rst
    J1                   IBUF (Prop_ibuf_I_O)         0.230     0.230 f  rst_IBUF_inst/O
                         net (fo=88, routed)          0.459     0.688    rst_IBUF
    SLICE_X65Y55         FDCE                                         f  clock_count_reg[20]/CLR
  -------------------------------------------------------------------    -------------------

                         (clock sys_clk rise edge)    0.000     0.000 r  
    F14                                               0.000     0.000 r  clk (IN)
                         net (fo=0)                   0.000     0.000    clk
    F14                  IBUF (Prop_ibuf_I_O)         0.414     0.414 r  clk_IBUF_inst/O
                         net (fo=1, routed)           0.689     1.103    clk_IBUF
    BUFGCTRL_X0Y16       BUFG (Prop_bufg_I_O)         0.029     1.132 r  clk_IBUF_BUFG_inst/O
                         net (fo=88, routed)          0.861     1.993    clk_IBUF_BUFG
    SLICE_X65Y55         FDCE                                         r  clock_count_reg[20]/C

Slack:                    inf
  Source:                 rst
                            (input port)
  Destination:            clock_count_reg[23]/CLR
                            (removal check against rising-edge clock sys_clk  {rise@0.000ns fall@5.000ns period=10.000ns})
  Path Group:             (none)
  Path Type:              Removal (Min at Fast Process Corner)
  Data Path Delay:        0.688ns  (logic 0.230ns (33.362%)  route 0.459ns (66.638%))
  Logic Levels:           1  (IBUF=1)
  Clock Path Skew:        1.993ns (DCD - SCD - CPR)
    Destination Clock Delay (DCD):    1.993ns
    Source Clock Delay      (SCD):    0.000ns
    Clock Pessimism Removal (CPR):    -0.000ns

    Location             Delay type                Incr(ns)  Path(ns)    Netlist Resource(s)
  -------------------------------------------------------------------    -------------------
    J1                                                0.000     0.000 f  rst (IN)
                         net (fo=0)                   0.000     0.000    rst
    J1                   IBUF (Prop_ibuf_I_O)         0.230     0.230 f  rst_IBUF_inst/O
                         net (fo=88, routed)          0.459     0.688    rst_IBUF
    SLICE_X65Y55         FDCE                                         f  clock_count_reg[23]/CLR
  -------------------------------------------------------------------    -------------------

                         (clock sys_clk rise edge)    0.000     0.000 r  
    F14                                               0.000     0.000 r  clk (IN)
                         net (fo=0)                   0.000     0.000    clk
    F14                  IBUF (Prop_ibuf_I_O)         0.414     0.414 r  clk_IBUF_inst/O
                         net (fo=1, routed)           0.689     1.103    clk_IBUF
    BUFGCTRL_X0Y16       BUFG (Prop_bufg_I_O)         0.029     1.132 r  clk_IBUF_BUFG_inst/O
                         net (fo=88, routed)          0.861     1.993    clk_IBUF_BUFG
    SLICE_X65Y55         FDCE                                         r  clock_count_reg[23]/C

Slack:                    inf
  Source:                 rst
                            (input port)
  Destination:            clock_count_reg[24]/CLR
                            (removal check against rising-edge clock sys_clk  {rise@0.000ns fall@5.000ns period=10.000ns})
  Path Group:             (none)
  Path Type:              Removal (Min at Fast Process Corner)
  Data Path Delay:        0.688ns  (logic 0.230ns (33.362%)  route 0.459ns (66.638%))
  Logic Levels:           1  (IBUF=1)
  Clock Path Skew:        1.993ns (DCD - SCD - CPR)
    Destination Clock Delay (DCD):    1.993ns
    Source Clock Delay      (SCD):    0.000ns
    Clock Pessimism Removal (CPR):    -0.000ns

    Location             Delay type                Incr(ns)  Path(ns)    Netlist Resource(s)
  -------------------------------------------------------------------    -------------------
    J1                                                0.000     0.000 f  rst (IN)
                         net (fo=0)                   0.000     0.000    rst
    J1                   IBUF (Prop_ibuf_I_O)         0.230     0.230 f  rst_IBUF_inst/O
                         net (fo=88, routed)          0.459     0.688    rst_IBUF
    SLICE_X65Y55         FDCE                                         f  clock_count_reg[24]/CLR
  -------------------------------------------------------------------    -------------------

                         (clock sys_clk rise edge)    0.000     0.000 r  
    F14                                               0.000     0.000 r  clk (IN)
                         net (fo=0)                   0.000     0.000    clk
    F14                  IBUF (Prop_ibuf_I_O)         0.414     0.414 r  clk_IBUF_inst/O
                         net (fo=1, routed)           0.689     1.103    clk_IBUF
    BUFGCTRL_X0Y16       BUFG (Prop_bufg_I_O)         0.029     1.132 r  clk_IBUF_BUFG_inst/O
                         net (fo=88, routed)          0.861     1.993    clk_IBUF_BUFG
    SLICE_X65Y55         FDCE                                         r  clock_count_reg[24]/C

Slack:                    inf
  Source:                 rst
                            (input port)
  Destination:            clock_count_reg[2]/CLR
                            (removal check against rising-edge clock sys_clk  {rise@0.000ns fall@5.000ns period=10.000ns})
  Path Group:             (none)
  Path Type:              Removal (Min at Fast Process Corner)
  Data Path Delay:        0.741ns  (logic 0.230ns (30.990%)  route 0.511ns (69.010%))
  Logic Levels:           1  (IBUF=1)
  Clock Path Skew:        1.994ns (DCD - SCD - CPR)
    Destination Clock Delay (DCD):    1.994ns
    Source Clock Delay      (SCD):    0.000ns
    Clock Pessimism Removal (CPR):    -0.000ns

    Location             Delay type                Incr(ns)  Path(ns)    Netlist Resource(s)
  -------------------------------------------------------------------    -------------------
    J1                                                0.000     0.000 f  rst (IN)
                         net (fo=0)                   0.000     0.000    rst
    J1                   IBUF (Prop_ibuf_I_O)         0.230     0.230 f  rst_IBUF_inst/O
                         net (fo=88, routed)          0.511     0.741    rst_IBUF
    SLICE_X65Y50         FDCE                                         f  clock_count_reg[2]/CLR
  -------------------------------------------------------------------    -------------------

                         (clock sys_clk rise edge)    0.000     0.000 r  
    F14                                               0.000     0.000 r  clk (IN)
                         net (fo=0)                   0.000     0.000    clk
    F14                  IBUF (Prop_ibuf_I_O)         0.414     0.414 r  clk_IBUF_inst/O
                         net (fo=1, routed)           0.689     1.103    clk_IBUF
    BUFGCTRL_X0Y16       BUFG (Prop_bufg_I_O)         0.029     1.132 r  clk_IBUF_BUFG_inst/O
                         net (fo=88, routed)          0.863     1.994    clk_IBUF_BUFG
    SLICE_X65Y50         FDCE                                         r  clock_count_reg[2]/C

Slack:                    inf
  Source:                 rst
                            (input port)
  Destination:            clock_count_reg[3]/CLR
                            (removal check against rising-edge clock sys_clk  {rise@0.000ns fall@5.000ns period=10.000ns})
  Path Group:             (none)
  Path Type:              Removal (Min at Fast Process Corner)
  Data Path Delay:        0.741ns  (logic 0.230ns (30.990%)  route 0.511ns (69.010%))
  Logic Levels:           1  (IBUF=1)
  Clock Path Skew:        1.994ns (DCD - SCD - CPR)
    Destination Clock Delay (DCD):    1.994ns
    Source Clock Delay      (SCD):    0.000ns
    Clock Pessimism Removal (CPR):    -0.000ns

    Location             Delay type                Incr(ns)  Path(ns)    Netlist Resource(s)
  -------------------------------------------------------------------    -------------------
    J1                                                0.000     0.000 f  rst (IN)
                         net (fo=0)                   0.000     0.000    rst
    J1                   IBUF (Prop_ibuf_I_O)         0.230     0.230 f  rst_IBUF_inst/O
                         net (fo=88, routed)          0.511     0.741    rst_IBUF
    SLICE_X65Y50         FDCE                                         f  clock_count_reg[3]/CLR
  -------------------------------------------------------------------    -------------------

                         (clock sys_clk rise edge)    0.000     0.000 r  
    F14                                               0.000     0.000 r  clk (IN)
                         net (fo=0)                   0.000     0.000    clk
    F14                  IBUF (Prop_ibuf_I_O)         0.414     0.414 r  clk_IBUF_inst/O
                         net (fo=1, routed)           0.689     1.103    clk_IBUF
    BUFGCTRL_X0Y16       BUFG (Prop_bufg_I_O)         0.029     1.132 r  clk_IBUF_BUFG_inst/O
                         net (fo=88, routed)          0.863     1.994    clk_IBUF_BUFG
    SLICE_X65Y50         FDCE                                         r  clock_count_reg[3]/C





